2026-05-16 14:53:17.460 | INFO     | app.main:lifespan:34 - 🚀 VeriBuy Backend starting...
2026-05-16 14:53:17.719 | INFO     | app.main:lifespan:39 - ✅ Ollama is running
2026-05-16 14:55:22.393 | INFO     | app.main:lifespan:34 - 🚀 VeriBuy Backend starting...
2026-05-16 14:55:22.650 | INFO     | app.main:lifespan:39 - ✅ Ollama is running
2026-05-16 15:17:30.020 | INFO     | app.main:lifespan:34 - 🚀 VeriBuy Backend starting...
2026-05-16 15:17:30.304 | INFO     | app.main:lifespan:39 - ✅ Ollama is running
2026-05-16 15:18:13.538 | ERROR    | app.services.llm_service:call_ollama:71 - Ollama error: Client error '404 Not Found' for url 'http://localhost:11434/api/chat'
For more information check: https://developer.mozilla.org/en-US/docs/Web/HTTP/Status/404 (attempt 1)
2026-05-16 15:18:14.419 | ERROR    | app.services.llm_service:call_ollama:71 - Ollama error: Client error '404 Not Found' for url 'http://localhost:11434/api/chat'
For more information check: https://developer.mozilla.org/en-US/docs/Web/HTTP/Status/404 (attempt 2)
2026-05-16 15:18:15.273 | ERROR    | app.services.llm_service:call_ollama:71 - Ollama error: Client error '404 Not Found' for url 'http://localhost:11434/api/chat'
For more information check: https://developer.mozilla.org/en-US/docs/Web/HTTP/Status/404 (attempt 3)
2026-05-16 15:18:15.278 | INFO     | app.agents.intent_agent:run_intent_agent:64 - Intent extracted: category=phone, complete=True, confidence=0.7
2026-05-16 15:18:15.280 | INFO     | app.agents.market_agent:run_market_agent:62 - Market agent searching: 'phone for general use under 100000 INR'
2026-05-16 15:18:15.282 | INFO     | app.services.search_service:search_products:65 - Using DuckDuckGo search fallback for: phone for general use under 100000 INR
2026-05-16 15:18:18.783 | ERROR    | app.services.llm_service:call_ollama:71 - Ollama error: Client error '404 Not Found' for url 'http://localhost:11434/api/chat'
For more information check: https://developer.mozilla.org/en-US/docs/Web/HTTP/Status/404 (attempt 1)
2026-05-16 15:18:19.578 | ERROR    | app.services.llm_service:call_ollama:71 - Ollama error: Client error '404 Not Found' for url 'http://localhost:11434/api/chat'
For more information check: https://developer.mozilla.org/en-US/docs/Web/HTTP/Status/404 (attempt 2)
2026-05-16 15:18:20.383 | ERROR    | app.services.llm_service:call_ollama:71 - Ollama error: Client error '404 Not Found' for url 'http://localhost:11434/api/chat'
For more information check: https://developer.mozilla.org/en-US/docs/Web/HTTP/Status/404 (attempt 3)
2026-05-16 15:18:20.384 | ERROR    | app.agents.market_agent:run_market_agent:138 - Market agent analysis error: 'str' object has no attribute 'get'
2026-05-16 15:18:20.385 | INFO     | app.agents.youtube_agent:run_youtube_agent:67 - YouTube agent searching: 'Top Phone - Premium Model A review 2025'
2026-05-16 15:18:20.386 | WARNING  | app.services.youtube_service:search_youtube_videos:15 - YouTube API key not configured. Returning empty results.
2026-05-16 15:18:20.386 | WARNING  | app.agents.youtube_agent:run_youtube_agent:73 - No YouTube videos found for: Top Phone - Premium Model A review 2025
2026-05-16 15:18:20.387 | INFO     | app.agents.youtube_agent:run_youtube_agent:67 - YouTube agent searching: 'Best Value Phone - Model B review 2025'
2026-05-16 15:18:20.388 | WARNING  | app.services.youtube_service:search_youtube_videos:15 - YouTube API key not configured. Returning empty results.
2026-05-16 15:18:20.390 | WARNING  | app.agents.youtube_agent:run_youtube_agent:73 - No YouTube videos found for: Best Value Phone - Model B review 2025
2026-05-16 15:18:20.391 | INFO     | app.agents.youtube_agent:run_youtube_agent:67 - YouTube agent searching: 'Budget Phone - Model C review 2025'
2026-05-16 15:18:20.392 | WARNING  | app.services.youtube_service:search_youtube_videos:15 - YouTube API key not configured. Returning empty results.
2026-05-16 15:18:20.395 | WARNING  | app.agents.youtube_agent:run_youtube_agent:73 - No YouTube videos found for: Budget Phone - Model C review 2025
2026-05-16 15:18:21.166 | ERROR    | app.services.llm_service:call_ollama:71 - Ollama error: Client error '404 Not Found' for url 'http://localhost:11434/api/chat'
For more information check: https://developer.mozilla.org/en-US/docs/Web/HTTP/Status/404 (attempt 1)
2026-05-16 15:18:22.034 | ERROR    | app.services.llm_service:call_ollama:71 - Ollama error: Client error '404 Not Found' for url 'http://localhost:11434/api/chat'
For more information check: https://developer.mozilla.org/en-US/docs/Web/HTTP/Status/404 (attempt 2)
2026-05-16 15:18:22.844 | ERROR    | app.services.llm_service:call_ollama:71 - Ollama error: Client error '404 Not Found' for url 'http://localhost:11434/api/chat'
For more information check: https://developer.mozilla.org/en-US/docs/Web/HTTP/Status/404 (attempt 3)
2026-05-16 15:18:22.846 | INFO     | app.agents.reddit_agent:run_reddit_agent:77 - Reddit agent targeting subreddits: ['gadgets', 'technology', 'BuyItForLife', 'IndianGaming']
2026-05-16 15:18:22.847 | WARNING  | app.services.reddit_service:search_reddit_posts:22 - Reddit API not configured. Returning empty results.
2026-05-16 15:18:22.848 | WARNING  | app.services.reddit_service:search_reddit_posts:22 - Reddit API not configured. Returning empty results.
2026-05-16 15:18:22.848 | WARNING  | app.services.reddit_service:search_reddit_posts:22 - Reddit API not configured. Returning empty results.
2026-05-16 15:18:22.849 | WARNING  | app.services.reddit_service:search_reddit_posts:22 - Reddit API not configured. Returning empty results.
2026-05-16 15:18:23.741 | ERROR    | app.services.llm_service:call_ollama:71 - Ollama error: Client error '404 Not Found' for url 'http://localhost:11434/api/chat'
For more information check: https://developer.mozilla.org/en-US/docs/Web/HTTP/Status/404 (attempt 1)
2026-05-16 15:18:24.526 | ERROR    | app.services.llm_service:call_ollama:71 - Ollama error: Client error '404 Not Found' for url 'http://localhost:11434/api/chat'
For more information check: https://developer.mozilla.org/en-US/docs/Web/HTTP/Status/404 (attempt 2)
2026-05-16 15:18:25.334 | ERROR    | app.services.llm_service:call_ollama:71 - Ollama error: Client error '404 Not Found' for url 'http://localhost:11434/api/chat'
For more information check: https://developer.mozilla.org/en-US/docs/Web/HTTP/Status/404 (attempt 3)
2026-05-16 15:23:43.177 | INFO     | app.main:lifespan:45 - 👋 VeriBuy Backend shutting down
2026-05-16 15:23:44.004 | INFO     | app.main:lifespan:34 - 🚀 VeriBuy Backend starting...
2026-05-16 15:23:44.247 | INFO     | app.main:lifespan:39 - ✅ Ollama is running
2026-05-16 15:25:46.507 | ERROR    | app.services.llm_service:call_ollama:71 - Ollama error: Client error '404 Not Found' for url 'http://localhost:11434/api/chat'
For more information check: https://developer.mozilla.org/en-US/docs/Web/HTTP/Status/404 (attempt 1)
2026-05-16 15:25:47.306 | ERROR    | app.services.llm_service:call_ollama:71 - Ollama error: Client error '404 Not Found' for url 'http://localhost:11434/api/chat'
For more information check: https://developer.mozilla.org/en-US/docs/Web/HTTP/Status/404 (attempt 2)
2026-05-16 15:25:48.096 | ERROR    | app.services.llm_service:call_ollama:71 - Ollama error: Client error '404 Not Found' for url 'http://localhost:11434/api/chat'
For more information check: https://developer.mozilla.org/en-US/docs/Web/HTTP/Status/404 (attempt 3)
2026-05-16 15:25:48.097 | INFO     | app.agents.intent_agent:run_intent_agent:64 - Intent extracted: category=phone, complete=True, confidence=0.7
2026-05-16 15:25:48.100 | INFO     | app.agents.market_agent:run_market_agent:62 - Market agent searching: 'phone for general use under 15000 INR'
2026-05-16 15:25:48.102 | INFO     | app.services.search_service:search_products:65 - Using DuckDuckGo search fallback for: phone for general use under 15000 INR
2026-05-16 15:25:51.800 | ERROR    | app.services.llm_service:call_ollama:71 - Ollama error: Client error '404 Not Found' for url 'http://localhost:11434/api/chat'
For more information check: https://developer.mozilla.org/en-US/docs/Web/HTTP/Status/404 (attempt 1)
2026-05-16 15:25:52.635 | ERROR    | app.services.llm_service:call_ollama:71 - Ollama error: Client error '404 Not Found' for url 'http://localhost:11434/api/chat'
For more information check: https://developer.mozilla.org/en-US/docs/Web/HTTP/Status/404 (attempt 2)
2026-05-16 15:25:53.395 | ERROR    | app.services.llm_service:call_ollama:71 - Ollama error: Client error '404 Not Found' for url 'http://localhost:11434/api/chat'
For more information check: https://developer.mozilla.org/en-US/docs/Web/HTTP/Status/404 (attempt 3)
2026-05-16 15:25:53.396 | ERROR    | app.agents.market_agent:run_market_agent:138 - Market agent analysis error: Running in demo mode: Ollama unavailable and no smart fallback matched.
2026-05-16 15:25:53.398 | INFO     | app.agents.youtube_agent:run_youtube_agent:67 - YouTube agent searching: 'Top Phone - Premium Model A review 2025'
2026-05-16 15:25:53.399 | WARNING  | app.services.youtube_service:search_youtube_videos:15 - YouTube API key not configured. Returning empty results.
2026-05-16 15:25:53.399 | WARNING  | app.agents.youtube_agent:run_youtube_agent:73 - No YouTube videos found for: Top Phone - Premium Model A review 2025
2026-05-16 15:25:53.400 | INFO     | app.agents.youtube_agent:run_youtube_agent:67 - YouTube agent searching: 'Best Value Phone - Model B review 2025'
2026-05-16 15:25:53.400 | WARNING  | app.services.youtube_service:search_youtube_videos:15 - YouTube API key not configured. Returning empty results.
2026-05-16 15:25:53.401 | WARNING  | app.agents.youtube_agent:run_youtube_agent:73 - No YouTube videos found for: Best Value Phone - Model B review 2025
2026-05-16 15:25:53.401 | INFO     | app.agents.youtube_agent:run_youtube_agent:67 - YouTube agent searching: 'Budget Phone - Model C review 2025'
2026-05-16 15:25:53.402 | WARNING  | app.services.youtube_service:search_youtube_videos:15 - YouTube API key not configured. Returning empty results.
2026-05-16 15:25:53.403 | WARNING  | app.agents.youtube_agent:run_youtube_agent:73 - No YouTube videos found for: Budget Phone - Model C review 2025
2026-05-16 15:25:54.205 | ERROR    | app.services.llm_service:call_ollama:71 - Ollama error: Client error '404 Not Found' for url 'http://localhost:11434/api/chat'
For more information check: https://developer.mozilla.org/en-US/docs/Web/HTTP/Status/404 (attempt 1)
2026-05-16 15:25:54.982 | ERROR    | app.services.llm_service:call_ollama:71 - Ollama error: Client error '404 Not Found' for url 'http://localhost:11434/api/chat'
For more information check: https://developer.mozilla.org/en-US/docs/Web/HTTP/Status/404 (attempt 2)
2026-05-16 15:25:55.763 | ERROR    | app.services.llm_service:call_ollama:71 - Ollama error: Client error '404 Not Found' for url 'http://localhost:11434/api/chat'
For more information check: https://developer.mozilla.org/en-US/docs/Web/HTTP/Status/404 (attempt 3)
2026-05-16 15:25:55.766 | INFO     | app.agents.reddit_agent:run_reddit_agent:77 - Reddit agent targeting subreddits: ['gadgets', 'technology', 'BuyItForLife', 'IndianGaming']
2026-05-16 15:25:55.767 | WARNING  | app.services.reddit_service:search_reddit_posts:22 - Reddit API not configured. Returning empty results.
2026-05-16 15:25:55.768 | WARNING  | app.services.reddit_service:search_reddit_posts:22 - Reddit API not configured. Returning empty results.
2026-05-16 15:25:55.768 | WARNING  | app.services.reddit_service:search_reddit_posts:22 - Reddit API not configured. Returning empty results.
2026-05-16 15:25:55.769 | WARNING  | app.services.reddit_service:search_reddit_posts:22 - Reddit API not configured. Returning empty results.
2026-05-16 15:25:56.518 | ERROR    | app.services.llm_service:call_ollama:71 - Ollama error: Client error '404 Not Found' for url 'http://localhost:11434/api/chat'
For more information check: https://developer.mozilla.org/en-US/docs/Web/HTTP/Status/404 (attempt 1)
2026-05-16 15:25:57.344 | ERROR    | app.services.llm_service:call_ollama:71 - Ollama error: Client error '404 Not Found' for url 'http://localhost:11434/api/chat'
For more information check: https://developer.mozilla.org/en-US/docs/Web/HTTP/Status/404 (attempt 2)
2026-05-16 15:25:58.099 | ERROR    | app.services.llm_service:call_ollama:71 - Ollama error: Client error '404 Not Found' for url 'http://localhost:11434/api/chat'
For more information check: https://developer.mozilla.org/en-US/docs/Web/HTTP/Status/404 (attempt 3)
2026-05-16 15:39:00.438 | INFO     | app.main:lifespan:45 - 👋 VeriBuy Backend shutting down
2026-05-16 15:39:02.237 | INFO     | app.main:lifespan:34 - 🚀 VeriBuy Backend starting...
2026-05-16 15:39:02.919 | INFO     | app.main:lifespan:39 - ✅ Ollama is running
2026-05-16 15:39:31.982 | INFO     | app.main:lifespan:45 - 👋 VeriBuy Backend shutting down
2026-05-16 15:39:33.917 | INFO     | app.main:lifespan:34 - 🚀 VeriBuy Backend starting...
2026-05-16 15:39:34.547 | INFO     | app.main:lifespan:39 - ✅ Ollama is running
2026-05-16 15:50:30.291 | DEBUG    | app.services.llm_service:call_ollama:56 - Ollama [phi3] response length: 594 chars
2026-05-16 15:50:30.304 | ERROR    | app.agents.intent_agent:run_intent_agent:85 - Intent agent error: 1 validation error for IntentOutput
urgency
  Input should be 'immediate', 'can_wait' or 'flexible' [type=enum, input_value='', input_type=str]
    For further information visit https://errors.pydantic.dev/2.13/v/enum
2026-05-16 15:52:11.318 | DEBUG    | app.services.llm_service:call_ollama:56 - Ollama [phi3] response length: 588 chars
2026-05-16 15:52:11.320 | ERROR    | app.agents.intent_agent:run_intent_agent:85 - Intent agent error: 1 validation error for IntentOutput
urgency
  Input should be 'immediate', 'can_wait' or 'flexible' [type=enum, input_value='', input_type=str]
    For further information visit https://errors.pydantic.dev/2.13/v/enum
2026-05-16 15:52:37.321 | INFO     | app.main:lifespan:45 - 👋 VeriBuy Backend shutting down
2026-05-16 15:52:38.764 | INFO     | app.main:lifespan:34 - 🚀 VeriBuy Backend starting...
2026-05-16 15:52:39.091 | INFO     | app.main:lifespan:39 - ✅ Ollama is running
2026-05-16 15:53:55.795 | INFO     | app.main:lifespan:45 - 👋 VeriBuy Backend shutting down
2026-05-16 15:53:56.653 | INFO     | app.main:lifespan:34 - 🚀 VeriBuy Backend starting...
2026-05-16 15:53:56.924 | INFO     | app.main:lifespan:39 - ✅ Ollama is running
2026-05-16 15:54:27.427 | INFO     | app.main:health_check:72 - homepage open with llama connected
2026-05-16 15:54:27.443 | INFO     | app.main:health_check:72 - homepage open with llama connected
2026-05-16 15:55:02.381 | INFO     | app.main:health_check:72 - homepage open with llama connected
2026-05-16 15:55:03.109 | INFO     | app.main:chat:90 - User queried: Noise-cancelling headphones under ₹15,000
2026-05-16 15:55:03.117 | INFO     | app.main:event_stream:119 - Agent Activity - Agent: intent, Event: agent_start, Message: Understanding your requirements...
2026-05-16 15:57:04.719 | WARNING  | app.services.llm_service:call_ollama:66 - Ollama timeout (attempt 1/3)
2026-05-16 15:59:05.929 | WARNING  | app.services.llm_service:call_ollama:66 - Ollama timeout (attempt 2/3)
2026-05-16 16:01:06.772 | WARNING  | app.services.llm_service:call_ollama:66 - Ollama timeout (attempt 3/3)
2026-05-16 16:01:06.793 | INFO     | app.agents.intent_agent:run_intent_agent:64 - Intent extracted: category=phone, complete=True, confidence=0.7
2026-05-16 16:01:06.812 | INFO     | app.main:event_stream:119 - Agent Activity - Agent: intent, Event: agent_complete, Message: Identified: phone for general use
2026-05-16 16:01:06.814 | INFO     | app.main:event_stream:119 - Agent Activity - Agent: market, Event: agent_start, Message: Searching products across platforms...
2026-05-16 16:01:06.817 | INFO     | app.agents.market_agent:run_market_agent:62 - Market agent searching: 'phone for general use under 15000 INR'
2026-05-16 16:01:06.818 | INFO     | app.services.search_service:search_products:65 - Using DuckDuckGo search fallback for: phone for general use under 15000 INR
2026-05-16 16:02:08.803 | INFO     | app.main:health_check:72 - homepage open with llama connected
2026-05-16 17:05:25.687 | INFO     | app.main:lifespan:45 - 👋 VeriBuy Backend shutting down
2026-05-16 17:05:30.964 | INFO     | app.main:lifespan:34 - 🚀 VeriBuy Backend starting...
2026-05-16 17:05:33.627 | INFO     | app.main:lifespan:39 - ✅ Ollama is running
2026-05-16 17:05:37.324 | INFO     | app.main:lifespan:45 - 👋 VeriBuy Backend shutting down
2026-05-16 17:05:41.625 | INFO     | app.main:lifespan:34 - 🚀 VeriBuy Backend starting...
2026-05-16 17:05:43.272 | INFO     | app.main:lifespan:39 - ✅ Ollama is running
2026-05-16 17:05:43.592 | INFO     | app.main:lifespan:45 - 👋 VeriBuy Backend shutting down
2026-05-16 17:05:47.904 | INFO     | app.main:lifespan:34 - 🚀 VeriBuy Backend starting...
2026-05-16 17:05:49.395 | INFO     | app.main:lifespan:39 - ✅ Ollama is running
2026-05-16 17:05:53.883 | INFO     | app.main:lifespan:45 - 👋 VeriBuy Backend shutting down
2026-05-16 17:05:58.689 | INFO     | app.main:lifespan:34 - 🚀 VeriBuy Backend starting...
2026-05-16 17:06:00.739 | INFO     | app.main:lifespan:39 - ✅ Ollama is running
2026-05-16 17:06:32.445 | INFO     | app.main:lifespan:45 - 👋 VeriBuy Backend shutting down
2026-05-16 17:06:36.720 | INFO     | app.main:lifespan:34 - 🚀 VeriBuy Backend starting...
2026-05-16 17:06:38.518 | INFO     | app.main:lifespan:39 - ✅ Ollama is running
2026-05-16 22:09:15.181 | INFO     | app.main:lifespan:34 - 🚀 VeriBuy Backend starting...
2026-05-16 22:09:15.450 | INFO     | app.main:lifespan:39 - ✅ Ollama is running
2026-05-16 22:11:11.950 | INFO     | app.main:health_check:72 - homepage open with llama connected
2026-05-16 22:12:25.483 | INFO     | app.main:chat:90 - User queried: Noise-cancelling headphones under ₹15,000
2026-05-16 22:12:25.512 | INFO     | app.main:event_stream:119 - Agent Activity - Agent: intent, Event: agent_start, Message: Understanding your requirements...
2026-05-16 22:14:27.660 | WARNING  | app.services.llm_service:call_ollama:66 - Ollama timeout (attempt 1/3)
2026-05-16 22:16:28.903 | WARNING  | app.services.llm_service:call_ollama:66 - Ollama timeout (attempt 2/3)
2026-05-17 10:42:35.184 | INFO     | app.main:lifespan:45 - 👋 VeriBuy Backend shutting down
2026-05-17 11:06:22.273 | INFO     | app.main:lifespan:32 - 🚀 VeriBuy Backend starting...
2026-05-17 11:06:22.483 | INFO     | app.main:lifespan:37 - ✅ Ollama connected — model: qwen3:0.6b
2026-05-17 11:06:37.923 | INFO     | app.main:chat:86 - User queried: Noise-cancelling headphones under ₹15,000
2026-05-17 11:06:37.925 | INFO     | app.main:event_stream:110 - Agent Activity — intent: agent_start — Understanding your requirements...
2026-05-17 11:07:00.362 | DEBUG    | app.agents.intent_agent:run_intent_agent:58 - Intent chain raw response: {
  "product_category": "headphones",
  "product_name": null,
  "specifications": ["noise-cancelling", "under ₹15,000"],
  "budget_range": {
    "min_price": 0,
    "max_price": 15000,
    "currency": "INR"
  },
  "usage_context": "general",
  "brand_preferences": [],
  "urgency": "immediate",
  "is
2026-05-17 11:07:00.367 | ERROR    | app.agents.intent_agent:run_intent_agent:71 - Intent agent error: 2 validation errors for IntentOutput
missing_fields.0
  Input should be a valid dictionary or instance of MissingField [type=model_type, input_value='product_name', input_type=str]
    For further information visit https://errors.pydantic.dev/2.13/v/model_type
missing_fields.1
  Input should be a valid dictionary or instance of MissingField [type=model_type, input_value='brand_preferences', input_type=str]
    For further information visit https://errors.pydantic.dev/2.13/v/model_type
2026-05-17 11:07:00.371 | INFO     | app.main:event_stream:110 - Agent Activity — intent: agent_complete — Identified: unknown for Noise-cancelling headphones under ₹15,000
2026-05-17 11:07:00.373 | INFO     | app.main:event_stream:110 - Agent Activity — intent: followup_needed — I need a bit more info: What type of product are you looking for?
2026-05-17 11:07:00.374 | INFO     | app.main:event_stream:110 - Agent Activity — system: token — 
2026-05-17 11:07:00.375 | INFO     | app.main:event_stream:110 - Agent Activity — system: token — 
2026-05-17 11:07:00.376 | INFO     | app.main:event_stream:110 - Agent Activity — system: token — 
2026-05-17 11:07:00.377 | INFO     | app.main:event_stream:110 - Agent Activity — system: token — 
2026-05-17 11:07:00.378 | INFO     | app.main:event_stream:110 - Agent Activity — system: token — 
2026-05-17 11:07:00.378 | INFO     | app.main:event_stream:110 - Agent Activity — system: token — 
2026-05-17 11:07:00.379 | INFO     | app.main:event_stream:110 - Agent Activity — system: token — 
2026-05-17 11:07:00.381 | INFO     | app.main:event_stream:110 - Agent Activity — system: token — 
2026-05-17 11:07:00.382 | INFO     | app.main:event_stream:110 - Agent Activity — system: token — 
2026-05-17 11:07:00.383 | INFO     | app.main:event_stream:110 - Agent Activity — system: token — 
2026-05-17 11:07:00.384 | INFO     | app.main:event_stream:110 - Agent Activity — system: token — 
2026-05-17 11:07:00.385 | INFO     | app.main:event_stream:110 - Agent Activity — system: token — 
2026-05-17 11:07:00.386 | INFO     | app.main:event_stream:110 - Agent Activity — system: token — 
2026-05-17 11:07:00.387 | INFO     | app.main:event_stream:110 - Agent Activity — system: token — 
2026-05-17 11:07:00.388 | INFO     | app.main:event_stream:110 - Agent Activity — system: token — 
2026-05-17 11:07:00.389 | INFO     | app.main:event_stream:110 - Agent Activity — system: token — 
2026-05-17 11:07:00.390 | INFO     | app.main:event_stream:110 - Agent Activity — system: token — 
2026-05-17 11:07:00.390 | INFO     | app.main:event_stream:110 - Agent Activity — system: token — 
2026-05-17 11:07:00.391 | INFO     | app.main:event_stream:110 - Agent Activity — system: token — 
2026-05-17 11:07:00.392 | INFO     | app.main:event_stream:110 - Agent Activity — system: token — 
2026-05-17 11:07:00.393 | INFO     | app.main:event_stream:110 - Agent Activity — system: token — 
2026-05-17 11:07:00.394 | INFO     | app.main:event_stream:110 - Agent Activity — system: token — 
2026-05-17 11:07:00.394 | INFO     | app.main:event_stream:110 - Agent Activity — system: token — 
2026-05-17 11:07:00.395 | INFO     | app.main:event_stream:110 - Agent Activity — system: token — 
2026-05-17 11:07:00.396 | INFO     | app.main:event_stream:110 - Agent Activity — system: token — 
2026-05-17 11:07:00.397 | INFO     | app.main:event_stream:110 - Agent Activity — system: token — 
2026-05-17 11:07:00.398 | INFO     | app.main:event_stream:110 - Agent Activity — system: token — 
2026-05-17 11:07:00.399 | INFO     | app.main:event_stream:110 - Agent Activity — system: done — 
2026-05-17 11:07:41.745 | INFO     | app.main:chat:86 - User queried: good noise-cancelling headphone uner 15000
2026-05-17 11:07:41.751 | INFO     | app.main:event_stream:110 - Agent Activity — intent: agent_start — Understanding your requirements...
2026-05-17 11:07:59.844 | DEBUG    | app.agents.intent_agent:run_intent_agent:58 - Intent chain raw response: {
  "product_category": "headphones",
  "product_name": null,
  "specifications": [],
  "budget_range": {
    "min_price": 0,
    "max_price": 15000,
    "currency": "INR"
  },
  "usage_context": "general",
  "brand_preferences": [],
  "urgency": "immediate",
  "is_specific_product": false,
  "is_co
2026-05-17 11:07:59.844 | ERROR    | app.agents.intent_agent:run_intent_agent:71 - Intent agent error: 2 validation errors for IntentOutput
missing_fields.0
  Input should be a valid dictionary or instance of MissingField [type=model_type, input_value='specifications', input_type=str]
    For further information visit https://errors.pydantic.dev/2.13/v/model_type
missing_fields.1
  Input should be a valid dictionary or instance of MissingField [type=model_type, input_value='brand_preferences', input_type=str]
    For further information visit https://errors.pydantic.dev/2.13/v/model_type
2026-05-17 11:07:59.847 | INFO     | app.main:event_stream:110 - Agent Activity — intent: agent_complete — Identified: unknown for good noise-cancelling headphone uner 15000
2026-05-17 11:07:59.849 | INFO     | app.main:event_stream:110 - Agent Activity — intent: followup_needed — I need a bit more info: What type of product are you looking for?
2026-05-17 11:07:59.850 | INFO     | app.main:event_stream:110 - Agent Activity — system: token — 
2026-05-17 11:07:59.851 | INFO     | app.main:event_stream:110 - Agent Activity — system: token — 
2026-05-17 11:07:59.853 | INFO     | app.main:event_stream:110 - Agent Activity — system: token — 
2026-05-17 11:07:59.855 | INFO     | app.main:event_stream:110 - Agent Activity — system: token — 
2026-05-17 11:07:59.858 | INFO     | app.main:event_stream:110 - Agent Activity — system: token — 
2026-05-17 11:07:59.860 | INFO     | app.main:event_stream:110 - Agent Activity — system: token — 
2026-05-17 11:07:59.862 | INFO     | app.main:event_stream:110 - Agent Activity — system: token — 
2026-05-17 11:07:59.863 | INFO     | app.main:event_stream:110 - Agent Activity — system: token — 
2026-05-17 11:07:59.865 | INFO     | app.main:event_stream:110 - Agent Activity — system: token — 
2026-05-17 11:07:59.867 | INFO     | app.main:event_stream:110 - Agent Activity — system: token — 
2026-05-17 11:07:59.869 | INFO     | app.main:event_stream:110 - Agent Activity — system: token — 
2026-05-17 11:07:59.870 | INFO     | app.main:event_stream:110 - Agent Activity — system: token — 
2026-05-17 11:07:59.874 | INFO     | app.main:event_stream:110 - Agent Activity — system: token — 
2026-05-17 11:07:59.876 | INFO     | app.main:event_stream:110 - Agent Activity — system: token — 
2026-05-17 11:07:59.878 | INFO     | app.main:event_stream:110 - Agent Activity — system: token — 
2026-05-17 11:07:59.880 | INFO     | app.main:event_stream:110 - Agent Activity — system: token — 
2026-05-17 11:07:59.882 | INFO     | app.main:event_stream:110 - Agent Activity — system: token — 
2026-05-17 11:07:59.883 | INFO     | app.main:event_stream:110 - Agent Activity — system: token — 
2026-05-17 11:07:59.885 | INFO     | app.main:event_stream:110 - Agent Activity — system: token — 
2026-05-17 11:07:59.888 | INFO     | app.main:event_stream:110 - Agent Activity — system: token — 
2026-05-17 11:07:59.894 | INFO     | app.main:event_stream:110 - Agent Activity — system: token — 
2026-05-17 11:07:59.896 | INFO     | app.main:event_stream:110 - Agent Activity — system: token — 
2026-05-17 11:07:59.897 | INFO     | app.main:event_stream:110 - Agent Activity — system: token — 
2026-05-17 11:07:59.898 | INFO     | app.main:event_stream:110 - Agent Activity — system: token — 
2026-05-17 11:07:59.899 | INFO     | app.main:event_stream:110 - Agent Activity — system: token — 
2026-05-17 11:07:59.900 | INFO     | app.main:event_stream:110 - Agent Activity — system: token — 
2026-05-17 11:07:59.901 | INFO     | app.main:event_stream:110 - Agent Activity — system: token — 
2026-05-17 11:07:59.901 | INFO     | app.main:event_stream:110 - Agent Activity — system: done — 
2026-05-17 11:08:50.749 | INFO     | app.main:lifespan:42 - 👋 VeriBuy Backend shutting down
2026-05-17 11:08:52.660 | INFO     | app.main:lifespan:32 - 🚀 VeriBuy Backend starting...
2026-05-17 11:08:52.851 | INFO     | app.main:lifespan:37 - ✅ Ollama connected — model: qwen3:0.6b
2026-05-17 11:08:52.965 | INFO     | app.main:lifespan:42 - 👋 VeriBuy Backend shutting down
2026-05-17 11:08:54.267 | INFO     | app.main:lifespan:32 - 🚀 VeriBuy Backend starting...
2026-05-17 11:08:54.459 | INFO     | app.main:lifespan:37 - ✅ Ollama connected — model: qwen3:0.6b
2026-05-17 11:10:09.191 | INFO     | app.main:chat:86 - User queried: earphones under 5000
2026-05-17 11:10:09.193 | INFO     | app.main:event_stream:110 - Agent Activity — intent: agent_start — Understanding your requirements...
2026-05-17 11:10:10.509 | ERROR    | app.agents.intent_agent:run_intent_agent:71 - Intent agent error: 'Input to ChatPromptTemplate is missing variables {\'"field_name"\'}.  Expected: [\'"field_name"\', \'input\'] Received: [\'input\']\nNote: if you intended {"field_name"} to be part of the string and not a variable, please escape it with double curly braces like: \'{{"field_name"}}\'.\nFor troubleshooting, visit: https://docs.langchain.com/oss/python/langchain/errors/INVALID_PROMPT_INPUT '
2026-05-17 11:10:10.513 | INFO     | app.main:event_stream:110 - Agent Activity — intent: agent_complete — Identified: unknown for earphones under 5000
2026-05-17 11:10:10.514 | INFO     | app.main:event_stream:110 - Agent Activity — intent: followup_needed — I need a bit more info: What type of product are you looking for?
2026-05-17 11:10:10.515 | INFO     | app.main:event_stream:110 - Agent Activity — system: token — 
2026-05-17 11:10:10.516 | INFO     | app.main:event_stream:110 - Agent Activity — system: token — 
2026-05-17 11:10:10.517 | INFO     | app.main:event_stream:110 - Agent Activity — system: token — 
2026-05-17 11:10:10.518 | INFO     | app.main:event_stream:110 - Agent Activity — system: token — 
2026-05-17 11:10:10.518 | INFO     | app.main:event_stream:110 - Agent Activity — system: token — 
2026-05-17 11:10:10.519 | INFO     | app.main:event_stream:110 - Agent Activity — system: token — 
2026-05-17 11:10:10.519 | INFO     | app.main:event_stream:110 - Agent Activity — system: token — 
2026-05-17 11:10:10.520 | INFO     | app.main:event_stream:110 - Agent Activity — system: token — 
2026-05-17 11:10:10.521 | INFO     | app.main:event_stream:110 - Agent Activity — system: token — 
2026-05-17 11:10:10.522 | INFO     | app.main:event_stream:110 - Agent Activity — system: token — 
2026-05-17 11:10:10.523 | INFO     | app.main:event_stream:110 - Agent Activity — system: token — 
2026-05-17 11:10:10.524 | INFO     | app.main:event_stream:110 - Agent Activity — system: token — 
2026-05-17 11:10:10.525 | INFO     | app.main:event_stream:110 - Agent Activity — system: token — 
2026-05-17 11:10:10.526 | INFO     | app.main:event_stream:110 - Agent Activity — system: token — 
2026-05-17 11:10:10.527 | INFO     | app.main:event_stream:110 - Agent Activity — system: done — 
2026-05-17 11:10:46.888 | INFO     | app.main:chat:86 - User queried: earphones with good noise cancelling, long battery life and good bluetooth range
2026-05-17 11:10:46.892 | INFO     | app.main:event_stream:110 - Agent Activity — intent: agent_start — Understanding your requirements...
2026-05-17 11:10:48.261 | ERROR    | app.agents.intent_agent:run_intent_agent:71 - Intent agent error: 'Input to ChatPromptTemplate is missing variables {\'"field_name"\'}.  Expected: [\'"field_name"\', \'input\'] Received: [\'input\']\nNote: if you intended {"field_name"} to be part of the string and not a variable, please escape it with double curly braces like: \'{{"field_name"}}\'.\nFor troubleshooting, visit: https://docs.langchain.com/oss/python/langchain/errors/INVALID_PROMPT_INPUT '
2026-05-17 11:10:48.264 | INFO     | app.main:event_stream:110 - Agent Activity — intent: agent_complete — Identified: unknown for earphones with good noise cancelling, long battery life and good bluetooth range
2026-05-17 11:10:48.266 | INFO     | app.main:event_stream:110 - Agent Activity — intent: followup_needed — I need a bit more info: What type of product are you looking for?
2026-05-17 11:10:48.268 | INFO     | app.main:event_stream:110 - Agent Activity — system: token — 
2026-05-17 11:10:48.269 | INFO     | app.main:event_stream:110 - Agent Activity — system: token — 
2026-05-17 11:10:48.270 | INFO     | app.main:event_stream:110 - Agent Activity — system: token — 
2026-05-17 11:10:48.271 | INFO     | app.main:event_stream:110 - Agent Activity — system: token — 
2026-05-17 11:10:48.272 | INFO     | app.main:event_stream:110 - Agent Activity — system: token — 
2026-05-17 11:10:48.273 | INFO     | app.main:event_stream:110 - Agent Activity — system: token — 
2026-05-17 11:10:48.274 | INFO     | app.main:event_stream:110 - Agent Activity — system: token — 
2026-05-17 11:10:48.274 | INFO     | app.main:event_stream:110 - Agent Activity — system: token — 
2026-05-17 11:10:48.275 | INFO     | app.main:event_stream:110 - Agent Activity — system: token — 
2026-05-17 11:10:48.275 | INFO     | app.main:event_stream:110 - Agent Activity — system: token — 
2026-05-17 11:10:48.277 | INFO     | app.main:event_stream:110 - Agent Activity — system: token — 
2026-05-17 11:10:48.278 | INFO     | app.main:event_stream:110 - Agent Activity — system: token — 
2026-05-17 11:10:48.279 | INFO     | app.main:event_stream:110 - Agent Activity — system: token — 
2026-05-17 11:10:48.279 | INFO     | app.main:event_stream:110 - Agent Activity — system: token — 
2026-05-17 11:10:48.280 | INFO     | app.main:event_stream:110 - Agent Activity — system: done — 
2026-05-17 11:11:53.023 | INFO     | app.main:lifespan:42 - 👋 VeriBuy Backend shutting down
2026-05-17 11:11:54.591 | INFO     | app.main:lifespan:32 - 🚀 VeriBuy Backend starting...
2026-05-17 11:11:54.777 | INFO     | app.main:lifespan:37 - ✅ Ollama connected — model: qwen3:0.6b
2026-05-17 11:11:59.361 | INFO     | app.main:lifespan:42 - 👋 VeriBuy Backend shutting down
2026-05-17 11:12:00.829 | INFO     | app.main:lifespan:32 - 🚀 VeriBuy Backend starting...
2026-05-17 11:12:01.030 | INFO     | app.main:lifespan:37 - ✅ Ollama connected — model: qwen3:0.6b
2026-05-17 11:12:51.599 | INFO     | app.main:chat:86 - User queried: earphone under 5000
2026-05-17 11:12:51.601 | INFO     | app.main:event_stream:110 - Agent Activity — intent: agent_start — Understanding your requirements...
2026-05-17 11:13:15.312 | DEBUG    | app.agents.intent_agent:run_intent_agent:58 - Intent chain raw response: {
  "product_category": "earphone",
  "product_name": null,
  "specifications": [],
  "budget_range": {
    "min_price": 0,
    "max_price": 999999,
    "currency": "INR"
  },
  "usage_context": "general",
  "brand_preferences": [],
  "urgency": "immediate",
  "is_specific_product": false,
  "is_com
2026-05-17 11:13:15.313 | INFO     | app.agents.intent_agent:run_intent_agent:63 - Intent extracted: category=earphone, specific=False, complete=True, confidence=0.8
2026-05-17 11:13:15.317 | INFO     | app.main:event_stream:110 - Agent Activity — intent: agent_complete — Identified: earphone
2026-05-17 11:13:15.318 | INFO     | app.main:event_stream:110 - Agent Activity — market: agent_start — Searching products across platforms...
2026-05-17 11:13:15.319 | INFO     | app.agents.market_agent:run_market_agent:70 - Market agent searching: 'earphone India buy'
2026-05-17 11:13:15.320 | INFO     | app.services.search_service:search_products:45 - Searching products via DDGS + BeautifulSoup: earphone India buy
2026-05-17 11:13:23.480 | INFO     | app.services.search_service:search_products:89 - DDGS returned 15 results, scraped 5 pages
2026-05-17 11:13:23.817 | ERROR    | app.agents.market_agent:run_market_agent:141 - Market agent analysis error: "Input to ChatPromptTemplate is missing variables {'brands', 'category', 'usage', 'currency', 'specific_product', 'max_price', 'min_price', 'search_results', 'specs'}.  Expected: ['brands', 'category', 'currency', 'input', 'max_price', 'min_price', 'search_results', 'specific_product', 'specs', 'usage'] Received: ['input']\nNote: if you intended {brands} to be part of the string and not a variable, please escape it with double curly braces like: '{{brands}}'.\nFor troubleshooting, visit: https://docs.langchain.com/oss/python/langchain/errors/INVALID_PROMPT_INPUT "
2026-05-17 11:13:23.818 | INFO     | app.main:event_stream:110 - Agent Activity — market: agent_complete — Found 0 products
2026-05-17 11:13:23.818 | INFO     | app.main:event_stream:110 - Agent Activity — system: token — 
2026-05-17 11:13:23.819 | INFO     | app.main:event_stream:110 - Agent Activity — system: token — 
2026-05-17 11:13:23.819 | INFO     | app.main:event_stream:110 - Agent Activity — system: token — 
2026-05-17 11:13:23.819 | INFO     | app.main:event_stream:110 - Agent Activity — system: token — 
2026-05-17 11:13:23.819 | INFO     | app.main:event_stream:110 - Agent Activity — system: token — 
2026-05-17 11:13:23.820 | INFO     | app.main:event_stream:110 - Agent Activity — system: token — 
2026-05-17 11:13:23.820 | INFO     | app.main:event_stream:110 - Agent Activity — system: token — 
2026-05-17 11:13:23.820 | INFO     | app.main:event_stream:110 - Agent Activity — system: token — 
2026-05-17 11:13:23.820 | INFO     | app.main:event_stream:110 - Agent Activity — system: token — 
2026-05-17 11:13:23.820 | INFO     | app.main:event_stream:110 - Agent Activity — system: token — 
2026-05-17 11:13:23.820 | INFO     | app.main:event_stream:110 - Agent Activity — system: token — 
2026-05-17 11:13:23.821 | INFO     | app.main:event_stream:110 - Agent Activity — system: token — 
2026-05-17 11:13:23.821 | INFO     | app.main:event_stream:110 - Agent Activity — system: token — 
2026-05-17 11:13:23.821 | INFO     | app.main:event_stream:110 - Agent Activity — system: token — 
2026-05-17 11:13:23.821 | INFO     | app.main:event_stream:110 - Agent Activity — system: token — 
2026-05-17 11:13:23.821 | INFO     | app.main:event_stream:110 - Agent Activity — system: token — 
2026-05-17 11:13:23.822 | INFO     | app.main:event_stream:110 - Agent Activity — system: token — 
2026-05-17 11:13:23.822 | INFO     | app.main:event_stream:110 - Agent Activity — system: token — 
2026-05-17 11:13:23.822 | INFO     | app.main:event_stream:110 - Agent Activity — system: token — 
2026-05-17 11:13:23.822 | INFO     | app.main:event_stream:110 - Agent Activity — system: token — 
2026-05-17 11:13:23.822 | INFO     | app.main:event_stream:110 - Agent Activity — system: token — 
2026-05-17 11:13:23.823 | INFO     | app.main:event_stream:110 - Agent Activity — system: token — 
2026-05-17 11:13:23.824 | INFO     | app.main:event_stream:110 - Agent Activity — system: token — 
2026-05-17 11:13:23.830 | INFO     | app.main:event_stream:110 - Agent Activity — system: token — 
2026-05-17 11:13:23.830 | INFO     | app.main:event_stream:110 - Agent Activity — system: token — 
2026-05-17 11:13:23.831 | INFO     | app.main:event_stream:110 - Agent Activity — system: token — 
2026-05-17 11:13:23.831 | INFO     | app.main:event_stream:110 - Agent Activity — system: token — 
2026-05-17 11:13:23.832 | INFO     | app.main:event_stream:110 - Agent Activity — system: token — 
2026-05-17 11:13:23.832 | INFO     | app.main:event_stream:110 - Agent Activity — system: token — 
2026-05-17 11:13:23.833 | INFO     | app.main:event_stream:110 - Agent Activity — system: token — 
2026-05-17 11:13:23.834 | INFO     | app.main:event_stream:110 - Agent Activity — system: token — 
2026-05-17 11:13:23.835 | INFO     | app.main:event_stream:110 - Agent Activity — system: token — 
2026-05-17 11:13:23.835 | INFO     | app.main:event_stream:110 - Agent Activity — system: token — 
2026-05-17 11:13:23.836 | INFO     | app.main:event_stream:110 - Agent Activity — system: token — 
2026-05-17 11:13:23.836 | INFO     | app.main:event_stream:110 - Agent Activity — system: done — 
2026-05-17 11:16:19.196 | INFO     | app.main:lifespan:42 - 👋 VeriBuy Backend shutting down
2026-05-17 11:16:20.794 | INFO     | app.main:lifespan:32 - 🚀 VeriBuy Backend starting...
2026-05-17 11:16:20.983 | INFO     | app.main:lifespan:37 - ✅ Ollama connected — model: qwen3:0.6b
2026-05-17 11:17:45.409 | INFO     | app.main:lifespan:42 - 👋 VeriBuy Backend shutting down
2026-05-17 11:18:12.879 | INFO     | app.main:lifespan:32 - 🚀 VeriBuy Backend starting...
2026-05-17 11:18:13.077 | INFO     | app.main:lifespan:37 - ✅ Ollama connected — model: qwen3:0.6b
2026-05-17 11:18:21.900 | INFO     | app.main:chat:86 - User queried: earphones under 5000
2026-05-17 11:18:21.903 | INFO     | app.main:event_stream:110 - Agent Activity — intent: agent_start — Understanding your requirements...
2026-05-17 11:18:42.916 | DEBUG    | app.agents.intent_agent:run_intent_agent:58 - Intent chain raw response: {
  "product_category": "earphones",
  "product_name": null,
  "specifications": [],
  "budget_range": {
    "min_price": 0,
    "max_price": 5000,
    "currency": "INR"
  },
  "usage_context": "general",
  "brand_preferences": [],
  "urgency": "immediate",
  "is_specific_product": false,
  "is_comp
2026-05-17 11:18:42.917 | INFO     | app.agents.intent_agent:run_intent_agent:63 - Intent extracted: category=earphones, specific=False, complete=True, confidence=0.8
2026-05-17 11:18:42.921 | INFO     | app.main:event_stream:110 - Agent Activity — intent: agent_complete — Identified: earphones
2026-05-17 11:18:42.922 | INFO     | app.main:event_stream:110 - Agent Activity — market: agent_start — Searching products across platforms...
2026-05-17 11:18:42.924 | INFO     | app.agents.market_agent:run_market_agent:70 - Market agent searching: 'earphones under 5000 INR India buy'
2026-05-17 11:18:42.925 | INFO     | app.services.search_service:search_products:45 - Searching products via DDGS + BeautifulSoup: earphones under 5000 INR India buy
2026-05-17 11:19:00.555 | WARNING  | app.services.search_service:_scrape_page_text:30 - Scrape failed for https://www.gqindia.com/content/best-wireless-headphones-to-buy-in-india-2019-wireless-earphones-under-every-budget-best-wireless-earphones-under-5000-10000-wireless-headphones-for-15000-20000: HTTPSConnectionPool(host='www.gqindia.com', port=443): Read timed out. (read timeout=10)
2026-05-17 11:19:01.326 | WARNING  | app.services.search_service:_scrape_page_text:30 - Scrape failed for https://www.croma.com/: 403 Client Error: Forbidden for url: https://www.croma.com/
2026-05-17 11:19:01.330 | INFO     | app.services.search_service:search_products:89 - DDGS returned 15 results, scraped 5 pages
2026-05-17 11:25:05.372 | DEBUG    | app.agents.market_agent:run_market_agent:109 - Market chain raw response: {
  "products": [
    {
      "name": "Wireless Headphones Under 5,000",
      "brand": "Amazon",
      "model": "Wireless Headphones Under 5,000",
      "price": 5000,
      "currency": "INR",
      "platform": "Amazon",
      "specs": {
        "Active Noise Cancellation": "value"
      },
      "
2026-05-17 11:25:05.380 | INFO     | app.main:event_stream:110 - Agent Activity — market: agent_complete — Found 3 products
2026-05-17 11:25:05.381 | INFO     | app.main:event_stream:110 - Agent Activity — system: token — 
2026-05-17 11:25:05.382 | INFO     | app.main:event_stream:110 - Agent Activity — system: token — 
2026-05-17 11:25:05.383 | INFO     | app.main:event_stream:110 - Agent Activity — system: token — 
2026-05-17 11:25:05.384 | INFO     | app.main:event_stream:110 - Agent Activity — system: token — 
2026-05-17 11:25:05.386 | INFO     | app.main:event_stream:110 - Agent Activity — system: token — 
2026-05-17 11:25:05.387 | INFO     | app.main:event_stream:110 - Agent Activity — system: token — 
2026-05-17 11:25:05.388 | INFO     | app.main:event_stream:110 - Agent Activity — system: token — 
2026-05-17 11:25:05.389 | INFO     | app.main:event_stream:110 - Agent Activity — system: token — 
2026-05-17 11:25:05.390 | INFO     | app.main:event_stream:110 - Agent Activity — system: token — 
2026-05-17 11:25:05.392 | INFO     | app.main:event_stream:110 - Agent Activity — system: token — 
2026-05-17 11:25:05.393 | INFO     | app.main:event_stream:110 - Agent Activity — system: token — 
2026-05-17 11:25:05.394 | INFO     | app.main:event_stream:110 - Agent Activity — system: token — 
2026-05-17 11:25:05.395 | INFO     | app.main:event_stream:110 - Agent Activity — system: token — 
2026-05-17 11:25:05.396 | INFO     | app.main:event_stream:110 - Agent Activity — system: token — 
2026-05-17 11:25:05.397 | INFO     | app.main:event_stream:110 - Agent Activity — system: token — 
2026-05-17 11:25:05.398 | INFO     | app.main:event_stream:110 - Agent Activity — system: token — 
2026-05-17 11:25:05.399 | INFO     | app.main:event_stream:110 - Agent Activity — system: token — 
2026-05-17 11:25:05.399 | INFO     | app.main:event_stream:110 - Agent Activity — system: token — 
2026-05-17 11:25:05.401 | INFO     | app.main:event_stream:110 - Agent Activity — system: token — 
2026-05-17 11:25:05.402 | INFO     | app.main:event_stream:110 - Agent Activity — system: token — 
2026-05-17 11:25:05.403 | INFO     | app.main:event_stream:110 - Agent Activity — system: token — 
2026-05-17 11:25:05.407 | INFO     | app.main:event_stream:110 - Agent Activity — system: token — 
2026-05-17 11:25:05.408 | INFO     | app.main:event_stream:110 - Agent Activity — system: token — 
2026-05-17 11:25:05.410 | INFO     | app.main:event_stream:110 - Agent Activity — system: token — 
2026-05-17 11:25:05.411 | INFO     | app.main:event_stream:110 - Agent Activity — system: token — 
2026-05-17 11:25:05.412 | INFO     | app.main:event_stream:110 - Agent Activity — system: token — 
2026-05-17 11:25:05.414 | INFO     | app.main:event_stream:110 - Agent Activity — system: token — 
2026-05-17 11:25:05.415 | INFO     | app.main:event_stream:110 - Agent Activity — system: token — 
2026-05-17 11:25:05.416 | INFO     | app.main:event_stream:110 - Agent Activity — system: token — 
2026-05-17 11:25:05.418 | INFO     | app.main:event_stream:110 - Agent Activity — system: token — 
2026-05-17 11:25:05.419 | INFO     | app.main:event_stream:110 - Agent Activity — system: token — 
2026-05-17 11:25:05.421 | INFO     | app.main:event_stream:110 - Agent Activity — system: token — 
2026-05-17 11:25:05.423 | INFO     | app.main:event_stream:110 - Agent Activity — system: token — 
2026-05-17 11:25:05.425 | INFO     | app.main:event_stream:110 - Agent Activity — system: token — 
2026-05-17 11:25:05.426 | INFO     | app.main:event_stream:110 - Agent Activity — system: token — 
2026-05-17 11:25:05.428 | INFO     | app.main:event_stream:110 - Agent Activity — system: token — 
2026-05-17 11:25:05.429 | INFO     | app.main:event_stream:110 - Agent Activity — system: token — 
2026-05-17 11:25:05.430 | INFO     | app.main:event_stream:110 - Agent Activity — system: token — 
2026-05-17 11:25:05.431 | INFO     | app.main:event_stream:110 - Agent Activity — system: token — 
2026-05-17 11:25:05.432 | INFO     | app.main:event_stream:110 - Agent Activity — system: token — 
2026-05-17 11:25:05.433 | INFO     | app.main:event_stream:110 - Agent Activity — system: token — 
2026-05-17 11:25:05.435 | INFO     | app.main:event_stream:110 - Agent Activity — system: token — 
2026-05-17 11:25:05.436 | INFO     | app.main:event_stream:110 - Agent Activity — system: token — 
2026-05-17 11:25:05.438 | INFO     | app.main:event_stream:110 - Agent Activity — system: token — 
2026-05-17 11:25:05.440 | INFO     | app.main:event_stream:110 - Agent Activity — system: token — 
2026-05-17 11:25:05.441 | INFO     | app.main:event_stream:110 - Agent Activity — system: token — 
2026-05-17 11:25:05.442 | INFO     | app.main:event_stream:110 - Agent Activity — system: token — 
2026-05-17 11:25:05.444 | INFO     | app.main:event_stream:110 - Agent Activity — system: token — 
2026-05-17 11:25:05.445 | INFO     | app.main:event_stream:110 - Agent Activity — system: token — 
2026-05-17 11:25:05.447 | INFO     | app.main:event_stream:110 - Agent Activity — system: token — 
2026-05-17 11:25:05.448 | INFO     | app.main:event_stream:110 - Agent Activity — system: token — 
2026-05-17 11:25:05.450 | INFO     | app.main:event_stream:110 - Agent Activity — system: token — 
2026-05-17 11:25:05.452 | INFO     | app.main:event_stream:110 - Agent Activity — system: token — 
2026-05-17 11:25:05.455 | INFO     | app.main:event_stream:110 - Agent Activity — system: token — 
2026-05-17 11:25:05.457 | INFO     | app.main:event_stream:110 - Agent Activity — system: token — 
2026-05-17 11:25:05.458 | INFO     | app.main:event_stream:110 - Agent Activity — system: token — 
2026-05-17 11:25:05.458 | INFO     | app.main:event_stream:110 - Agent Activity — system: token — 
2026-05-17 11:25:05.459 | INFO     | app.main:event_stream:110 - Agent Activity — system: token — 
2026-05-17 11:25:05.460 | INFO     | app.main:event_stream:110 - Agent Activity — system: token — 
2026-05-17 11:25:05.461 | INFO     | app.main:event_stream:110 - Agent Activity — system: token — 
2026-05-17 11:25:05.461 | INFO     | app.main:event_stream:110 - Agent Activity — system: token — 
2026-05-17 11:25:05.462 | INFO     | app.main:event_stream:110 - Agent Activity — system: token — 
2026-05-17 11:25:05.463 | INFO     | app.main:event_stream:110 - Agent Activity — system: token — 
2026-05-17 11:25:05.464 | INFO     | app.main:event_stream:110 - Agent Activity — system: token — 
2026-05-17 11:25:05.465 | INFO     | app.main:event_stream:110 - Agent Activity — system: token — 
2026-05-17 11:25:05.465 | INFO     | app.main:event_stream:110 - Agent Activity — system: token — 
2026-05-17 11:25:05.466 | INFO     | app.main:event_stream:110 - Agent Activity — system: token — 
2026-05-17 11:25:05.467 | INFO     | app.main:event_stream:110 - Agent Activity — system: token — 
2026-05-17 11:25:05.468 | INFO     | app.main:event_stream:110 - Agent Activity — system: token — 
2026-05-17 11:25:05.469 | INFO     | app.main:event_stream:110 - Agent Activity — system: token — 
2026-05-17 11:25:05.470 | INFO     | app.main:event_stream:110 - Agent Activity — system: token — 
2026-05-17 11:25:05.471 | INFO     | app.main:event_stream:110 - Agent Activity — system: token — 
2026-05-17 11:25:05.472 | INFO     | app.main:event_stream:110 - Agent Activity — system: token — 
2026-05-17 11:25:05.473 | INFO     | app.main:event_stream:110 - Agent Activity — system: token — 
2026-05-17 11:25:05.474 | INFO     | app.main:event_stream:110 - Agent Activity — system: token — 
2026-05-17 11:25:05.474 | INFO     | app.main:event_stream:110 - Agent Activity — system: token — 
2026-05-17 11:25:05.475 | INFO     | app.main:event_stream:110 - Agent Activity — system: token — 
2026-05-17 11:25:05.476 | INFO     | app.main:event_stream:110 - Agent Activity — system: token — 
2026-05-17 11:25:05.477 | INFO     | app.main:event_stream:110 - Agent Activity — system: token — 
2026-05-17 11:25:05.478 | INFO     | app.main:event_stream:110 - Agent Activity — system: token — 
2026-05-17 11:25:05.478 | INFO     | app.main:event_stream:110 - Agent Activity — system: token — 
2026-05-17 11:25:05.479 | INFO     | app.main:event_stream:110 - Agent Activity — system: token — 
2026-05-17 11:25:05.480 | INFO     | app.main:event_stream:110 - Agent Activity — system: token — 
2026-05-17 11:25:05.481 | INFO     | app.main:event_stream:110 - Agent Activity — system: token — 
2026-05-17 11:25:05.481 | INFO     | app.main:event_stream:110 - Agent Activity — system: token — 
2026-05-17 11:25:05.482 | INFO     | app.main:event_stream:110 - Agent Activity — system: token — 
2026-05-17 11:25:05.483 | INFO     | app.main:event_stream:110 - Agent Activity — system: token — 
2026-05-17 11:25:05.484 | INFO     | app.main:event_stream:110 - Agent Activity — system: token — 
2026-05-17 11:25:05.485 | INFO     | app.main:event_stream:110 - Agent Activity — system: token — 
2026-05-17 11:25:05.486 | INFO     | app.main:event_stream:110 - Agent Activity — system: token — 
2026-05-17 11:25:05.487 | INFO     | app.main:event_stream:110 - Agent Activity — system: token — 
2026-05-17 11:25:05.488 | INFO     | app.main:event_stream:110 - Agent Activity — system: token — 
2026-05-17 11:25:05.489 | INFO     | app.main:event_stream:110 - Agent Activity — system: token — 
2026-05-17 11:25:05.490 | INFO     | app.main:event_stream:110 - Agent Activity — system: token — 
2026-05-17 11:25:05.490 | INFO     | app.main:event_stream:110 - Agent Activity — system: token — 
2026-05-17 11:25:05.491 | INFO     | app.main:event_stream:110 - Agent Activity — system: token — 
2026-05-17 11:25:05.492 | INFO     | app.main:event_stream:110 - Agent Activity — system: token — 
2026-05-17 11:25:05.493 | INFO     | app.main:event_stream:110 - Agent Activity — system: token — 
2026-05-17 11:25:05.494 | INFO     | app.main:event_stream:110 - Agent Activity — system: token — 
2026-05-17 11:25:05.494 | INFO     | app.main:event_stream:110 - Agent Activity — system: token — 
2026-05-17 11:25:05.495 | INFO     | app.main:event_stream:110 - Agent Activity — system: token — 
2026-05-17 11:25:05.496 | INFO     | app.main:event_stream:110 - Agent Activity — system: token — 
2026-05-17 11:25:05.497 | INFO     | app.main:event_stream:110 - Agent Activity — system: token — 
2026-05-17 11:25:05.497 | INFO     | app.main:event_stream:110 - Agent Activity — system: token — 
2026-05-17 11:25:05.498 | INFO     | app.main:event_stream:110 - Agent Activity — system: token — 
2026-05-17 11:25:05.498 | INFO     | app.main:event_stream:110 - Agent Activity — system: token — 
2026-05-17 11:25:05.499 | INFO     | app.main:event_stream:110 - Agent Activity — system: token — 
2026-05-17 11:25:05.500 | INFO     | app.main:event_stream:110 - Agent Activity — system: token — 
2026-05-17 11:25:05.500 | INFO     | app.main:event_stream:110 - Agent Activity — system: token — 
2026-05-17 11:25:05.501 | INFO     | app.main:event_stream:110 - Agent Activity — system: token — 
2026-05-17 11:25:05.502 | INFO     | app.main:event_stream:110 - Agent Activity — system: token — 
2026-05-17 11:25:05.504 | INFO     | app.main:event_stream:110 - Agent Activity — system: token — 
2026-05-17 11:25:05.505 | INFO     | app.main:event_stream:110 - Agent Activity — system: token — 
2026-05-17 11:25:05.505 | INFO     | app.main:event_stream:110 - Agent Activity — system: token — 
2026-05-17 11:25:05.506 | INFO     | app.main:event_stream:110 - Agent Activity — system: token — 
2026-05-17 11:25:05.507 | INFO     | app.main:event_stream:110 - Agent Activity — system: token — 
2026-05-17 11:25:05.508 | INFO     | app.main:event_stream:110 - Agent Activity — system: token — 
2026-05-17 11:25:05.508 | INFO     | app.main:event_stream:110 - Agent Activity — system: token — 
2026-05-17 11:25:05.509 | INFO     | app.main:event_stream:110 - Agent Activity — system: token — 
2026-05-17 11:25:05.510 | INFO     | app.main:event_stream:110 - Agent Activity — system: token — 
2026-05-17 11:25:05.511 | INFO     | app.main:event_stream:110 - Agent Activity — system: token — 
2026-05-17 11:25:05.511 | INFO     | app.main:event_stream:110 - Agent Activity — system: token — 
2026-05-17 11:25:05.512 | INFO     | app.main:event_stream:110 - Agent Activity — system: token — 
2026-05-17 11:25:05.513 | INFO     | app.main:event_stream:110 - Agent Activity — system: token — 
2026-05-17 11:25:05.514 | INFO     | app.main:event_stream:110 - Agent Activity — system: token — 
2026-05-17 11:25:05.514 | INFO     | app.main:event_stream:110 - Agent Activity — system: token — 
2026-05-17 11:25:05.515 | INFO     | app.main:event_stream:110 - Agent Activity — system: token — 
2026-05-17 11:25:05.516 | INFO     | app.main:event_stream:110 - Agent Activity — system: token — 
2026-05-17 11:25:05.517 | INFO     | app.main:event_stream:110 - Agent Activity — system: token — 
2026-05-17 11:25:05.518 | INFO     | app.main:event_stream:110 - Agent Activity — system: token — 
2026-05-17 11:25:05.519 | INFO     | app.main:event_stream:110 - Agent Activity — system: token — 
2026-05-17 11:25:05.521 | INFO     | app.main:event_stream:110 - Agent Activity — system: token — 
2026-05-17 11:25:05.522 | INFO     | app.main:event_stream:110 - Agent Activity — system: token — 
2026-05-17 11:25:05.522 | INFO     | app.main:event_stream:110 - Agent Activity — system: token — 
2026-05-17 11:25:05.523 | INFO     | app.main:event_stream:110 - Agent Activity — system: token — 
2026-05-17 11:25:05.524 | INFO     | app.main:event_stream:110 - Agent Activity — system: token — 
2026-05-17 11:25:05.525 | INFO     | app.main:event_stream:110 - Agent Activity — system: token — 
2026-05-17 11:25:05.526 | INFO     | app.main:event_stream:110 - Agent Activity — system: token — 
2026-05-17 11:25:05.526 | INFO     | app.main:event_stream:110 - Agent Activity — system: token — 
2026-05-17 11:25:05.527 | INFO     | app.main:event_stream:110 - Agent Activity — system: token — 
2026-05-17 11:25:05.528 | INFO     | app.main:event_stream:110 - Agent Activity — system: token — 
2026-05-17 11:25:05.529 | INFO     | app.main:event_stream:110 - Agent Activity — system: token — 
2026-05-17 11:25:05.529 | INFO     | app.main:event_stream:110 - Agent Activity — system: token — 
2026-05-17 11:25:05.530 | INFO     | app.main:event_stream:110 - Agent Activity — system: token — 
2026-05-17 11:25:05.530 | INFO     | app.main:event_stream:110 - Agent Activity — system: token — 
2026-05-17 11:25:05.531 | INFO     | app.main:event_stream:110 - Agent Activity — system: token — 
2026-05-17 11:25:05.532 | INFO     | app.main:event_stream:110 - Agent Activity — system: token — 
2026-05-17 11:25:05.532 | INFO     | app.main:event_stream:110 - Agent Activity — system: token — 
2026-05-17 11:25:05.533 | INFO     | app.main:event_stream:110 - Agent Activity — system: token — 
2026-05-17 11:25:05.534 | INFO     | app.main:event_stream:110 - Agent Activity — system: token — 
2026-05-17 11:25:05.535 | INFO     | app.main:event_stream:110 - Agent Activity — system: token — 
2026-05-17 11:25:05.536 | INFO     | app.main:event_stream:110 - Agent Activity — system: token — 
2026-05-17 11:25:05.537 | INFO     | app.main:event_stream:110 - Agent Activity — system: token — 
2026-05-17 11:25:05.538 | INFO     | app.main:event_stream:110 - Agent Activity — system: final_result — Research complete! See the dashboard for details.
2026-05-17 11:25:05.539 | INFO     | app.main:event_stream:110 - Agent Activity — system: done — 
2026-05-17 11:42:57.862 | INFO     | app.main:chat:86 - User queried: earphones under 5000
2026-05-17 11:42:57.869 | INFO     | app.main:event_stream:110 - Agent Activity — intent: agent_start — Understanding your requirements...
2026-05-17 11:43:25.124 | DEBUG    | app.agents.intent_agent:run_intent_agent:58 - Intent chain raw response: {
  "product_category": "earphone",
  "product_name": null,
  "specifications": ["earphones under 5000"],
  "budget_range": {
    "min_price": 0,
    "max_price": 5000,
    "currency": "INR"
  },
  "usage_context": "general",
  "brand_preferences": ["null"],
  "urgency": "immediate",
  "is_specific_
2026-05-17 11:43:25.128 | INFO     | app.agents.intent_agent:run_intent_agent:63 - Intent extracted: category=earphone, specific=False, complete=True, confidence=0.8
2026-05-17 11:43:25.135 | INFO     | app.main:event_stream:110 - Agent Activity — intent: agent_complete — Identified: earphone
2026-05-17 11:43:25.137 | INFO     | app.main:event_stream:110 - Agent Activity — market: agent_start — Searching products across platforms...
2026-05-17 11:43:25.140 | INFO     | app.agents.market_agent:run_market_agent:70 - Market agent searching: 'earphone null earphones under 5000 under 5000 INR India buy'
2026-05-17 11:43:25.142 | INFO     | app.services.search_service:search_products:45 - Searching products via DDGS + BeautifulSoup: earphone null earphones under 5000 under 5000 INR India buy
2026-05-17 11:43:30.406 | WARNING  | app.services.search_service:_scrape_page_text:30 - Scrape failed for https://www.quora.com/What-are-some-of-the-best-headphones-under-5000-INR-or-75: 403 Client Error: Forbidden for url: https://www.quora.com/What-are-some-of-the-best-headphones-under-5000-INR-or-75
2026-05-17 11:43:35.048 | WARNING  | app.services.search_service:_scrape_page_text:30 - Scrape failed for https://www.xda-developers.com/best-tws-earphones-india/: ('Connection aborted.', RemoteDisconnected('Remote end closed connection without response'))
2026-05-17 11:43:36.012 | WARNING  | app.services.search_service:_scrape_page_text:30 - Scrape failed for https://www.gadgets360.com/audio/features/best-earbuds-under-2000-in-india-oneplus-redmi-honor-earbuds-more-9815021: 403 Client Error: Forbidden for url: https://www.gadgets360.com/audio/features/best-earbuds-under-2000-in-india-oneplus-redmi-honor-earbuds-more-9815021
2026-05-17 11:43:37.029 | WARNING  | app.services.search_service:_scrape_page_text:30 - Scrape failed for https://www.91mobiles.com/list-of-headphones/headphones-under-5000-in-india: 403 Client Error: Forbidden for url: https://www.91mobiles.com/list-of-headphones/headphones-under-5000-in-india
2026-05-17 11:43:37.032 | INFO     | app.services.search_service:search_products:89 - DDGS returned 15 results, scraped 5 pages
2026-05-17 11:50:31.683 | DEBUG    | app.agents.market_agent:run_market_agent:109 - Market chain raw response: {
  "products": [
    {
      "name": "Wireless Earphones Under 5000",
      "brand": "Myntra",
      "model": "Wireless Earphones Under 5000",
      "price": 200,
      "currency": "INR",
      "platform": "Amazon/Flipkart/Croma/etc",
      "specs": {
        "key": "color",
        "value": "Black
2026-05-17 11:50:32.621 | INFO     | app.main:event_stream:110 - Agent Activity — market: agent_complete — Found 2 products
2026-05-17 11:50:32.624 | INFO     | app.main:event_stream:110 - Agent Activity — system: token — 
2026-05-17 11:50:32.625 | INFO     | app.main:event_stream:110 - Agent Activity — system: token — 
2026-05-17 11:50:32.626 | INFO     | app.main:event_stream:110 - Agent Activity — system: token — 
2026-05-17 11:50:32.626 | INFO     | app.main:event_stream:110 - Agent Activity — system: token — 
2026-05-17 11:50:32.627 | INFO     | app.main:event_stream:110 - Agent Activity — system: token — 
2026-05-17 11:50:32.628 | INFO     | app.main:event_stream:110 - Agent Activity — system: token — 
2026-05-17 11:50:32.628 | INFO     | app.main:event_stream:110 - Agent Activity — system: token — 
2026-05-17 11:50:32.629 | INFO     | app.main:event_stream:110 - Agent Activity — system: token — 
2026-05-17 11:50:32.632 | INFO     | app.main:event_stream:110 - Agent Activity — system: token — 
2026-05-17 11:50:32.634 | INFO     | app.main:event_stream:110 - Agent Activity — system: token — 
2026-05-17 11:50:32.637 | INFO     | app.main:event_stream:110 - Agent Activity — system: token — 
2026-05-17 11:50:32.642 | INFO     | app.main:event_stream:110 - Agent Activity — system: token — 
2026-05-17 11:50:32.644 | INFO     | app.main:event_stream:110 - Agent Activity — system: token — 
2026-05-17 11:50:32.645 | INFO     | app.main:event_stream:110 - Agent Activity — system: token — 
2026-05-17 11:50:32.650 | INFO     | app.main:event_stream:110 - Agent Activity — system: token — 
2026-05-17 11:50:32.653 | INFO     | app.main:event_stream:110 - Agent Activity — system: token — 
2026-05-17 11:50:32.658 | INFO     | app.main:event_stream:110 - Agent Activity — system: token — 
2026-05-17 11:50:32.665 | INFO     | app.main:event_stream:110 - Agent Activity — system: token — 
2026-05-17 11:50:32.667 | INFO     | app.main:event_stream:110 - Agent Activity — system: token — 
2026-05-17 11:50:32.669 | INFO     | app.main:event_stream:110 - Agent Activity — system: token — 
2026-05-17 11:50:32.671 | INFO     | app.main:event_stream:110 - Agent Activity — system: token — 
2026-05-17 11:50:32.675 | INFO     | app.main:event_stream:110 - Agent Activity — system: token — 
2026-05-17 11:50:32.685 | INFO     | app.main:event_stream:110 - Agent Activity — system: token — 
2026-05-17 11:50:32.686 | INFO     | app.main:event_stream:110 - Agent Activity — system: token — 
2026-05-17 11:50:32.688 | INFO     | app.main:event_stream:110 - Agent Activity — system: token — 
2026-05-17 11:50:32.691 | INFO     | app.main:event_stream:110 - Agent Activity — system: token — 
2026-05-17 11:50:32.692 | INFO     | app.main:event_stream:110 - Agent Activity — system: token — 
2026-05-17 11:50:32.693 | INFO     | app.main:event_stream:110 - Agent Activity — system: token — 
2026-05-17 11:50:32.695 | INFO     | app.main:event_stream:110 - Agent Activity — system: token — 
2026-05-17 11:50:32.700 | INFO     | app.main:event_stream:110 - Agent Activity — system: token — 
2026-05-17 11:50:32.704 | INFO     | app.main:event_stream:110 - Agent Activity — system: token — 
2026-05-17 11:50:32.705 | INFO     | app.main:event_stream:110 - Agent Activity — system: token — 
2026-05-17 11:50:32.706 | INFO     | app.main:event_stream:110 - Agent Activity — system: token — 
2026-05-17 11:50:32.707 | INFO     | app.main:event_stream:110 - Agent Activity — system: token — 
2026-05-17 11:50:32.711 | INFO     | app.main:event_stream:110 - Agent Activity — system: token — 
2026-05-17 11:50:32.718 | INFO     | app.main:event_stream:110 - Agent Activity — system: token — 
2026-05-17 11:50:32.722 | INFO     | app.main:event_stream:110 - Agent Activity — system: token — 
2026-05-17 11:50:32.724 | INFO     | app.main:event_stream:110 - Agent Activity — system: token — 
2026-05-17 11:50:32.724 | INFO     | app.main:event_stream:110 - Agent Activity — system: token — 
2026-05-17 11:50:32.725 | INFO     | app.main:event_stream:110 - Agent Activity — system: token — 
2026-05-17 11:50:32.726 | INFO     | app.main:event_stream:110 - Agent Activity — system: token — 
2026-05-17 11:50:32.728 | INFO     | app.main:event_stream:110 - Agent Activity — system: token — 
2026-05-17 11:50:32.731 | INFO     | app.main:event_stream:110 - Agent Activity — system: token — 
2026-05-17 11:50:32.734 | INFO     | app.main:event_stream:110 - Agent Activity — system: token — 
2026-05-17 11:50:32.736 | INFO     | app.main:event_stream:110 - Agent Activity — system: token — 
2026-05-17 11:50:32.737 | INFO     | app.main:event_stream:110 - Agent Activity — system: token — 
2026-05-17 11:50:32.740 | INFO     | app.main:event_stream:110 - Agent Activity — system: token — 
2026-05-17 11:50:32.742 | INFO     | app.main:event_stream:110 - Agent Activity — system: token — 
2026-05-17 11:50:32.743 | INFO     | app.main:event_stream:110 - Agent Activity — system: token — 
2026-05-17 11:50:32.743 | INFO     | app.main:event_stream:110 - Agent Activity — system: token — 
2026-05-17 11:50:32.744 | INFO     | app.main:event_stream:110 - Agent Activity — system: token — 
2026-05-17 11:50:32.744 | INFO     | app.main:event_stream:110 - Agent Activity — system: token — 
2026-05-17 11:50:32.745 | INFO     | app.main:event_stream:110 - Agent Activity — system: token — 
2026-05-17 11:50:32.746 | INFO     | app.main:event_stream:110 - Agent Activity — system: token — 
2026-05-17 11:50:32.746 | INFO     | app.main:event_stream:110 - Agent Activity — system: token — 
2026-05-17 11:50:32.748 | INFO     | app.main:event_stream:110 - Agent Activity — system: token — 
2026-05-17 11:50:32.749 | INFO     | app.main:event_stream:110 - Agent Activity — system: token — 
2026-05-17 11:50:32.750 | INFO     | app.main:event_stream:110 - Agent Activity — system: token — 
2026-05-17 11:50:32.752 | INFO     | app.main:event_stream:110 - Agent Activity — system: token — 
2026-05-17 11:50:32.754 | INFO     | app.main:event_stream:110 - Agent Activity — system: token — 
2026-05-17 11:50:32.757 | INFO     | app.main:event_stream:110 - Agent Activity — system: token — 
2026-05-17 11:50:32.758 | INFO     | app.main:event_stream:110 - Agent Activity — system: token — 
2026-05-17 11:50:32.759 | INFO     | app.main:event_stream:110 - Agent Activity — system: token — 
2026-05-17 11:50:32.759 | INFO     | app.main:event_stream:110 - Agent Activity — system: token — 
2026-05-17 11:50:32.760 | INFO     | app.main:event_stream:110 - Agent Activity — system: token — 
2026-05-17 11:50:32.760 | INFO     | app.main:event_stream:110 - Agent Activity — system: token — 
2026-05-17 11:50:32.761 | INFO     | app.main:event_stream:110 - Agent Activity — system: token — 
2026-05-17 11:50:32.762 | INFO     | app.main:event_stream:110 - Agent Activity — system: token — 
2026-05-17 11:50:32.762 | INFO     | app.main:event_stream:110 - Agent Activity — system: token — 
2026-05-17 11:50:32.763 | INFO     | app.main:event_stream:110 - Agent Activity — system: token — 
2026-05-17 11:50:32.765 | INFO     | app.main:event_stream:110 - Agent Activity — system: token — 
2026-05-17 11:50:32.767 | INFO     | app.main:event_stream:110 - Agent Activity — system: token — 
2026-05-17 11:50:32.768 | INFO     | app.main:event_stream:110 - Agent Activity — system: token — 
2026-05-17 11:50:32.769 | INFO     | app.main:event_stream:110 - Agent Activity — system: token — 
2026-05-17 11:50:32.771 | INFO     | app.main:event_stream:110 - Agent Activity — system: token — 
2026-05-17 11:50:32.773 | INFO     | app.main:event_stream:110 - Agent Activity — system: token — 
2026-05-17 11:50:32.776 | INFO     | app.main:event_stream:110 - Agent Activity — system: token — 
2026-05-17 11:50:32.777 | INFO     | app.main:event_stream:110 - Agent Activity — system: token — 
2026-05-17 11:50:32.778 | INFO     | app.main:event_stream:110 - Agent Activity — system: token — 
2026-05-17 11:50:32.778 | INFO     | app.main:event_stream:110 - Agent Activity — system: token — 
2026-05-17 11:50:32.779 | INFO     | app.main:event_stream:110 - Agent Activity — system: token — 
2026-05-17 11:50:32.780 | INFO     | app.main:event_stream:110 - Agent Activity — system: token — 
2026-05-17 11:50:32.782 | INFO     | app.main:event_stream:110 - Agent Activity — system: token — 
2026-05-17 11:50:32.783 | INFO     | app.main:event_stream:110 - Agent Activity — system: token — 
2026-05-17 11:50:32.785 | INFO     | app.main:event_stream:110 - Agent Activity — system: token — 
2026-05-17 11:50:32.788 | INFO     | app.main:event_stream:110 - Agent Activity — system: token — 
2026-05-17 11:50:32.791 | INFO     | app.main:event_stream:110 - Agent Activity — system: token — 
2026-05-17 11:50:32.792 | INFO     | app.main:event_stream:110 - Agent Activity — system: token — 
2026-05-17 11:50:32.793 | INFO     | app.main:event_stream:110 - Agent Activity — system: token — 
2026-05-17 11:50:32.794 | INFO     | app.main:event_stream:110 - Agent Activity — system: token — 
2026-05-17 11:50:32.794 | INFO     | app.main:event_stream:110 - Agent Activity — system: token — 
2026-05-17 11:50:32.795 | INFO     | app.main:event_stream:110 - Agent Activity — system: token — 
2026-05-17 11:50:32.801 | INFO     | app.main:event_stream:110 - Agent Activity — system: token — 
2026-05-17 11:50:32.802 | INFO     | app.main:event_stream:110 - Agent Activity — system: token — 
2026-05-17 11:50:32.803 | INFO     | app.main:event_stream:110 - Agent Activity — system: token — 
2026-05-17 11:50:32.805 | INFO     | app.main:event_stream:110 - Agent Activity — system: token — 
2026-05-17 11:50:32.808 | INFO     | app.main:event_stream:110 - Agent Activity — system: token — 
2026-05-17 11:50:32.810 | INFO     | app.main:event_stream:110 - Agent Activity — system: token — 
2026-05-17 11:50:32.811 | INFO     | app.main:event_stream:110 - Agent Activity — system: token — 
2026-05-17 11:50:32.812 | INFO     | app.main:event_stream:110 - Agent Activity — system: token — 
2026-05-17 11:50:32.813 | INFO     | app.main:event_stream:110 - Agent Activity — system: token — 
2026-05-17 11:50:32.816 | INFO     | app.main:event_stream:110 - Agent Activity — system: token — 
2026-05-17 11:50:32.817 | INFO     | app.main:event_stream:110 - Agent Activity — system: token — 
2026-05-17 11:50:32.819 | INFO     | app.main:event_stream:110 - Agent Activity — system: token — 
2026-05-17 11:50:32.819 | INFO     | app.main:event_stream:110 - Agent Activity — system: token — 
2026-05-17 11:50:32.820 | INFO     | app.main:event_stream:110 - Agent Activity — system: token — 
2026-05-17 11:50:32.821 | INFO     | app.main:event_stream:110 - Agent Activity — system: token — 
2026-05-17 11:50:32.824 | INFO     | app.main:event_stream:110 - Agent Activity — system: token — 
2026-05-17 11:50:32.825 | INFO     | app.main:event_stream:110 - Agent Activity — system: token — 
2026-05-17 11:50:32.826 | INFO     | app.main:event_stream:110 - Agent Activity — system: token — 
2026-05-17 11:50:32.827 | INFO     | app.main:event_stream:110 - Agent Activity — system: token — 
2026-05-17 11:50:32.828 | INFO     | app.main:event_stream:110 - Agent Activity — system: token — 
2026-05-17 11:50:32.828 | INFO     | app.main:event_stream:110 - Agent Activity — system: token — 
2026-05-17 11:50:32.830 | INFO     | app.main:event_stream:110 - Agent Activity — system: final_result — Research complete! See the dashboard for details.
2026-05-17 11:50:32.834 | INFO     | app.main:event_stream:110 - Agent Activity — system: done — 
2026-05-17 11:58:59.315 | INFO     | app.main:lifespan:42 - 👋 VeriBuy Backend shutting down
2026-05-17 19:19:29.802 | INFO     | app.main:lifespan:32 - 🚀 VeriBuy Backend starting...
2026-05-17 19:19:32.365 | WARNING  | app.main:lifespan:39 - ⚠️ Ollama not detected — LLM calls will fail
2026-05-17 19:29:39.886 | INFO     | app.main:lifespan:42 - 👋 VeriBuy Backend shutting down
2026-05-17 19:29:48.389 | INFO     | app.main:lifespan:32 - 🚀 VeriBuy Backend starting...
2026-05-17 19:29:51.188 | WARNING  | app.main:lifespan:39 - ⚠️ Ollama not detected — LLM calls will fail
2026-05-17 19:31:41.228 | INFO     | app.main:lifespan:42 - 👋 VeriBuy Backend shutting down
2026-05-17 19:31:43.118 | INFO     | app.main:lifespan:32 - 🚀 VeriBuy Backend starting...
2026-05-17 19:31:45.732 | WARNING  | app.main:lifespan:39 - ⚠️ Ollama not detected — LLM calls will fail
2026-05-17 19:33:19.180 | INFO     | app.main:lifespan:42 - 👋 VeriBuy Backend shutting down
2026-05-17 19:33:24.944 | INFO     | app.main:lifespan:32 - 🚀 VeriBuy Backend starting...
2026-05-17 19:33:27.478 | WARNING  | app.main:lifespan:39 - ⚠️ Ollama not detected — LLM calls will fail
2026-05-17 19:35:17.357 | INFO     | app.main:lifespan:42 - 👋 VeriBuy Backend shutting down
2026-05-17 19:35:19.343 | INFO     | app.main:lifespan:32 - 🚀 VeriBuy Backend starting...
2026-05-17 19:35:21.902 | WARNING  | app.main:lifespan:39 - ⚠️ Ollama not detected — LLM calls will fail
2026-05-17 19:41:30.677 | INFO     | app.main:lifespan:42 - 👋 VeriBuy Backend shutting down
2026-05-17 19:41:32.516 | INFO     | app.main:lifespan:32 - 🚀 VeriBuy Backend starting...
2026-05-17 19:41:35.065 | WARNING  | app.main:lifespan:39 - ⚠️ Ollama not detected — LLM calls will fail
2026-05-17 19:42:44.279 | INFO     | app.main:chat:86 - User queried: Best coding laptops with 32GB RAM
2026-05-17 19:42:44.282 | INFO     | app.main:event_stream:110 - Agent Activity — intent: agent_start — Understanding your requirements...
2026-05-17 19:42:47.682 | ERROR    | app.agents.intent_agent:run_intent_agent:71 - Intent agent error: All connection attempts failed
2026-05-17 19:42:47.683 | INFO     | app.main:event_stream:110 - Agent Activity — intent: agent_complete — Identified: unknown for Best coding laptops with 32GB RAM
2026-05-17 19:42:47.685 | INFO     | app.main:event_stream:110 - Agent Activity — intent: followup_needed — I need a bit more info: What type of product are you looking for?
2026-05-17 19:42:47.685 | INFO     | app.main:event_stream:110 - Agent Activity — system: token — 
2026-05-17 19:42:47.686 | INFO     | app.main:event_stream:110 - Agent Activity — system: token — 
2026-05-17 19:42:47.687 | INFO     | app.main:event_stream:110 - Agent Activity — system: token — 
2026-05-17 19:42:47.688 | INFO     | app.main:event_stream:110 - Agent Activity — system: token — 
2026-05-17 19:42:47.688 | INFO     | app.main:event_stream:110 - Agent Activity — system: token — 
2026-05-17 19:42:47.689 | INFO     | app.main:event_stream:110 - Agent Activity — system: token — 
2026-05-17 19:42:47.690 | INFO     | app.main:event_stream:110 - Agent Activity — system: token — 
2026-05-17 19:42:47.691 | INFO     | app.main:event_stream:110 - Agent Activity — system: token — 
2026-05-17 19:42:47.692 | INFO     | app.main:event_stream:110 - Agent Activity — system: token — 
2026-05-17 19:42:47.693 | INFO     | app.main:event_stream:110 - Agent Activity — system: token — 
2026-05-17 19:42:47.694 | INFO     | app.main:event_stream:110 - Agent Activity — system: token — 
2026-05-17 19:42:47.695 | INFO     | app.main:event_stream:110 - Agent Activity — system: token — 
2026-05-17 19:42:47.696 | INFO     | app.main:event_stream:110 - Agent Activity — system: token — 
2026-05-17 19:42:47.698 | INFO     | app.main:event_stream:110 - Agent Activity — system: token — 
2026-05-17 19:42:47.699 | INFO     | app.main:event_stream:110 - Agent Activity — system: done — 
2026-05-17 20:03:54.765 | INFO     | app.main:lifespan:42 - 👋 VeriBuy Backend shutting down
2026-05-17 20:04:01.388 | INFO     | app.main:lifespan:32 - 🚀 VeriBuy Backend starting...
2026-05-17 20:04:01.686 | INFO     | app.main:lifespan:37 - ✅ Ollama connected — model: qwen3:0.6b
2026-05-17 20:04:33.508 | INFO     | app.main:chat:86 - User queried: im not sure
2026-05-17 20:04:33.511 | INFO     | app.main:event_stream:110 - Agent Activity — intent: agent_start — Understanding your requirements...
2026-05-17 20:05:30.591 | DEBUG    | app.agents.intent_agent:run_intent_agent:58 - Intent chain raw response: {"product_category": "earphone", "product_name": null, "specifications": [], "budget_range": {"min_price": 0, "max_price": 999999, "currency": "INR"}, "usage_context": "general", "brand_preferences": [], "urgency": "immediate", "is_specific_product": false, "is_complete": true, "missing_fields": [{"
2026-05-17 20:05:30.593 | INFO     | app.agents.intent_agent:run_intent_agent:63 - Intent extracted: category=earphone, specific=False, complete=True, confidence=0.8
2026-05-17 20:05:30.597 | INFO     | app.main:event_stream:110 - Agent Activity — intent: agent_complete — Identified: earphone
2026-05-17 20:05:30.599 | INFO     | app.main:event_stream:110 - Agent Activity — market: agent_start — Searching products across platforms...
2026-05-17 20:05:30.600 | INFO     | app.agents.market_agent:run_market_agent:70 - Market agent searching: 'earphone India buy'
2026-05-17 20:05:30.601 | INFO     | app.services.search_service:search_products:45 - Searching products via DDGS + BeautifulSoup: earphone India buy
2026-05-17 20:05:59.543 | INFO     | app.services.search_service:search_products:89 - DDGS returned 15 results, scraped 5 pages
2026-05-17 20:14:46.486 | INFO     | app.main:lifespan:42 - 👋 VeriBuy Backend shutting down
2026-05-17 20:15:20.911 | INFO     | app.main:lifespan:32 - 🚀 VeriBuy Backend starting...
2026-05-17 20:15:21.190 | INFO     | app.main:lifespan:37 - ✅ Ollama connected — model: qwen3:0.6b
2026-05-17 20:16:22.413 | INFO     | app.main:chat:86 - User queried: Best coding laptops with 32GB RAM
2026-05-17 20:16:22.415 | INFO     | app.main:event_stream:110 - Agent Activity — intent: agent_start — Understanding your requirements...
2026-05-17 20:17:45.672 | DEBUG    | app.agents.intent_agent:run_intent_agent:58 - Intent chain raw response: {
  "product_category": "laptop",
  "product_name": null,
  "specifications": ["32GB RAM"],
  "budget_range": {
    "min_price": 0,
    "max_price": 999999,
    "currency": "INR"
  },
  "usage_context": "gaming",
  "brand_preferences": [],
  "urgency": "immediate",
  "is_specific_product": false,
  
2026-05-17 20:17:45.672 | INFO     | app.agents.intent_agent:run_intent_agent:63 - Intent extracted: category=laptop, specific=False, complete=True, confidence=0.8
2026-05-17 20:17:45.675 | INFO     | app.main:event_stream:110 - Agent Activity — intent: agent_complete — Identified: laptop for gaming
2026-05-17 20:17:45.677 | INFO     | app.main:event_stream:110 - Agent Activity — market: agent_start — Searching products across platforms...
2026-05-17 20:17:45.679 | INFO     | app.agents.market_agent:run_market_agent:70 - Market agent searching: 'laptop 32GB RAM for gaming India buy'
2026-05-17 20:17:45.680 | INFO     | app.services.search_service:search_products:45 - Searching products via DDGS + BeautifulSoup: laptop 32GB RAM for gaming India buy
2026-05-17 20:17:49.589 | WARNING  | app.services.search_service:_scrape_page_text:30 - Scrape failed for https://www.smartprix.com/laptops/32gb-ram-laptops-list: 403 Client Error: Forbidden for url: https://www.smartprix.com/laptops/32gb-ram-laptops-list
2026-05-17 20:18:00.044 | WARNING  | app.services.search_service:_scrape_page_text:30 - Scrape failed for https://store.acer.com/en-in/32gb-ram-laptop?srsltid=AfmBOorBl0moKMgghGQ3aT1hdv41pP4TdSAgMYAqjo5bvVTxPG8O-4Aq: HTTPSConnectionPool(host='store.acer.com', port=443): Read timed out. (read timeout=10)
2026-05-17 20:18:02.467 | WARNING  | app.services.search_service:_scrape_page_text:30 - Scrape failed for https://vestadeal.com/ram/32gb/: 406 Client Error: Not Acceptable for url: https://vestadeal.com/ram/32gb/
2026-05-17 20:18:02.804 | WARNING  | app.services.search_service:_scrape_page_text:30 - Scrape failed for https://www.quora.com/Where-can-I-get-a-32GB-RAM-laptop-in-India: 403 Client Error: Forbidden for url: https://www.quora.com/Where-can-I-get-a-32GB-RAM-laptop-in-India
2026-05-17 20:18:02.806 | INFO     | app.services.search_service:search_products:89 - DDGS returned 15 results, scraped 5 pages
2026-05-17 20:31:58.224 | DEBUG    | app.agents.market_agent:run_market_agent:109 - Market chain raw response: publication
Okay, let's see. The user wants me to extract and structure products based on their requirements. First, I need to understand the rules provided. They want a JSON object with a "products" array, each containing specific fields. If a product is within a budget range (10% over max), includ
2026-05-17 20:31:59.815 | INFO     | app.main:event_stream:110 - Agent Activity — market: agent_complete — Found 3 products
2026-05-17 20:31:59.816 | INFO     | app.main:event_stream:110 - Agent Activity — system: token — 
2026-05-17 20:31:59.817 | INFO     | app.main:event_stream:110 - Agent Activity — system: token — 
2026-05-17 20:31:59.818 | INFO     | app.main:event_stream:110 - Agent Activity — system: token — 
2026-05-17 20:31:59.819 | INFO     | app.main:event_stream:110 - Agent Activity — system: token — 
2026-05-17 20:31:59.820 | INFO     | app.main:event_stream:110 - Agent Activity — system: token — 
2026-05-17 20:31:59.822 | INFO     | app.main:event_stream:110 - Agent Activity — system: token — 
2026-05-17 20:31:59.823 | INFO     | app.main:event_stream:110 - Agent Activity — system: token — 
2026-05-17 20:31:59.824 | INFO     | app.main:event_stream:110 - Agent Activity — system: token — 
2026-05-17 20:31:59.826 | INFO     | app.main:event_stream:110 - Agent Activity — system: token — 
2026-05-17 20:31:59.827 | INFO     | app.main:event_stream:110 - Agent Activity — system: token — 
2026-05-17 20:31:59.828 | INFO     | app.main:event_stream:110 - Agent Activity — system: token — 
2026-05-17 20:31:59.830 | INFO     | app.main:event_stream:110 - Agent Activity — system: token — 
2026-05-17 20:31:59.831 | INFO     | app.main:event_stream:110 - Agent Activity — system: token — 
2026-05-17 20:31:59.832 | INFO     | app.main:event_stream:110 - Agent Activity — system: token — 
2026-05-17 20:31:59.834 | INFO     | app.main:event_stream:110 - Agent Activity — system: token — 
2026-05-17 20:31:59.836 | INFO     | app.main:event_stream:110 - Agent Activity — system: token — 
2026-05-17 20:31:59.838 | INFO     | app.main:event_stream:110 - Agent Activity — system: token — 
2026-05-17 20:31:59.840 | INFO     | app.main:event_stream:110 - Agent Activity — system: token — 
2026-05-17 20:31:59.842 | INFO     | app.main:event_stream:110 - Agent Activity — system: token — 
2026-05-17 20:31:59.845 | INFO     | app.main:event_stream:110 - Agent Activity — system: token — 
2026-05-17 20:31:59.846 | INFO     | app.main:event_stream:110 - Agent Activity — system: token — 
2026-05-17 20:31:59.848 | INFO     | app.main:event_stream:110 - Agent Activity — system: token — 
2026-05-17 20:31:59.850 | INFO     | app.main:event_stream:110 - Agent Activity — system: token — 
2026-05-17 20:31:59.852 | INFO     | app.main:event_stream:110 - Agent Activity — system: token — 
2026-05-17 20:31:59.853 | INFO     | app.main:event_stream:110 - Agent Activity — system: token — 
2026-05-17 20:31:59.856 | INFO     | app.main:event_stream:110 - Agent Activity — system: token — 
2026-05-17 20:31:59.858 | INFO     | app.main:event_stream:110 - Agent Activity — system: token — 
2026-05-17 20:31:59.861 | INFO     | app.main:event_stream:110 - Agent Activity — system: token — 
2026-05-17 20:31:59.863 | INFO     | app.main:event_stream:110 - Agent Activity — system: token — 
2026-05-17 20:31:59.865 | INFO     | app.main:event_stream:110 - Agent Activity — system: token — 
2026-05-17 20:31:59.868 | INFO     | app.main:event_stream:110 - Agent Activity — system: token — 
2026-05-17 20:31:59.869 | INFO     | app.main:event_stream:110 - Agent Activity — system: token — 
2026-05-17 20:31:59.871 | INFO     | app.main:event_stream:110 - Agent Activity — system: token — 
2026-05-17 20:31:59.874 | INFO     | app.main:event_stream:110 - Agent Activity — system: token — 
2026-05-17 20:31:59.876 | INFO     | app.main:event_stream:110 - Agent Activity — system: token — 
2026-05-17 20:31:59.878 | INFO     | app.main:event_stream:110 - Agent Activity — system: token — 
2026-05-17 20:31:59.881 | INFO     | app.main:event_stream:110 - Agent Activity — system: token — 
2026-05-17 20:31:59.883 | INFO     | app.main:event_stream:110 - Agent Activity — system: token — 
2026-05-17 20:31:59.886 | INFO     | app.main:event_stream:110 - Agent Activity — system: token — 
2026-05-17 20:31:59.888 | INFO     | app.main:event_stream:110 - Agent Activity — system: token — 
2026-05-17 20:31:59.891 | INFO     | app.main:event_stream:110 - Agent Activity — system: token — 
2026-05-17 20:31:59.893 | INFO     | app.main:event_stream:110 - Agent Activity — system: token — 
2026-05-17 20:31:59.895 | INFO     | app.main:event_stream:110 - Agent Activity — system: token — 
2026-05-17 20:31:59.897 | INFO     | app.main:event_stream:110 - Agent Activity — system: token — 
2026-05-17 20:31:59.899 | INFO     | app.main:event_stream:110 - Agent Activity — system: token — 
2026-05-17 20:31:59.902 | INFO     | app.main:event_stream:110 - Agent Activity — system: token — 
2026-05-17 20:31:59.903 | INFO     | app.main:event_stream:110 - Agent Activity — system: token — 
2026-05-17 20:31:59.906 | INFO     | app.main:event_stream:110 - Agent Activity — system: token — 
2026-05-17 20:31:59.909 | INFO     | app.main:event_stream:110 - Agent Activity — system: token — 
2026-05-17 20:31:59.911 | INFO     | app.main:event_stream:110 - Agent Activity — system: token — 
2026-05-17 20:31:59.913 | INFO     | app.main:event_stream:110 - Agent Activity — system: token — 
2026-05-17 20:31:59.915 | INFO     | app.main:event_stream:110 - Agent Activity — system: token — 
2026-05-17 20:31:59.917 | INFO     | app.main:event_stream:110 - Agent Activity — system: token — 
2026-05-17 20:31:59.919 | INFO     | app.main:event_stream:110 - Agent Activity — system: token — 
2026-05-17 20:31:59.922 | INFO     | app.main:event_stream:110 - Agent Activity — system: token — 
2026-05-17 20:31:59.925 | INFO     | app.main:event_stream:110 - Agent Activity — system: token — 
2026-05-17 20:31:59.927 | INFO     | app.main:event_stream:110 - Agent Activity — system: token — 
2026-05-17 20:31:59.929 | INFO     | app.main:event_stream:110 - Agent Activity — system: token — 
2026-05-17 20:31:59.932 | INFO     | app.main:event_stream:110 - Agent Activity — system: token — 
2026-05-17 20:31:59.933 | INFO     | app.main:event_stream:110 - Agent Activity — system: token — 
2026-05-17 20:31:59.935 | INFO     | app.main:event_stream:110 - Agent Activity — system: token — 
2026-05-17 20:31:59.936 | INFO     | app.main:event_stream:110 - Agent Activity — system: token — 
2026-05-17 20:31:59.939 | INFO     | app.main:event_stream:110 - Agent Activity — system: token — 
2026-05-17 20:31:59.941 | INFO     | app.main:event_stream:110 - Agent Activity — system: token — 
2026-05-17 20:31:59.944 | INFO     | app.main:event_stream:110 - Agent Activity — system: token — 
2026-05-17 20:31:59.945 | INFO     | app.main:event_stream:110 - Agent Activity — system: token — 
2026-05-17 20:31:59.947 | INFO     | app.main:event_stream:110 - Agent Activity — system: token — 
2026-05-17 20:31:59.949 | INFO     | app.main:event_stream:110 - Agent Activity — system: token — 
2026-05-17 20:31:59.950 | INFO     | app.main:event_stream:110 - Agent Activity — system: token — 
2026-05-17 20:31:59.952 | INFO     | app.main:event_stream:110 - Agent Activity — system: token — 
2026-05-17 20:31:59.953 | INFO     | app.main:event_stream:110 - Agent Activity — system: token — 
2026-05-17 20:31:59.954 | INFO     | app.main:event_stream:110 - Agent Activity — system: token — 
2026-05-17 20:31:59.956 | INFO     | app.main:event_stream:110 - Agent Activity — system: token — 
2026-05-17 20:31:59.958 | INFO     | app.main:event_stream:110 - Agent Activity — system: token — 
2026-05-17 20:31:59.961 | INFO     | app.main:event_stream:110 - Agent Activity — system: token — 
2026-05-17 20:31:59.963 | INFO     | app.main:event_stream:110 - Agent Activity — system: token — 
2026-05-17 20:31:59.964 | INFO     | app.main:event_stream:110 - Agent Activity — system: token — 
2026-05-17 20:31:59.966 | INFO     | app.main:event_stream:110 - Agent Activity — system: token — 
2026-05-17 20:31:59.967 | INFO     | app.main:event_stream:110 - Agent Activity — system: token — 
2026-05-17 20:31:59.969 | INFO     | app.main:event_stream:110 - Agent Activity — system: token — 
2026-05-17 20:31:59.970 | INFO     | app.main:event_stream:110 - Agent Activity — system: token — 
2026-05-17 20:31:59.972 | INFO     | app.main:event_stream:110 - Agent Activity — system: token — 
2026-05-17 20:31:59.975 | INFO     | app.main:event_stream:110 - Agent Activity — system: token — 
2026-05-17 20:31:59.977 | INFO     | app.main:event_stream:110 - Agent Activity — system: token — 
2026-05-17 20:31:59.979 | INFO     | app.main:event_stream:110 - Agent Activity — system: token — 
2026-05-17 20:31:59.981 | INFO     | app.main:event_stream:110 - Agent Activity — system: token — 
2026-05-17 20:31:59.983 | INFO     | app.main:event_stream:110 - Agent Activity — system: token — 
2026-05-17 20:31:59.985 | INFO     | app.main:event_stream:110 - Agent Activity — system: token — 
2026-05-17 20:31:59.987 | INFO     | app.main:event_stream:110 - Agent Activity — system: token — 
2026-05-17 20:31:59.991 | INFO     | app.main:event_stream:110 - Agent Activity — system: token — 
2026-05-17 20:31:59.993 | INFO     | app.main:event_stream:110 - Agent Activity — system: token — 
2026-05-17 20:31:59.995 | INFO     | app.main:event_stream:110 - Agent Activity — system: token — 
2026-05-17 20:31:59.998 | INFO     | app.main:event_stream:110 - Agent Activity — system: token — 
2026-05-17 20:32:00.000 | INFO     | app.main:event_stream:110 - Agent Activity — system: token — 
2026-05-17 20:32:00.002 | INFO     | app.main:event_stream:110 - Agent Activity — system: token — 
2026-05-17 20:32:00.004 | INFO     | app.main:event_stream:110 - Agent Activity — system: token — 
2026-05-17 20:32:00.006 | INFO     | app.main:event_stream:110 - Agent Activity — system: token — 
2026-05-17 20:32:00.011 | INFO     | app.main:event_stream:110 - Agent Activity — system: token — 
2026-05-17 20:32:00.019 | INFO     | app.main:event_stream:110 - Agent Activity — system: token — 
2026-05-17 20:32:00.022 | INFO     | app.main:event_stream:110 - Agent Activity — system: token — 
2026-05-17 20:32:00.026 | INFO     | app.main:event_stream:110 - Agent Activity — system: token — 
2026-05-17 20:32:00.028 | INFO     | app.main:event_stream:110 - Agent Activity — system: token — 
2026-05-17 20:32:00.031 | INFO     | app.main:event_stream:110 - Agent Activity — system: token — 
2026-05-17 20:32:00.034 | INFO     | app.main:event_stream:110 - Agent Activity — system: token — 
2026-05-17 20:32:00.036 | INFO     | app.main:event_stream:110 - Agent Activity — system: token — 
2026-05-17 20:32:00.042 | INFO     | app.main:event_stream:110 - Agent Activity — system: token — 
2026-05-17 20:32:00.046 | INFO     | app.main:event_stream:110 - Agent Activity — system: token — 
2026-05-17 20:32:00.051 | INFO     | app.main:event_stream:110 - Agent Activity — system: token — 
2026-05-17 20:32:00.057 | INFO     | app.main:event_stream:110 - Agent Activity — system: token — 
2026-05-17 20:32:00.059 | INFO     | app.main:event_stream:110 - Agent Activity — system: token — 
2026-05-17 20:32:00.062 | INFO     | app.main:event_stream:110 - Agent Activity — system: token — 
2026-05-17 20:32:00.063 | INFO     | app.main:event_stream:110 - Agent Activity — system: token — 
2026-05-17 20:32:00.065 | INFO     | app.main:event_stream:110 - Agent Activity — system: token — 
2026-05-17 20:32:00.067 | INFO     | app.main:event_stream:110 - Agent Activity — system: token — 
2026-05-17 20:32:00.068 | INFO     | app.main:event_stream:110 - Agent Activity — system: token — 
2026-05-17 20:32:00.070 | INFO     | app.main:event_stream:110 - Agent Activity — system: token — 
2026-05-17 20:32:00.071 | INFO     | app.main:event_stream:110 - Agent Activity — system: token — 
2026-05-17 20:32:00.073 | INFO     | app.main:event_stream:110 - Agent Activity — system: token — 
2026-05-17 20:32:00.075 | INFO     | app.main:event_stream:110 - Agent Activity — system: token — 
2026-05-17 20:32:00.078 | INFO     | app.main:event_stream:110 - Agent Activity — system: token — 
2026-05-17 20:32:00.080 | INFO     | app.main:event_stream:110 - Agent Activity — system: token — 
2026-05-17 20:32:00.082 | INFO     | app.main:event_stream:110 - Agent Activity — system: token — 
2026-05-17 20:32:00.083 | INFO     | app.main:event_stream:110 - Agent Activity — system: token — 
2026-05-17 20:32:00.084 | INFO     | app.main:event_stream:110 - Agent Activity — system: token — 
2026-05-17 20:32:00.085 | INFO     | app.main:event_stream:110 - Agent Activity — system: token — 
2026-05-17 20:32:00.085 | INFO     | app.main:event_stream:110 - Agent Activity — system: token — 
2026-05-17 20:32:00.086 | INFO     | app.main:event_stream:110 - Agent Activity — system: token — 
2026-05-17 20:32:00.087 | INFO     | app.main:event_stream:110 - Agent Activity — system: token — 
2026-05-17 20:32:00.089 | INFO     | app.main:event_stream:110 - Agent Activity — system: token — 
2026-05-17 20:32:00.090 | INFO     | app.main:event_stream:110 - Agent Activity — system: token — 
2026-05-17 20:32:00.092 | INFO     | app.main:event_stream:110 - Agent Activity — system: token — 
2026-05-17 20:32:00.093 | INFO     | app.main:event_stream:110 - Agent Activity — system: token — 
2026-05-17 20:32:00.094 | INFO     | app.main:event_stream:110 - Agent Activity — system: token — 
2026-05-17 20:32:00.095 | INFO     | app.main:event_stream:110 - Agent Activity — system: token — 
2026-05-17 20:32:00.096 | INFO     | app.main:event_stream:110 - Agent Activity — system: token — 
2026-05-17 20:32:00.097 | INFO     | app.main:event_stream:110 - Agent Activity — system: token — 
2026-05-17 20:32:00.098 | INFO     | app.main:event_stream:110 - Agent Activity — system: token — 
2026-05-17 20:32:00.099 | INFO     | app.main:event_stream:110 - Agent Activity — system: token — 
2026-05-17 20:32:00.100 | INFO     | app.main:event_stream:110 - Agent Activity — system: token — 
2026-05-17 20:32:00.101 | INFO     | app.main:event_stream:110 - Agent Activity — system: token — 
2026-05-17 20:32:00.102 | INFO     | app.main:event_stream:110 - Agent Activity — system: token — 
2026-05-17 20:32:00.103 | INFO     | app.main:event_stream:110 - Agent Activity — system: token — 
2026-05-17 20:32:00.104 | INFO     | app.main:event_stream:110 - Agent Activity — system: token — 
2026-05-17 20:32:00.107 | INFO     | app.main:event_stream:110 - Agent Activity — system: token — 
2026-05-17 20:32:00.108 | INFO     | app.main:event_stream:110 - Agent Activity — system: token — 
2026-05-17 20:32:00.109 | INFO     | app.main:event_stream:110 - Agent Activity — system: token — 
2026-05-17 20:32:00.110 | INFO     | app.main:event_stream:110 - Agent Activity — system: token — 
2026-05-17 20:32:00.111 | INFO     | app.main:event_stream:110 - Agent Activity — system: final_result — Research complete! See the dashboard for details.
2026-05-17 20:32:00.112 | INFO     | app.main:event_stream:110 - Agent Activity — system: done — 
2026-05-17 20:39:52.929 | INFO     | app.main:lifespan:42 - 👋 VeriBuy Backend shutting down
2026-05-17 20:39:55.505 | INFO     | app.main:lifespan:32 - 🚀 VeriBuy Backend starting...
2026-05-17 20:39:55.770 | INFO     | app.main:lifespan:37 - ✅ Ollama connected — model: qwen3:0.6b
2026-05-17 20:39:55.886 | INFO     | app.main:lifespan:42 - 👋 VeriBuy Backend shutting down
2026-05-17 20:39:57.489 | INFO     | app.main:lifespan:32 - 🚀 VeriBuy Backend starting...
2026-05-17 20:39:57.727 | INFO     | app.main:lifespan:37 - ✅ Ollama connected — model: qwen3:0.6b
2026-05-17 20:49:06.941 | INFO     | app.main:lifespan:42 - 👋 VeriBuy Backend shutting down
2026-05-17 20:49:08.855 | INFO     | app.main:lifespan:32 - 🚀 VeriBuy Backend starting...
2026-05-17 20:49:09.202 | INFO     | app.main:lifespan:37 - ✅ Ollama connected — model: qwen3:0.6b
2026-05-17 20:49:09.312 | INFO     | app.main:lifespan:42 - 👋 VeriBuy Backend shutting down
2026-05-17 20:57:48.213 | INFO     | app.main:lifespan:32 - 🚀 VeriBuy Backend starting...
2026-05-17 20:57:48.214 | INFO     | app.main:lifespan:37 - ✅ Ollama connected — model: qwen3:0.6b
2026-05-17 20:58:26.716 | INFO     | app.main:chat:86 - User queried: Best coding laptops with 32GB RAM
2026-05-17 20:58:26.735 | INFO     | app.main:event_stream:110 - Agent Activity — intent: agent_start — Understanding your requirements...
2026-05-17 20:58:27.662 | ERROR    | app.agents.intent_agent:run_intent_agent:71 - Intent agent error: Cannot select auto-router when using non-Hugging Face API key.
2026-05-17 20:58:27.663 | INFO     | app.main:event_stream:110 - Agent Activity — intent: agent_complete — Identified: unknown for Best coding laptops with 32GB RAM
2026-05-17 20:58:27.664 | INFO     | app.main:event_stream:110 - Agent Activity — intent: followup_needed — I need a bit more info: What type of product are you looking for?
2026-05-17 20:58:27.665 | INFO     | app.main:event_stream:110 - Agent Activity — system: token — 
2026-05-17 20:58:27.666 | INFO     | app.main:event_stream:110 - Agent Activity — system: token — 
2026-05-17 20:58:27.668 | INFO     | app.main:event_stream:110 - Agent Activity — system: token — 
2026-05-17 20:58:27.669 | INFO     | app.main:event_stream:110 - Agent Activity — system: token — 
2026-05-17 20:58:27.671 | INFO     | app.main:event_stream:110 - Agent Activity — system: token — 
2026-05-17 20:58:27.674 | INFO     | app.main:event_stream:110 - Agent Activity — system: token — 
2026-05-17 20:58:27.675 | INFO     | app.main:event_stream:110 - Agent Activity — system: token — 
2026-05-17 20:58:27.676 | INFO     | app.main:event_stream:110 - Agent Activity — system: token — 
2026-05-17 20:58:27.678 | INFO     | app.main:event_stream:110 - Agent Activity — system: token — 
2026-05-17 20:58:27.681 | INFO     | app.main:event_stream:110 - Agent Activity — system: token — 
2026-05-17 20:58:27.682 | INFO     | app.main:event_stream:110 - Agent Activity — system: token — 
2026-05-17 20:58:27.684 | INFO     | app.main:event_stream:110 - Agent Activity — system: token — 
2026-05-17 20:58:27.687 | INFO     | app.main:event_stream:110 - Agent Activity — system: token — 
2026-05-17 20:58:27.689 | INFO     | app.main:event_stream:110 - Agent Activity — system: token — 
2026-05-17 20:58:27.691 | INFO     | app.main:event_stream:110 - Agent Activity — system: done — 
2026-05-17 20:58:48.910 | INFO     | app.main:chat:86 - User queried: good coding laptops with 32GB RAM
2026-05-17 20:58:48.914 | INFO     | app.main:event_stream:110 - Agent Activity — intent: agent_start — Understanding your requirements...
2026-05-17 20:58:48.928 | ERROR    | app.agents.intent_agent:run_intent_agent:71 - Intent agent error: Cannot select auto-router when using non-Hugging Face API key.
2026-05-17 20:58:48.932 | INFO     | app.main:event_stream:110 - Agent Activity — intent: agent_complete — Identified: unknown for good coding laptops with 32GB RAM
2026-05-17 20:58:48.934 | INFO     | app.main:event_stream:110 - Agent Activity — intent: followup_needed — I need a bit more info: What type of product are you looking for?
2026-05-17 20:58:48.936 | INFO     | app.main:event_stream:110 - Agent Activity — system: token — 
2026-05-17 20:58:48.938 | INFO     | app.main:event_stream:110 - Agent Activity — system: token — 
2026-05-17 20:58:48.940 | INFO     | app.main:event_stream:110 - Agent Activity — system: token — 
2026-05-17 20:58:48.942 | INFO     | app.main:event_stream:110 - Agent Activity — system: token — 
2026-05-17 20:58:48.944 | INFO     | app.main:event_stream:110 - Agent Activity — system: token — 
2026-05-17 20:58:48.946 | INFO     | app.main:event_stream:110 - Agent Activity — system: token — 
2026-05-17 20:58:48.948 | INFO     | app.main:event_stream:110 - Agent Activity — system: token — 
2026-05-17 20:58:48.952 | INFO     | app.main:event_stream:110 - Agent Activity — system: token — 
2026-05-17 20:58:48.954 | INFO     | app.main:event_stream:110 - Agent Activity — system: token — 
2026-05-17 20:58:48.955 | INFO     | app.main:event_stream:110 - Agent Activity — system: token — 
2026-05-17 20:58:48.957 | INFO     | app.main:event_stream:110 - Agent Activity — system: token — 
2026-05-17 20:58:48.958 | INFO     | app.main:event_stream:110 - Agent Activity — system: token — 
2026-05-17 20:58:48.960 | INFO     | app.main:event_stream:110 - Agent Activity — system: token — 
2026-05-17 20:58:48.962 | INFO     | app.main:event_stream:110 - Agent Activity — system: token — 
2026-05-17 20:58:48.964 | INFO     | app.main:event_stream:110 - Agent Activity — system: done — 
2026-05-17 20:59:27.801 | INFO     | app.main:chat:86 - User queried: asus laptops with 32GB RAM
2026-05-17 20:59:27.805 | INFO     | app.main:event_stream:110 - Agent Activity — intent: agent_start — Understanding your requirements...
2026-05-17 20:59:27.825 | ERROR    | app.agents.intent_agent:run_intent_agent:71 - Intent agent error: Cannot select auto-router when using non-Hugging Face API key.
2026-05-17 20:59:27.831 | INFO     | app.main:event_stream:110 - Agent Activity — intent: agent_complete — Identified: unknown for asus laptops with 32GB RAM
2026-05-17 20:59:27.835 | INFO     | app.main:event_stream:110 - Agent Activity — intent: followup_needed — I need a bit more info: What type of product are you looking for?
2026-05-17 20:59:27.837 | INFO     | app.main:event_stream:110 - Agent Activity — system: token — 
2026-05-17 20:59:27.839 | INFO     | app.main:event_stream:110 - Agent Activity — system: token — 
2026-05-17 20:59:27.842 | INFO     | app.main:event_stream:110 - Agent Activity — system: token — 
2026-05-17 20:59:27.844 | INFO     | app.main:event_stream:110 - Agent Activity — system: token — 
2026-05-17 20:59:27.846 | INFO     | app.main:event_stream:110 - Agent Activity — system: token — 
2026-05-17 20:59:27.848 | INFO     | app.main:event_stream:110 - Agent Activity — system: token — 
2026-05-17 20:59:27.850 | INFO     | app.main:event_stream:110 - Agent Activity — system: token — 
2026-05-17 20:59:27.852 | INFO     | app.main:event_stream:110 - Agent Activity — system: token — 
2026-05-17 20:59:27.853 | INFO     | app.main:event_stream:110 - Agent Activity — system: token — 
2026-05-17 20:59:27.855 | INFO     | app.main:event_stream:110 - Agent Activity — system: token — 
2026-05-17 20:59:27.857 | INFO     | app.main:event_stream:110 - Agent Activity — system: token — 
2026-05-17 20:59:27.862 | INFO     | app.main:event_stream:110 - Agent Activity — system: token — 
2026-05-17 20:59:27.863 | INFO     | app.main:event_stream:110 - Agent Activity — system: token — 
2026-05-17 20:59:27.864 | INFO     | app.main:event_stream:110 - Agent Activity — system: token — 
2026-05-17 20:59:27.865 | INFO     | app.main:event_stream:110 - Agent Activity — system: done — 
2026-05-17 21:06:22.529 | INFO     | app.main:lifespan:42 - 👋 VeriBuy Backend shutting down
2026-05-17 21:06:26.326 | INFO     | app.main:lifespan:32 - 🚀 VeriBuy Backend starting...
2026-05-17 21:06:26.327 | INFO     | app.main:lifespan:37 - ✅ Ollama connected — model: qwen3:0.6b
2026-05-17 21:06:52.229 | INFO     | app.main:chat:86 - User queried: Best coding laptops with 32GB RAM
2026-05-17 21:06:52.239 | INFO     | app.main:event_stream:110 - Agent Activity — intent: agent_start — Understanding your requirements...
2026-05-17 21:06:53.772 | ERROR    | app.agents.intent_agent:run_intent_agent:71 - Intent agent error: (Request ID: Root=1-6a09e094-470d5a6217f5a50732f814d5;a6b6b5e5-f40c-4bf0-a78c-b908fc6f55d1)

403 Forbidden: This authentication method does not have sufficient permissions to call Inference Providers on behalf of user Manshaaaa1204.
Cannot access content at: https://router.huggingface.co/v1/chat/completions.
Make sure your token has the correct permissions.
2026-05-17 21:06:53.773 | INFO     | app.main:event_stream:110 - Agent Activity — intent: agent_complete — Identified: unknown for Best coding laptops with 32GB RAM
2026-05-17 21:06:53.774 | INFO     | app.main:event_stream:110 - Agent Activity — intent: followup_needed — I need a bit more info: What type of product are you looking for?
2026-05-17 21:06:53.776 | INFO     | app.main:event_stream:110 - Agent Activity — system: token — 
2026-05-17 21:06:53.777 | INFO     | app.main:event_stream:110 - Agent Activity — system: token — 
2026-05-17 21:06:53.778 | INFO     | app.main:event_stream:110 - Agent Activity — system: token — 
2026-05-17 21:06:53.779 | INFO     | app.main:event_stream:110 - Agent Activity — system: token — 
2026-05-17 21:06:53.780 | INFO     | app.main:event_stream:110 - Agent Activity — system: token — 
2026-05-17 21:06:53.782 | INFO     | app.main:event_stream:110 - Agent Activity — system: token — 
2026-05-17 21:06:53.784 | INFO     | app.main:event_stream:110 - Agent Activity — system: token — 
2026-05-17 21:06:53.786 | INFO     | app.main:event_stream:110 - Agent Activity — system: token — 
2026-05-17 21:06:53.787 | INFO     | app.main:event_stream:110 - Agent Activity — system: token — 
2026-05-17 21:06:53.789 | INFO     | app.main:event_stream:110 - Agent Activity — system: token — 
2026-05-17 21:06:53.792 | INFO     | app.main:event_stream:110 - Agent Activity — system: token — 
2026-05-17 21:06:53.794 | INFO     | app.main:event_stream:110 - Agent Activity — system: token — 
2026-05-17 21:06:53.797 | INFO     | app.main:event_stream:110 - Agent Activity — system: token — 
2026-05-17 21:06:53.799 | INFO     | app.main:event_stream:110 - Agent Activity — system: token — 
2026-05-17 21:06:53.802 | INFO     | app.main:event_stream:110 - Agent Activity — system: done — 
2026-05-17 21:08:09.321 | INFO     | app.main:chat:86 - User queried: asus laptop with 32gb ram
2026-05-17 21:08:09.324 | INFO     | app.main:event_stream:110 - Agent Activity — intent: agent_start — Understanding your requirements...
2026-05-17 21:08:10.339 | ERROR    | app.agents.intent_agent:run_intent_agent:71 - Intent agent error: (Request ID: Root=1-6a09e0e1-67ab99404043333021196ec7;314b674a-0d97-4153-b631-62de7f437b06)

403 Forbidden: This authentication method does not have sufficient permissions to call Inference Providers on behalf of user Manshaaaa1204.
Cannot access content at: https://router.huggingface.co/v1/chat/completions.
Make sure your token has the correct permissions.
2026-05-17 21:08:10.341 | INFO     | app.main:event_stream:110 - Agent Activity — intent: agent_complete — Identified: unknown for asus laptop with 32gb ram
2026-05-17 21:08:10.342 | INFO     | app.main:event_stream:110 - Agent Activity — intent: followup_needed — I need a bit more info: What type of product are you looking for?
2026-05-17 21:08:10.344 | INFO     | app.main:event_stream:110 - Agent Activity — system: token — 
2026-05-17 21:08:10.345 | INFO     | app.main:event_stream:110 - Agent Activity — system: token — 
2026-05-17 21:08:10.347 | INFO     | app.main:event_stream:110 - Agent Activity — system: token — 
2026-05-17 21:08:10.351 | INFO     | app.main:event_stream:110 - Agent Activity — system: token — 
2026-05-17 21:08:10.353 | INFO     | app.main:event_stream:110 - Agent Activity — system: token — 
2026-05-17 21:08:10.356 | INFO     | app.main:event_stream:110 - Agent Activity — system: token — 
2026-05-17 21:08:10.358 | INFO     | app.main:event_stream:110 - Agent Activity — system: token — 
2026-05-17 21:08:10.361 | INFO     | app.main:event_stream:110 - Agent Activity — system: token — 
2026-05-17 21:08:10.363 | INFO     | app.main:event_stream:110 - Agent Activity — system: token — 
2026-05-17 21:08:10.366 | INFO     | app.main:event_stream:110 - Agent Activity — system: token — 
2026-05-17 21:08:10.370 | INFO     | app.main:event_stream:110 - Agent Activity — system: token — 
2026-05-17 21:08:10.373 | INFO     | app.main:event_stream:110 - Agent Activity — system: token — 
2026-05-17 21:08:10.376 | INFO     | app.main:event_stream:110 - Agent Activity — system: token — 
2026-05-17 21:08:10.378 | INFO     | app.main:event_stream:110 - Agent Activity — system: token — 
2026-05-17 21:08:10.383 | INFO     | app.main:event_stream:110 - Agent Activity — system: done — 
2026-05-17 21:08:34.452 | INFO     | app.main:chat:86 - User queried: Ergonomic chairs for long remote work
2026-05-17 21:08:34.455 | INFO     | app.main:event_stream:110 - Agent Activity — intent: agent_start — Understanding your requirements...
2026-05-17 21:08:35.686 | ERROR    | app.agents.intent_agent:run_intent_agent:71 - Intent agent error: (Request ID: Root=1-6a09e0fa-7d3eecf31059296776b74753;de5bd0ca-cc77-44f4-a762-137e8c72777e)

403 Forbidden: This authentication method does not have sufficient permissions to call Inference Providers on behalf of user Manshaaaa1204.
Cannot access content at: https://router.huggingface.co/v1/chat/completions.
Make sure your token has the correct permissions.
2026-05-17 21:08:35.687 | INFO     | app.main:event_stream:110 - Agent Activity — intent: agent_complete — Identified: unknown for Ergonomic chairs for long remote work
2026-05-17 21:08:35.688 | INFO     | app.main:event_stream:110 - Agent Activity — intent: followup_needed — I need a bit more info: What type of product are you looking for?
2026-05-17 21:08:35.690 | INFO     | app.main:event_stream:110 - Agent Activity — system: token — 
2026-05-17 21:08:35.691 | INFO     | app.main:event_stream:110 - Agent Activity — system: token — 
2026-05-17 21:08:35.692 | INFO     | app.main:event_stream:110 - Agent Activity — system: token — 
2026-05-17 21:08:35.697 | INFO     | app.main:event_stream:110 - Agent Activity — system: token — 
2026-05-17 21:08:35.699 | INFO     | app.main:event_stream:110 - Agent Activity — system: token — 
2026-05-17 21:08:35.701 | INFO     | app.main:event_stream:110 - Agent Activity — system: token — 
2026-05-17 21:08:35.703 | INFO     | app.main:event_stream:110 - Agent Activity — system: token — 
2026-05-17 21:08:35.705 | INFO     | app.main:event_stream:110 - Agent Activity — system: token — 
2026-05-17 21:08:35.706 | INFO     | app.main:event_stream:110 - Agent Activity — system: token — 
2026-05-17 21:08:35.708 | INFO     | app.main:event_stream:110 - Agent Activity — system: token — 
2026-05-17 21:08:35.713 | INFO     | app.main:event_stream:110 - Agent Activity — system: token — 
2026-05-17 21:08:35.716 | INFO     | app.main:event_stream:110 - Agent Activity — system: token — 
2026-05-17 21:08:35.719 | INFO     | app.main:event_stream:110 - Agent Activity — system: token — 
2026-05-17 21:08:35.721 | INFO     | app.main:event_stream:110 - Agent Activity — system: token — 
2026-05-17 21:08:35.722 | INFO     | app.main:event_stream:110 - Agent Activity — system: done — 
2026-05-17 21:08:52.480 | INFO     | app.main:chat:86 - User queried: Ergonomic chairs for long remote work, comfortable and below 5000
2026-05-17 21:08:52.482 | INFO     | app.main:event_stream:110 - Agent Activity — intent: agent_start — Understanding your requirements...
2026-05-17 21:08:53.355 | ERROR    | app.agents.intent_agent:run_intent_agent:71 - Intent agent error: (Request ID: Root=1-6a09e10c-56eba7fb7c6c14791599233a;1ef8441e-d09c-46ab-a896-b7ad7d0961f9)

403 Forbidden: This authentication method does not have sufficient permissions to call Inference Providers on behalf of user Manshaaaa1204.
Cannot access content at: https://router.huggingface.co/v1/chat/completions.
Make sure your token has the correct permissions.
2026-05-17 21:08:53.359 | INFO     | app.main:event_stream:110 - Agent Activity — intent: agent_complete — Identified: unknown for Ergonomic chairs for long remote work, comfortable and below 5000
2026-05-17 21:08:53.363 | INFO     | app.main:event_stream:110 - Agent Activity — intent: followup_needed — I need a bit more info: What type of product are you looking for?
2026-05-17 21:08:53.366 | INFO     | app.main:event_stream:110 - Agent Activity — system: token — 
2026-05-17 21:08:53.369 | INFO     | app.main:event_stream:110 - Agent Activity — system: token — 
2026-05-17 21:08:53.373 | INFO     | app.main:event_stream:110 - Agent Activity — system: token — 
2026-05-17 21:08:53.377 | INFO     | app.main:event_stream:110 - Agent Activity — system: token — 
2026-05-17 21:08:53.380 | INFO     | app.main:event_stream:110 - Agent Activity — system: token — 
2026-05-17 21:08:53.383 | INFO     | app.main:event_stream:110 - Agent Activity — system: token — 
2026-05-17 21:08:53.385 | INFO     | app.main:event_stream:110 - Agent Activity — system: token — 
2026-05-17 21:08:53.386 | INFO     | app.main:event_stream:110 - Agent Activity — system: token — 
2026-05-17 21:08:53.389 | INFO     | app.main:event_stream:110 - Agent Activity — system: token — 
2026-05-17 21:08:53.392 | INFO     | app.main:event_stream:110 - Agent Activity — system: token — 
2026-05-17 21:08:53.394 | INFO     | app.main:event_stream:110 - Agent Activity — system: token — 
2026-05-17 21:08:53.395 | INFO     | app.main:event_stream:110 - Agent Activity — system: token — 
2026-05-17 21:08:53.397 | INFO     | app.main:event_stream:110 - Agent Activity — system: token — 
2026-05-17 21:08:53.398 | INFO     | app.main:event_stream:110 - Agent Activity — system: token — 
2026-05-17 21:08:53.399 | INFO     | app.main:event_stream:110 - Agent Activity — system: done — 
2026-05-17 21:12:31.603 | INFO     | app.main:lifespan:42 - 👋 VeriBuy Backend shutting down
2026-05-17 21:12:33.689 | INFO     | app.main:lifespan:32 - 🚀 VeriBuy Backend starting...
2026-05-17 21:12:33.690 | INFO     | app.main:lifespan:37 - ✅ Ollama connected — model: qwen3:0.6b
2026-05-17 21:17:14.338 | INFO     | app.main:lifespan:42 - 👋 VeriBuy Backend shutting down
2026-05-17 21:17:20.980 | INFO     | app.main:lifespan:32 - 🚀 VeriBuy Backend starting...
2026-05-17 21:17:20.981 | INFO     | app.main:lifespan:37 - ✅ Ollama connected — model: qwen3:0.6b
2026-05-17 21:17:31.074 | INFO     | app.main:chat:86 - User queried: Best coding laptops with 32GB RAM
2026-05-17 21:17:31.086 | INFO     | app.main:event_stream:110 - Agent Activity — intent: agent_start — Understanding your requirements...
2026-05-17 21:17:32.568 | ERROR    | app.agents.intent_agent:run_intent_agent:71 - Intent agent error: (Request ID: Root=1-6a09e313-77e5b60c336072bc6a0e5d7f;492f91ff-ba37-4287-b049-bd057c864a7b)

403 Forbidden: This authentication method does not have sufficient permissions to call Inference Providers on behalf of user Manshaaaa1204.
Cannot access content at: https://router.huggingface.co/v1/chat/completions.
Make sure your token has the correct permissions.
2026-05-17 21:17:32.569 | INFO     | app.main:event_stream:110 - Agent Activity — intent: agent_complete — Identified: unknown for Best coding laptops with 32GB RAM
2026-05-17 21:17:32.570 | INFO     | app.main:event_stream:110 - Agent Activity — intent: followup_needed — I need a bit more info: What type of product are you looking for?
2026-05-17 21:17:32.571 | INFO     | app.main:event_stream:110 - Agent Activity — system: token — 
2026-05-17 21:17:32.572 | INFO     | app.main:event_stream:110 - Agent Activity — system: token — 
2026-05-17 21:17:32.572 | INFO     | app.main:event_stream:110 - Agent Activity — system: token — 
2026-05-17 21:17:32.573 | INFO     | app.main:event_stream:110 - Agent Activity — system: token — 
2026-05-17 21:17:32.573 | INFO     | app.main:event_stream:110 - Agent Activity — system: token — 
2026-05-17 21:17:32.574 | INFO     | app.main:event_stream:110 - Agent Activity — system: token — 
2026-05-17 21:17:32.576 | INFO     | app.main:event_stream:110 - Agent Activity — system: token — 
2026-05-17 21:17:32.577 | INFO     | app.main:event_stream:110 - Agent Activity — system: token — 
2026-05-17 21:17:32.583 | INFO     | app.main:event_stream:110 - Agent Activity — system: token — 
2026-05-17 21:17:32.586 | INFO     | app.main:event_stream:110 - Agent Activity — system: token — 
2026-05-17 21:17:32.588 | INFO     | app.main:event_stream:110 - Agent Activity — system: token — 
2026-05-17 21:17:32.589 | INFO     | app.main:event_stream:110 - Agent Activity — system: token — 
2026-05-17 21:17:32.590 | INFO     | app.main:event_stream:110 - Agent Activity — system: token — 
2026-05-17 21:17:32.590 | INFO     | app.main:event_stream:110 - Agent Activity — system: token — 
2026-05-17 21:17:32.592 | INFO     | app.main:event_stream:110 - Agent Activity — system: done — 
2026-05-17 21:17:54.885 | INFO     | app.main:chat:86 - User queried: i want to buy asus vivobook, 32gb ram, can u reccomend good ones
2026-05-17 21:17:54.888 | INFO     | app.main:event_stream:110 - Agent Activity — intent: agent_start — Understanding your requirements...
2026-05-17 21:17:55.869 | ERROR    | app.agents.intent_agent:run_intent_agent:71 - Intent agent error: (Request ID: Root=1-6a09e32b-693f8c5e0c51d42e6b85859a;1fde0ba0-ec98-4bc0-8128-4645f0a99e9e)

403 Forbidden: This authentication method does not have sufficient permissions to call Inference Providers on behalf of user Manshaaaa1204.
Cannot access content at: https://router.huggingface.co/v1/chat/completions.
Make sure your token has the correct permissions.
2026-05-17 21:17:55.870 | INFO     | app.main:event_stream:110 - Agent Activity — intent: agent_complete — Identified: unknown for i want to buy asus vivobook, 32gb ram, can u reccomend good ones
2026-05-17 21:17:55.872 | INFO     | app.main:event_stream:110 - Agent Activity — intent: followup_needed — I need a bit more info: What type of product are you looking for?
2026-05-17 21:17:55.873 | INFO     | app.main:event_stream:110 - Agent Activity — system: token — 
2026-05-17 21:17:55.874 | INFO     | app.main:event_stream:110 - Agent Activity — system: token — 
2026-05-17 21:17:55.875 | INFO     | app.main:event_stream:110 - Agent Activity — system: token — 
2026-05-17 21:17:55.877 | INFO     | app.main:event_stream:110 - Agent Activity — system: token — 
2026-05-17 21:17:55.879 | INFO     | app.main:event_stream:110 - Agent Activity — system: token — 
2026-05-17 21:17:55.881 | INFO     | app.main:event_stream:110 - Agent Activity — system: token — 
2026-05-17 21:17:55.883 | INFO     | app.main:event_stream:110 - Agent Activity — system: token — 
2026-05-17 21:17:55.886 | INFO     | app.main:event_stream:110 - Agent Activity — system: token — 
2026-05-17 21:17:55.888 | INFO     | app.main:event_stream:110 - Agent Activity — system: token — 
2026-05-17 21:17:55.891 | INFO     | app.main:event_stream:110 - Agent Activity — system: token — 
2026-05-17 21:17:55.894 | INFO     | app.main:event_stream:110 - Agent Activity — system: token — 
2026-05-17 21:17:55.896 | INFO     | app.main:event_stream:110 - Agent Activity — system: token — 
2026-05-17 21:17:55.899 | INFO     | app.main:event_stream:110 - Agent Activity — system: token — 
2026-05-17 21:17:55.902 | INFO     | app.main:event_stream:110 - Agent Activity — system: token — 
2026-05-17 21:17:55.904 | INFO     | app.main:event_stream:110 - Agent Activity — system: done — 
2026-05-17 21:21:17.701 | INFO     | app.main:chat:86 - User queried: Best coding laptops with 32GB RAM
2026-05-17 21:21:17.703 | INFO     | app.main:event_stream:110 - Agent Activity — intent: agent_start — Understanding your requirements...
2026-05-17 21:21:18.676 | ERROR    | app.agents.intent_agent:run_intent_agent:71 - Intent agent error: (Request ID: Root=1-6a09e3f5-72cadcc44275be5a5a48183c;859d185c-50fa-4f19-9c19-e9e521bbf11f)

403 Forbidden: This authentication method does not have sufficient permissions to call Inference Providers on behalf of user Manshaaaa1204.
Cannot access content at: https://router.huggingface.co/v1/chat/completions.
Make sure your token has the correct permissions.
2026-05-17 21:21:18.677 | INFO     | app.main:event_stream:110 - Agent Activity — intent: agent_complete — Identified: unknown for Best coding laptops with 32GB RAM
2026-05-17 21:21:18.679 | INFO     | app.main:event_stream:110 - Agent Activity — intent: followup_needed — I need a bit more info: What type of product are you looking for?
2026-05-17 21:21:18.680 | INFO     | app.main:event_stream:110 - Agent Activity — system: token — 
2026-05-17 21:21:18.681 | INFO     | app.main:event_stream:110 - Agent Activity — system: token — 
2026-05-17 21:21:18.682 | INFO     | app.main:event_stream:110 - Agent Activity — system: token — 
2026-05-17 21:21:18.683 | INFO     | app.main:event_stream:110 - Agent Activity — system: token — 
2026-05-17 21:21:18.684 | INFO     | app.main:event_stream:110 - Agent Activity — system: token — 
2026-05-17 21:21:18.685 | INFO     | app.main:event_stream:110 - Agent Activity — system: token — 
2026-05-17 21:21:18.686 | INFO     | app.main:event_stream:110 - Agent Activity — system: token — 
2026-05-17 21:21:18.688 | INFO     | app.main:event_stream:110 - Agent Activity — system: token — 
2026-05-17 21:21:18.689 | INFO     | app.main:event_stream:110 - Agent Activity — system: token — 
2026-05-17 21:21:18.690 | INFO     | app.main:event_stream:110 - Agent Activity — system: token — 
2026-05-17 21:21:18.692 | INFO     | app.main:event_stream:110 - Agent Activity — system: token — 
2026-05-17 21:21:18.693 | INFO     | app.main:event_stream:110 - Agent Activity — system: token — 
2026-05-17 21:21:18.696 | INFO     | app.main:event_stream:110 - Agent Activity — system: token — 
2026-05-17 21:21:18.698 | INFO     | app.main:event_stream:110 - Agent Activity — system: token — 
2026-05-17 21:21:18.700 | INFO     | app.main:event_stream:110 - Agent Activity — system: done — 
2026-05-17 21:21:23.890 | INFO     | app.main:chat:86 - User queried: asus
2026-05-17 21:21:23.892 | INFO     | app.main:event_stream:110 - Agent Activity — intent: agent_start — Understanding your requirements...
2026-05-17 21:21:24.811 | ERROR    | app.agents.intent_agent:run_intent_agent:71 - Intent agent error: (Request ID: Root=1-6a09e3fc-21ef73270785d81369e28a45;1cd17a29-a556-4b92-998d-bb3954fd12ed)

403 Forbidden: This authentication method does not have sufficient permissions to call Inference Providers on behalf of user Manshaaaa1204.
Cannot access content at: https://router.huggingface.co/v1/chat/completions.
Make sure your token has the correct permissions.
2026-05-17 21:21:24.812 | INFO     | app.main:event_stream:110 - Agent Activity — intent: agent_complete — Identified: unknown for asus
2026-05-17 21:21:24.814 | INFO     | app.main:event_stream:110 - Agent Activity — intent: followup_needed — I need a bit more info: What type of product are you looking for?
2026-05-17 21:21:24.815 | INFO     | app.main:event_stream:110 - Agent Activity — system: token — 
2026-05-17 21:21:24.816 | INFO     | app.main:event_stream:110 - Agent Activity — system: token — 
2026-05-17 21:21:24.817 | INFO     | app.main:event_stream:110 - Agent Activity — system: token — 
2026-05-17 21:21:24.818 | INFO     | app.main:event_stream:110 - Agent Activity — system: token — 
2026-05-17 21:21:24.820 | INFO     | app.main:event_stream:110 - Agent Activity — system: token — 
2026-05-17 21:21:24.821 | INFO     | app.main:event_stream:110 - Agent Activity — system: token — 
2026-05-17 21:21:24.822 | INFO     | app.main:event_stream:110 - Agent Activity — system: token — 
2026-05-17 21:21:24.824 | INFO     | app.main:event_stream:110 - Agent Activity — system: token — 
2026-05-17 21:21:24.825 | INFO     | app.main:event_stream:110 - Agent Activity — system: token — 
2026-05-17 21:21:24.826 | INFO     | app.main:event_stream:110 - Agent Activity — system: token — 
2026-05-17 21:21:24.828 | INFO     | app.main:event_stream:110 - Agent Activity — system: token — 
2026-05-17 21:21:24.830 | INFO     | app.main:event_stream:110 - Agent Activity — system: token — 
2026-05-17 21:21:24.832 | INFO     | app.main:event_stream:110 - Agent Activity — system: token — 
2026-05-17 21:21:24.833 | INFO     | app.main:event_stream:110 - Agent Activity — system: token — 
2026-05-17 21:21:24.834 | INFO     | app.main:event_stream:110 - Agent Activity — system: done — 
2026-05-17 21:22:07.867 | INFO     | app.main:chat:86 - User queried: give me reccomendations for asus vivo book, 32 gb ram
2026-05-17 21:22:07.868 | INFO     | app.main:event_stream:110 - Agent Activity — intent: agent_start — Understanding your requirements...
2026-05-17 21:22:08.678 | ERROR    | app.agents.intent_agent:run_intent_agent:71 - Intent agent error: (Request ID: Root=1-6a09e427-041610b8393b847e25740a2c;f9af6b09-13ca-4424-815e-339581a0bc7f)

403 Forbidden: This authentication method does not have sufficient permissions to call Inference Providers on behalf of user Manshaaaa1204.
Cannot access content at: https://router.huggingface.co/v1/chat/completions.
Make sure your token has the correct permissions.
2026-05-17 21:22:08.678 | INFO     | app.main:event_stream:110 - Agent Activity — intent: agent_complete — Identified: unknown for give me reccomendations for asus vivo book, 32 gb ram
2026-05-17 21:22:08.679 | INFO     | app.main:event_stream:110 - Agent Activity — intent: followup_needed — I need a bit more info: What type of product are you looking for?
2026-05-17 21:22:08.680 | INFO     | app.main:event_stream:110 - Agent Activity — system: token — 
2026-05-17 21:22:08.681 | INFO     | app.main:event_stream:110 - Agent Activity — system: token — 
2026-05-17 21:22:08.682 | INFO     | app.main:event_stream:110 - Agent Activity — system: token — 
2026-05-17 21:22:08.683 | INFO     | app.main:event_stream:110 - Agent Activity — system: token — 
2026-05-17 21:22:08.684 | INFO     | app.main:event_stream:110 - Agent Activity — system: token — 
2026-05-17 21:22:08.685 | INFO     | app.main:event_stream:110 - Agent Activity — system: token — 
2026-05-17 21:22:08.686 | INFO     | app.main:event_stream:110 - Agent Activity — system: token — 
2026-05-17 21:22:08.689 | INFO     | app.main:event_stream:110 - Agent Activity — system: token — 
2026-05-17 21:22:08.690 | INFO     | app.main:event_stream:110 - Agent Activity — system: token — 
2026-05-17 21:22:08.692 | INFO     | app.main:event_stream:110 - Agent Activity — system: token — 
2026-05-17 21:22:08.694 | INFO     | app.main:event_stream:110 - Agent Activity — system: token — 
2026-05-17 21:22:08.696 | INFO     | app.main:event_stream:110 - Agent Activity — system: token — 
2026-05-17 21:22:08.697 | INFO     | app.main:event_stream:110 - Agent Activity — system: token — 
2026-05-17 21:22:08.699 | INFO     | app.main:event_stream:110 - Agent Activity — system: token — 
2026-05-17 21:22:08.700 | INFO     | app.main:event_stream:110 - Agent Activity — system: done — 
2026-05-17 21:27:22.707 | INFO     | app.main:lifespan:42 - 👋 VeriBuy Backend shutting down
2026-05-17 21:27:24.460 | INFO     | app.main:lifespan:32 - 🚀 VeriBuy Backend starting...
2026-05-17 21:27:24.461 | INFO     | app.main:lifespan:37 - ✅ Ollama connected — model: qwen3:0.6b
2026-05-17 21:28:10.653 | INFO     | app.main:lifespan:42 - 👋 VeriBuy Backend shutting down
2026-05-17 21:28:11.940 | INFO     | app.main:lifespan:32 - 🚀 VeriBuy Backend starting...
2026-05-17 21:28:11.941 | INFO     | app.main:lifespan:37 - ✅ Ollama connected — model: qwen3:0.6b
2026-05-17 21:30:54.930 | INFO     | app.main:chat:86 - User queried: Best coding laptops with 32GB RAM
2026-05-17 21:30:54.951 | INFO     | app.main:event_stream:110 - Agent Activity — intent: agent_start — Understanding your requirements...
2026-05-17 21:30:59.440 | DEBUG    | app.agents.intent_agent:run_intent_agent:58 - Intent chain raw response: {
    "product_category": "laptop",
    "product_name": null,
    "specifications": ["32GB RAM"],
    "budget_range": {"min_price": 0, "max_price": 999999, "currency": "INR"},
    "usage_context": "general",
    "brand_preferences": [],
    "urgency": "can_wait",
    "is_specific_product": false,
  
2026-05-17 21:30:59.443 | INFO     | app.agents.intent_agent:run_intent_agent:63 - Intent extracted: category=laptop, specific=False, complete=False, confidence=0.8
2026-05-17 21:30:59.446 | INFO     | app.main:event_stream:110 - Agent Activity — intent: agent_complete — Identified: laptop
2026-05-17 21:30:59.448 | INFO     | app.main:event_stream:110 - Agent Activity — intent: followup_needed — I need a bit more info: What is your budget for the laptop?
2026-05-17 21:30:59.453 | INFO     | app.main:event_stream:110 - Agent Activity — system: token — 
2026-05-17 21:30:59.463 | INFO     | app.main:event_stream:110 - Agent Activity — system: token — 
2026-05-17 21:30:59.471 | INFO     | app.main:event_stream:110 - Agent Activity — system: token — 
2026-05-17 21:30:59.475 | INFO     | app.main:event_stream:110 - Agent Activity — system: token — 
2026-05-17 21:30:59.481 | INFO     | app.main:event_stream:110 - Agent Activity — system: token — 
2026-05-17 21:30:59.483 | INFO     | app.main:event_stream:110 - Agent Activity — system: token — 
2026-05-17 21:30:59.486 | INFO     | app.main:event_stream:110 - Agent Activity — system: token — 
2026-05-17 21:30:59.487 | INFO     | app.main:event_stream:110 - Agent Activity — system: token — 
2026-05-17 21:30:59.490 | INFO     | app.main:event_stream:110 - Agent Activity — system: token — 
2026-05-17 21:30:59.493 | INFO     | app.main:event_stream:110 - Agent Activity — system: token — 
2026-05-17 21:30:59.494 | INFO     | app.main:event_stream:110 - Agent Activity — system: token — 
2026-05-17 21:30:59.496 | INFO     | app.main:event_stream:110 - Agent Activity — system: token — 
2026-05-17 21:30:59.498 | INFO     | app.main:event_stream:110 - Agent Activity — system: done — 
2026-05-17 21:31:04.600 | INFO     | app.main:chat:86 - User queried: budget (e.g., "under 80000 INR")
2026-05-17 21:31:04.603 | INFO     | app.main:event_stream:110 - Agent Activity — intent: agent_start — Understanding your requirements...
2026-05-17 21:31:07.298 | DEBUG    | app.agents.intent_agent:run_intent_agent:58 - Intent chain raw response: {
    "product_category": "laptop",
    "product_name": null,
    "specifications": ["32GB RAM"],
    "budget_range": null,
    "usage_context": "general",
    "brand_preferences": [],
    "urgency": "can_wait",
    "is_specific_product": false,
    "is_complete": false,
    "missing_fields": [{"fie
2026-05-17 21:31:07.310 | ERROR    | app.agents.intent_agent:run_intent_agent:71 - Intent agent error: 1 validation error for IntentOutput
budget_range
  Input should be a valid dictionary or instance of BudgetRange [type=model_type, input_value=None, input_type=NoneType]
    For further information visit https://errors.pydantic.dev/2.13/v/model_type
2026-05-17 21:31:07.312 | INFO     | app.main:event_stream:110 - Agent Activity — intent: agent_complete — Identified: unknown for budget (e.g., "under 80000 INR")
2026-05-17 21:31:07.314 | INFO     | app.main:event_stream:110 - Agent Activity — intent: followup_needed — I need a bit more info: What type of product are you looking for?
2026-05-17 21:31:07.317 | INFO     | app.main:event_stream:110 - Agent Activity — system: token — 
2026-05-17 21:31:07.319 | INFO     | app.main:event_stream:110 - Agent Activity — system: token — 
2026-05-17 21:31:07.322 | INFO     | app.main:event_stream:110 - Agent Activity — system: token — 
2026-05-17 21:31:07.329 | INFO     | app.main:event_stream:110 - Agent Activity — system: token — 
2026-05-17 21:31:07.334 | INFO     | app.main:event_stream:110 - Agent Activity — system: token — 
2026-05-17 21:31:07.337 | INFO     | app.main:event_stream:110 - Agent Activity — system: token — 
2026-05-17 21:31:07.344 | INFO     | app.main:event_stream:110 - Agent Activity — system: token — 
2026-05-17 21:31:07.346 | INFO     | app.main:event_stream:110 - Agent Activity — system: token — 
2026-05-17 21:31:07.349 | INFO     | app.main:event_stream:110 - Agent Activity — system: token — 
2026-05-17 21:31:07.352 | INFO     | app.main:event_stream:110 - Agent Activity — system: token — 
2026-05-17 21:31:07.354 | INFO     | app.main:event_stream:110 - Agent Activity — system: token — 
2026-05-17 21:31:07.356 | INFO     | app.main:event_stream:110 - Agent Activity — system: token — 
2026-05-17 21:31:07.359 | INFO     | app.main:event_stream:110 - Agent Activity — system: token — 
2026-05-17 21:31:07.362 | INFO     | app.main:event_stream:110 - Agent Activity — system: token — 
2026-05-17 21:31:07.365 | INFO     | app.main:event_stream:110 - Agent Activity — system: done — 
2026-05-17 21:31:18.652 | INFO     | app.main:chat:86 - User queried: budget under 80000
2026-05-17 21:31:18.654 | INFO     | app.main:event_stream:110 - Agent Activity — intent: agent_start — Understanding your requirements...
2026-05-17 21:31:22.064 | DEBUG    | app.agents.intent_agent:run_intent_agent:58 - Intent chain raw response: {
  "product_category": "laptop",
  "product_name": null,
  "specifications": ["32GB RAM"],
  "budget_range": {"min_price": 0, "max_price": 80000, "currency": "INR"},
  "usage_context": "general",
  "brand_preferences": [],
  "urgency": "can_wait",
  "is_specific_product": false,
  "is_complete": fa
2026-05-17 21:31:22.065 | INFO     | app.agents.intent_agent:run_intent_agent:63 - Intent extracted: category=laptop, specific=False, complete=False, confidence=0.8
2026-05-17 21:31:22.066 | INFO     | app.main:event_stream:110 - Agent Activity — intent: agent_complete — Identified: laptop
2026-05-17 21:31:22.067 | INFO     | app.main:event_stream:110 - Agent Activity — intent: followup_needed — I need a bit more info: What is your budget for the laptop? What type of product are you looking for?
2026-05-17 21:31:22.068 | INFO     | app.main:event_stream:110 - Agent Activity — system: token — 
2026-05-17 21:31:22.070 | INFO     | app.main:event_stream:110 - Agent Activity — system: token — 
2026-05-17 21:31:22.072 | INFO     | app.main:event_stream:110 - Agent Activity — system: token — 
2026-05-17 21:31:22.078 | INFO     | app.main:event_stream:110 - Agent Activity — system: token — 
2026-05-17 21:31:22.082 | INFO     | app.main:event_stream:110 - Agent Activity — system: token — 
2026-05-17 21:31:22.085 | INFO     | app.main:event_stream:110 - Agent Activity — system: token — 
2026-05-17 21:31:22.088 | INFO     | app.main:event_stream:110 - Agent Activity — system: token — 
2026-05-17 21:31:22.091 | INFO     | app.main:event_stream:110 - Agent Activity — system: token — 
2026-05-17 21:31:22.095 | INFO     | app.main:event_stream:110 - Agent Activity — system: token — 
2026-05-17 21:31:22.097 | INFO     | app.main:event_stream:110 - Agent Activity — system: token — 
2026-05-17 21:31:22.099 | INFO     | app.main:event_stream:110 - Agent Activity — system: token — 
2026-05-17 21:31:22.102 | INFO     | app.main:event_stream:110 - Agent Activity — system: token — 
2026-05-17 21:31:22.105 | INFO     | app.main:event_stream:110 - Agent Activity — system: token — 
2026-05-17 21:31:22.108 | INFO     | app.main:event_stream:110 - Agent Activity — system: token — 
2026-05-17 21:31:22.110 | INFO     | app.main:event_stream:110 - Agent Activity — system: token — 
2026-05-17 21:31:22.116 | INFO     | app.main:event_stream:110 - Agent Activity — system: token — 
2026-05-17 21:31:22.119 | INFO     | app.main:event_stream:110 - Agent Activity — system: token — 
2026-05-17 21:31:22.123 | INFO     | app.main:event_stream:110 - Agent Activity — system: token — 
2026-05-17 21:31:22.126 | INFO     | app.main:event_stream:110 - Agent Activity — system: token — 
2026-05-17 21:31:22.127 | INFO     | app.main:event_stream:110 - Agent Activity — system: token — 
2026-05-17 21:31:22.128 | INFO     | app.main:event_stream:110 - Agent Activity — system: token — 
2026-05-17 21:31:22.129 | INFO     | app.main:event_stream:110 - Agent Activity — system: token — 
2026-05-17 21:31:22.130 | INFO     | app.main:event_stream:110 - Agent Activity — system: token — 
2026-05-17 21:31:22.131 | INFO     | app.main:event_stream:110 - Agent Activity — system: token — 
2026-05-17 21:31:22.132 | INFO     | app.main:event_stream:110 - Agent Activity — system: token — 
2026-05-17 21:31:22.135 | INFO     | app.main:event_stream:110 - Agent Activity — system: token — 
2026-05-17 21:31:22.137 | INFO     | app.main:event_stream:110 - Agent Activity — system: done — 
2026-05-17 21:31:36.061 | INFO     | app.main:chat:86 - User queried: asus vivobook under 80000
2026-05-17 21:31:36.065 | INFO     | app.main:event_stream:110 - Agent Activity — intent: agent_start — Understanding your requirements...
2026-05-17 21:31:39.018 | DEBUG    | app.agents.intent_agent:run_intent_agent:58 - Intent chain raw response: {
  "product_category": "laptop",
  "product_name": "Asus Vivobook",
  "specifications": [],
  "budget_range": {"min_price": 0, "max_price": 80000, "currency": "INR"},
  "usage_context": "general",
  "brand_preferences": ["Asus"],
  "urgency": "can_wait",
  "is_specific_product": true,
  "is_complet
2026-05-17 21:31:39.019 | INFO     | app.agents.intent_agent:run_intent_agent:63 - Intent extracted: category=laptop, specific=True, complete=True, confidence=0.9
2026-05-17 21:31:39.020 | INFO     | app.main:event_stream:110 - Agent Activity — intent: agent_complete — Identified: laptop — Asus Vivobook
2026-05-17 21:31:39.022 | INFO     | app.main:event_stream:110 - Agent Activity — market: agent_start — Searching products across platforms...
2026-05-17 21:31:39.023 | INFO     | app.agents.market_agent:run_market_agent:69 - Market agent searching: 'Asus Vivobook price specs review India'
2026-05-17 21:31:39.024 | INFO     | app.services.search_service:search_products:43 - Searching products via Serper API: Asus Vivobook price specs review India
2026-05-17 21:31:41.428 | INFO     | app.services.search_service:search_products:90 - Serper API returned 9 results.
2026-05-17 21:31:55.359 | DEBUG    | app.agents.market_agent:run_market_agent:108 - Market chain raw response: ```json
{
  "products": [
    {
      "name": "ASUS Vivobook 15, Smartchoice,Intel Corei5 13thGen 13420H ...",
      "brand": "ASUS",
      "model": "",
      "price": 59999,
      "currency": "INR",
      "platform": "Amazon",
      "specs": {
        "Processor": "Intel Core i5 13th Gen 13420H",
 
2026-05-17 21:31:55.359 | ERROR    | app.agents.market_agent:run_market_agent:139 - Market agent analysis error: Expecting ',' delimiter: line 86 column 6 (char 2984)
2026-05-17 21:31:55.360 | INFO     | app.main:event_stream:110 - Agent Activity — market: agent_complete — Found 0 products
2026-05-17 21:31:55.361 | INFO     | app.main:event_stream:110 - Agent Activity — system: token — 
2026-05-17 21:31:55.362 | INFO     | app.main:event_stream:110 - Agent Activity — system: token — 
2026-05-17 21:31:55.363 | INFO     | app.main:event_stream:110 - Agent Activity — system: token — 
2026-05-17 21:31:55.363 | INFO     | app.main:event_stream:110 - Agent Activity — system: token — 
2026-05-17 21:31:55.364 | INFO     | app.main:event_stream:110 - Agent Activity — system: token — 
2026-05-17 21:31:55.364 | INFO     | app.main:event_stream:110 - Agent Activity — system: token — 
2026-05-17 21:31:55.365 | INFO     | app.main:event_stream:110 - Agent Activity — system: token — 
2026-05-17 21:31:55.365 | INFO     | app.main:event_stream:110 - Agent Activity — system: token — 
2026-05-17 21:31:55.366 | INFO     | app.main:event_stream:110 - Agent Activity — system: token — 
2026-05-17 21:31:55.367 | INFO     | app.main:event_stream:110 - Agent Activity — system: token — 
2026-05-17 21:31:55.368 | INFO     | app.main:event_stream:110 - Agent Activity — system: token — 
2026-05-17 21:31:55.369 | INFO     | app.main:event_stream:110 - Agent Activity — system: token — 
2026-05-17 21:31:55.370 | INFO     | app.main:event_stream:110 - Agent Activity — system: token — 
2026-05-17 21:31:55.371 | INFO     | app.main:event_stream:110 - Agent Activity — system: token — 
2026-05-17 21:31:55.373 | INFO     | app.main:event_stream:110 - Agent Activity — system: token — 
2026-05-17 21:31:55.374 | INFO     | app.main:event_stream:110 - Agent Activity — system: token — 
2026-05-17 21:31:55.376 | INFO     | app.main:event_stream:110 - Agent Activity — system: token — 
2026-05-17 21:31:55.377 | INFO     | app.main:event_stream:110 - Agent Activity — system: token — 
2026-05-17 21:31:55.378 | INFO     | app.main:event_stream:110 - Agent Activity — system: token — 
2026-05-17 21:31:55.379 | INFO     | app.main:event_stream:110 - Agent Activity — system: token — 
2026-05-17 21:31:55.381 | INFO     | app.main:event_stream:110 - Agent Activity — system: token — 
2026-05-17 21:31:55.383 | INFO     | app.main:event_stream:110 - Agent Activity — system: token — 
2026-05-17 21:31:55.384 | INFO     | app.main:event_stream:110 - Agent Activity — system: token — 
2026-05-17 21:31:55.386 | INFO     | app.main:event_stream:110 - Agent Activity — system: token — 
2026-05-17 21:31:55.387 | INFO     | app.main:event_stream:110 - Agent Activity — system: token — 
2026-05-17 21:31:55.389 | INFO     | app.main:event_stream:110 - Agent Activity — system: token — 
2026-05-17 21:31:55.391 | INFO     | app.main:event_stream:110 - Agent Activity — system: token — 
2026-05-17 21:31:55.394 | INFO     | app.main:event_stream:110 - Agent Activity — system: token — 
2026-05-17 21:31:55.396 | INFO     | app.main:event_stream:110 - Agent Activity — system: token — 
2026-05-17 21:31:55.398 | INFO     | app.main:event_stream:110 - Agent Activity — system: token — 
2026-05-17 21:31:55.402 | INFO     | app.main:event_stream:110 - Agent Activity — system: token — 
2026-05-17 21:31:55.405 | INFO     | app.main:event_stream:110 - Agent Activity — system: token — 
2026-05-17 21:31:55.408 | INFO     | app.main:event_stream:110 - Agent Activity — system: token — 
2026-05-17 21:31:55.409 | INFO     | app.main:event_stream:110 - Agent Activity — system: token — 
2026-05-17 21:31:55.411 | INFO     | app.main:event_stream:110 - Agent Activity — system: done — 
2026-05-17 21:32:16.128 | INFO     | app.main:chat:86 - User queried: okay u1400000
2026-05-17 21:32:16.132 | INFO     | app.main:event_stream:110 - Agent Activity — intent: agent_start — Understanding your requirements...
2026-05-17 21:32:19.225 | DEBUG    | app.agents.intent_agent:run_intent_agent:58 - Intent chain raw response: {
  "product_category": "laptop",
  "product_name": "Asus Vivobook",
  "specifications": [],
  "budget_range": {"min_price": 140000, "max_price": 140000, "currency": "INR"},
  "usage_context": "general",
  "brand_preferences": ["Asus"],
  "urgency": "can_wait",
  "is_specific_product": true,
  "is_c
2026-05-17 21:32:19.225 | INFO     | app.agents.intent_agent:run_intent_agent:63 - Intent extracted: category=laptop, specific=True, complete=True, confidence=0.8
2026-05-17 21:32:19.226 | INFO     | app.main:event_stream:110 - Agent Activity — intent: agent_complete — Identified: laptop — Asus Vivobook
2026-05-17 21:32:19.227 | INFO     | app.main:event_stream:110 - Agent Activity — market: agent_start — Searching products across platforms...
2026-05-17 21:32:19.228 | INFO     | app.agents.market_agent:run_market_agent:69 - Market agent searching: 'Asus Vivobook price specs review India'
2026-05-17 21:32:19.229 | INFO     | app.services.search_service:search_products:43 - Searching products via Serper API: Asus Vivobook price specs review India
2026-05-17 21:32:21.679 | INFO     | app.services.search_service:search_products:90 - Serper API returned 9 results.
2026-05-17 21:32:35.831 | DEBUG    | app.agents.market_agent:run_market_agent:108 - Market chain raw response: ```json
{
  "products": [
    {
      "name": "ASUS Vivobook 15, Smartchoice,Intel Corei5 13thGen 13420H 16GB RAM 512GB SSD FHD 15.6 Win11 Office Home'24 M365 Basic (1Year) Cool Silver 1.70kg",
      "brand": "ASUS",
      "model": "",
      "price": 139990,
      "currency": "INR",
      "platform"
2026-05-17 21:32:35.832 | ERROR    | app.agents.market_agent:run_market_agent:139 - Market agent analysis error: Expecting ',' delimiter: line 71 column 6 (char 2708)
2026-05-17 21:32:35.833 | INFO     | app.main:event_stream:110 - Agent Activity — market: agent_complete — Found 0 products
2026-05-17 21:32:35.834 | INFO     | app.main:event_stream:110 - Agent Activity — system: token — 
2026-05-17 21:32:35.836 | INFO     | app.main:event_stream:110 - Agent Activity — system: token — 
2026-05-17 21:32:35.837 | INFO     | app.main:event_stream:110 - Agent Activity — system: token — 
2026-05-17 21:32:35.838 | INFO     | app.main:event_stream:110 - Agent Activity — system: token — 
2026-05-17 21:32:35.841 | INFO     | app.main:event_stream:110 - Agent Activity — system: token — 
2026-05-17 21:32:35.844 | INFO     | app.main:event_stream:110 - Agent Activity — system: token — 
2026-05-17 21:32:35.849 | INFO     | app.main:event_stream:110 - Agent Activity — system: token — 
2026-05-17 21:32:35.852 | INFO     | app.main:event_stream:110 - Agent Activity — system: token — 
2026-05-17 21:32:35.863 | INFO     | app.main:event_stream:110 - Agent Activity — system: token — 
2026-05-17 21:32:35.869 | INFO     | app.main:event_stream:110 - Agent Activity — system: token — 
2026-05-17 21:32:35.874 | INFO     | app.main:event_stream:110 - Agent Activity — system: token — 
2026-05-17 21:32:35.877 | INFO     | app.main:event_stream:110 - Agent Activity — system: token — 
2026-05-17 21:32:35.888 | INFO     | app.main:event_stream:110 - Agent Activity — system: token — 
2026-05-17 21:32:35.891 | INFO     | app.main:event_stream:110 - Agent Activity — system: token — 
2026-05-17 21:32:35.898 | INFO     | app.main:event_stream:110 - Agent Activity — system: token — 
2026-05-17 21:32:35.902 | INFO     | app.main:event_stream:110 - Agent Activity — system: token — 
2026-05-17 21:32:35.907 | INFO     | app.main:event_stream:110 - Agent Activity — system: token — 
2026-05-17 21:32:35.909 | INFO     | app.main:event_stream:110 - Agent Activity — system: token — 
2026-05-17 21:32:35.913 | INFO     | app.main:event_stream:110 - Agent Activity — system: token — 
2026-05-17 21:32:35.915 | INFO     | app.main:event_stream:110 - Agent Activity — system: token — 
2026-05-17 21:32:35.918 | INFO     | app.main:event_stream:110 - Agent Activity — system: token — 
2026-05-17 21:32:35.920 | INFO     | app.main:event_stream:110 - Agent Activity — system: token — 
2026-05-17 21:32:35.921 | INFO     | app.main:event_stream:110 - Agent Activity — system: token — 
2026-05-17 21:32:35.923 | INFO     | app.main:event_stream:110 - Agent Activity — system: token — 
2026-05-17 21:32:35.924 | INFO     | app.main:event_stream:110 - Agent Activity — system: token — 
2026-05-17 21:32:35.925 | INFO     | app.main:event_stream:110 - Agent Activity — system: token — 
2026-05-17 21:32:35.926 | INFO     | app.main:event_stream:110 - Agent Activity — system: token — 
2026-05-17 21:32:35.929 | INFO     | app.main:event_stream:110 - Agent Activity — system: token — 
2026-05-17 21:32:35.930 | INFO     | app.main:event_stream:110 - Agent Activity — system: token — 
2026-05-17 21:32:35.933 | INFO     | app.main:event_stream:110 - Agent Activity — system: token — 
2026-05-17 21:32:35.935 | INFO     | app.main:event_stream:110 - Agent Activity — system: token — 
2026-05-17 21:32:35.936 | INFO     | app.main:event_stream:110 - Agent Activity — system: token — 
2026-05-17 21:32:35.937 | INFO     | app.main:event_stream:110 - Agent Activity — system: token — 
2026-05-17 21:32:35.938 | INFO     | app.main:event_stream:110 - Agent Activity — system: token — 
2026-05-17 21:32:35.939 | INFO     | app.main:event_stream:110 - Agent Activity — system: done — 
2026-05-17 21:33:44.964 | INFO     | app.main:lifespan:42 - 👋 VeriBuy Backend shutting down
2026-05-17 21:33:51.869 | INFO     | app.main:lifespan:32 - 🚀 VeriBuy Backend starting...
2026-05-17 21:33:51.870 | INFO     | app.main:lifespan:37 - ✅ Ollama connected — model: qwen3:0.6b
2026-05-17 21:33:59.217 | INFO     | app.main:chat:86 - User queried: Noise-cancelling headphones under ₹15,000
2026-05-17 21:33:59.233 | INFO     | app.main:event_stream:110 - Agent Activity — intent: agent_start — Understanding your requirements...
2026-05-17 21:34:03.605 | DEBUG    | app.agents.intent_agent:run_intent_agent:58 - Intent chain raw response: {
  "product_category": "headphones",
  "product_name": null,
  "specifications": [],
  "budget_range": {"min_price": 0, "max_price": 15000, "currency": "INR"},
  "usage_context": "general",
  "brand_preferences": [],
  "urgency": "can_wait",
  "is_specific_product": false,
  "is_complete": true,
  
2026-05-17 21:34:03.606 | INFO     | app.agents.intent_agent:run_intent_agent:63 - Intent extracted: category=headphones, specific=False, complete=True, confidence=1.0
2026-05-17 21:34:03.607 | INFO     | app.main:event_stream:110 - Agent Activity — intent: agent_complete — Identified: headphones
2026-05-17 21:34:03.609 | INFO     | app.main:event_stream:110 - Agent Activity — market: agent_start — Searching products across platforms...
2026-05-17 21:34:03.611 | INFO     | app.agents.market_agent:run_market_agent:69 - Market agent searching: 'headphones under 15000 INR India buy'
2026-05-17 21:34:03.612 | INFO     | app.services.search_service:search_products:43 - Searching products via Serper API: headphones under 15000 INR India buy
2026-05-17 21:34:06.409 | INFO     | app.services.search_service:search_products:90 - Serper API returned 10 results.
2026-05-17 21:34:18.703 | DEBUG    | app.agents.market_agent:run_market_agent:108 - Market chain raw response: ```json
{
  "products": [
    {
      "name": "Up To ₹15,000 - Over-Ear Headphones / Audio ...",
      "brand": "",
      "model": "",
      "price": 145000,
      "currency": "INR",
      "platform": "Amazon.in",
      "specs": {},
      "rating": null,
      "review_count": null,
      "url": "htt
2026-05-17 21:34:20.447 | INFO     | app.main:event_stream:110 - Agent Activity — market: agent_complete — Found 3 products
2026-05-17 21:34:20.449 | INFO     | app.main:event_stream:110 - Agent Activity — system: token — 
2026-05-17 21:34:20.453 | INFO     | app.main:event_stream:110 - Agent Activity — system: token — 
2026-05-17 21:34:20.455 | INFO     | app.main:event_stream:110 - Agent Activity — system: token — 
2026-05-17 21:34:20.457 | INFO     | app.main:event_stream:110 - Agent Activity — system: token — 
2026-05-17 21:34:20.458 | INFO     | app.main:event_stream:110 - Agent Activity — system: token — 
2026-05-17 21:34:20.458 | INFO     | app.main:event_stream:110 - Agent Activity — system: token — 
2026-05-17 21:34:20.459 | INFO     | app.main:event_stream:110 - Agent Activity — system: token — 
2026-05-17 21:34:20.461 | INFO     | app.main:event_stream:110 - Agent Activity — system: token — 
2026-05-17 21:34:20.466 | INFO     | app.main:event_stream:110 - Agent Activity — system: token — 
2026-05-17 21:34:20.467 | INFO     | app.main:event_stream:110 - Agent Activity — system: token — 
2026-05-17 21:34:20.469 | INFO     | app.main:event_stream:110 - Agent Activity — system: token — 
2026-05-17 21:34:20.469 | INFO     | app.main:event_stream:110 - Agent Activity — system: token — 
2026-05-17 21:34:20.470 | INFO     | app.main:event_stream:110 - Agent Activity — system: token — 
2026-05-17 21:34:20.471 | INFO     | app.main:event_stream:110 - Agent Activity — system: token — 
2026-05-17 21:34:20.472 | INFO     | app.main:event_stream:110 - Agent Activity — system: token — 
2026-05-17 21:34:20.473 | INFO     | app.main:event_stream:110 - Agent Activity — system: token — 
2026-05-17 21:34:20.475 | INFO     | app.main:event_stream:110 - Agent Activity — system: token — 
2026-05-17 21:34:20.476 | INFO     | app.main:event_stream:110 - Agent Activity — system: token — 
2026-05-17 21:34:20.477 | INFO     | app.main:event_stream:110 - Agent Activity — system: token — 
2026-05-17 21:34:20.481 | INFO     | app.main:event_stream:110 - Agent Activity — system: token — 
2026-05-17 21:34:20.485 | INFO     | app.main:event_stream:110 - Agent Activity — system: token — 
2026-05-17 21:34:20.486 | INFO     | app.main:event_stream:110 - Agent Activity — system: token — 
2026-05-17 21:34:20.488 | INFO     | app.main:event_stream:110 - Agent Activity — system: token — 
2026-05-17 21:34:20.489 | INFO     | app.main:event_stream:110 - Agent Activity — system: token — 
2026-05-17 21:34:20.492 | INFO     | app.main:event_stream:110 - Agent Activity — system: token — 
2026-05-17 21:34:20.500 | INFO     | app.main:event_stream:110 - Agent Activity — system: token — 
2026-05-17 21:34:20.504 | INFO     | app.main:event_stream:110 - Agent Activity — system: token — 
2026-05-17 21:34:20.508 | INFO     | app.main:event_stream:110 - Agent Activity — system: token — 
2026-05-17 21:34:20.509 | INFO     | app.main:event_stream:110 - Agent Activity — system: token — 
2026-05-17 21:34:20.511 | INFO     | app.main:event_stream:110 - Agent Activity — system: token — 
2026-05-17 21:34:20.514 | INFO     | app.main:event_stream:110 - Agent Activity — system: token — 
2026-05-17 21:34:20.517 | INFO     | app.main:event_stream:110 - Agent Activity — system: token — 
2026-05-17 21:34:20.520 | INFO     | app.main:event_stream:110 - Agent Activity — system: token — 
2026-05-17 21:34:20.521 | INFO     | app.main:event_stream:110 - Agent Activity — system: token — 
2026-05-17 21:34:20.522 | INFO     | app.main:event_stream:110 - Agent Activity — system: token — 
2026-05-17 21:34:20.523 | INFO     | app.main:event_stream:110 - Agent Activity — system: token — 
2026-05-17 21:34:20.524 | INFO     | app.main:event_stream:110 - Agent Activity — system: token — 
2026-05-17 21:34:20.525 | INFO     | app.main:event_stream:110 - Agent Activity — system: token — 
2026-05-17 21:34:20.526 | INFO     | app.main:event_stream:110 - Agent Activity — system: token — 
2026-05-17 21:34:20.527 | INFO     | app.main:event_stream:110 - Agent Activity — system: token — 
2026-05-17 21:34:20.529 | INFO     | app.main:event_stream:110 - Agent Activity — system: token — 
2026-05-17 21:34:20.532 | INFO     | app.main:event_stream:110 - Agent Activity — system: token — 
2026-05-17 21:34:20.534 | INFO     | app.main:event_stream:110 - Agent Activity — system: token — 
2026-05-17 21:34:20.536 | INFO     | app.main:event_stream:110 - Agent Activity — system: token — 
2026-05-17 21:34:20.537 | INFO     | app.main:event_stream:110 - Agent Activity — system: token — 
2026-05-17 21:34:20.539 | INFO     | app.main:event_stream:110 - Agent Activity — system: token — 
2026-05-17 21:34:20.554 | INFO     | app.main:event_stream:110 - Agent Activity — system: token — 
2026-05-17 21:34:20.556 | INFO     | app.main:event_stream:110 - Agent Activity — system: token — 
2026-05-17 21:34:20.562 | INFO     | app.main:event_stream:110 - Agent Activity — system: token — 
2026-05-17 21:34:20.570 | INFO     | app.main:event_stream:110 - Agent Activity — system: token — 
2026-05-17 21:34:20.574 | INFO     | app.main:event_stream:110 - Agent Activity — system: token — 
2026-05-17 21:34:20.576 | INFO     | app.main:event_stream:110 - Agent Activity — system: token — 
2026-05-17 21:34:20.578 | INFO     | app.main:event_stream:110 - Agent Activity — system: token — 
2026-05-17 21:34:20.585 | INFO     | app.main:event_stream:110 - Agent Activity — system: token — 
2026-05-17 21:34:20.587 | INFO     | app.main:event_stream:110 - Agent Activity — system: token — 
2026-05-17 21:34:20.589 | INFO     | app.main:event_stream:110 - Agent Activity — system: token — 
2026-05-17 21:34:20.590 | INFO     | app.main:event_stream:110 - Agent Activity — system: token — 
2026-05-17 21:34:20.600 | INFO     | app.main:event_stream:110 - Agent Activity — system: token — 
2026-05-17 21:34:20.607 | INFO     | app.main:event_stream:110 - Agent Activity — system: token — 
2026-05-17 21:34:20.610 | INFO     | app.main:event_stream:110 - Agent Activity — system: token — 
2026-05-17 21:34:20.614 | INFO     | app.main:event_stream:110 - Agent Activity — system: token — 
2026-05-17 21:34:20.619 | INFO     | app.main:event_stream:110 - Agent Activity — system: token — 
2026-05-17 21:34:20.621 | INFO     | app.main:event_stream:110 - Agent Activity — system: token — 
2026-05-17 21:34:20.625 | INFO     | app.main:event_stream:110 - Agent Activity — system: token — 
2026-05-17 21:34:20.627 | INFO     | app.main:event_stream:110 - Agent Activity — system: token — 
2026-05-17 21:34:20.631 | INFO     | app.main:event_stream:110 - Agent Activity — system: token — 
2026-05-17 21:34:20.634 | INFO     | app.main:event_stream:110 - Agent Activity — system: token — 
2026-05-17 21:34:20.635 | INFO     | app.main:event_stream:110 - Agent Activity — system: token — 
2026-05-17 21:34:20.636 | INFO     | app.main:event_stream:110 - Agent Activity — system: token — 
2026-05-17 21:34:20.637 | INFO     | app.main:event_stream:110 - Agent Activity — system: token — 
2026-05-17 21:34:20.638 | INFO     | app.main:event_stream:110 - Agent Activity — system: token — 
2026-05-17 21:34:20.639 | INFO     | app.main:event_stream:110 - Agent Activity — system: token — 
2026-05-17 21:34:20.640 | INFO     | app.main:event_stream:110 - Agent Activity — system: token — 
2026-05-17 21:34:20.641 | INFO     | app.main:event_stream:110 - Agent Activity — system: token — 
2026-05-17 21:34:20.643 | INFO     | app.main:event_stream:110 - Agent Activity — system: token — 
2026-05-17 21:34:20.645 | INFO     | app.main:event_stream:110 - Agent Activity — system: token — 
2026-05-17 21:34:20.649 | INFO     | app.main:event_stream:110 - Agent Activity — system: token — 
2026-05-17 21:34:20.651 | INFO     | app.main:event_stream:110 - Agent Activity — system: token — 
2026-05-17 21:34:20.667 | INFO     | app.main:event_stream:110 - Agent Activity — system: token — 
2026-05-17 21:34:20.671 | INFO     | app.main:event_stream:110 - Agent Activity — system: token — 
2026-05-17 21:34:20.673 | INFO     | app.main:event_stream:110 - Agent Activity — system: token — 
2026-05-17 21:34:20.676 | INFO     | app.main:event_stream:110 - Agent Activity — system: token — 
2026-05-17 21:34:20.685 | INFO     | app.main:event_stream:110 - Agent Activity — system: token — 
2026-05-17 21:34:20.690 | INFO     | app.main:event_stream:110 - Agent Activity — system: token — 
2026-05-17 21:34:20.693 | INFO     | app.main:event_stream:110 - Agent Activity — system: token — 
2026-05-17 21:34:20.697 | INFO     | app.main:event_stream:110 - Agent Activity — system: token — 
2026-05-17 21:34:20.701 | INFO     | app.main:event_stream:110 - Agent Activity — system: token — 
2026-05-17 21:34:20.704 | INFO     | app.main:event_stream:110 - Agent Activity — system: token — 
2026-05-17 21:34:20.705 | INFO     | app.main:event_stream:110 - Agent Activity — system: token — 
2026-05-17 21:34:20.706 | INFO     | app.main:event_stream:110 - Agent Activity — system: token — 
2026-05-17 21:34:20.708 | INFO     | app.main:event_stream:110 - Agent Activity — system: token — 
2026-05-17 21:34:20.710 | INFO     | app.main:event_stream:110 - Agent Activity — system: token — 
2026-05-17 21:34:20.713 | INFO     | app.main:event_stream:110 - Agent Activity — system: token — 
2026-05-17 21:34:20.716 | INFO     | app.main:event_stream:110 - Agent Activity — system: token — 
2026-05-17 21:34:20.719 | INFO     | app.main:event_stream:110 - Agent Activity — system: token — 
2026-05-17 21:34:20.721 | INFO     | app.main:event_stream:110 - Agent Activity — system: token — 
2026-05-17 21:34:20.723 | INFO     | app.main:event_stream:110 - Agent Activity — system: token — 
2026-05-17 21:34:20.724 | INFO     | app.main:event_stream:110 - Agent Activity — system: token — 
2026-05-17 21:34:20.734 | INFO     | app.main:event_stream:110 - Agent Activity — system: token — 
2026-05-17 21:34:20.739 | INFO     | app.main:event_stream:110 - Agent Activity — system: token — 
2026-05-17 21:34:20.741 | INFO     | app.main:event_stream:110 - Agent Activity — system: token — 
2026-05-17 21:34:20.745 | INFO     | app.main:event_stream:110 - Agent Activity — system: token — 
2026-05-17 21:34:20.752 | INFO     | app.main:event_stream:110 - Agent Activity — system: token — 
2026-05-17 21:34:20.758 | INFO     | app.main:event_stream:110 - Agent Activity — system: token — 
2026-05-17 21:34:20.760 | INFO     | app.main:event_stream:110 - Agent Activity — system: token — 
2026-05-17 21:34:20.767 | INFO     | app.main:event_stream:110 - Agent Activity — system: token — 
2026-05-17 21:34:20.768 | INFO     | app.main:event_stream:110 - Agent Activity — system: token — 
2026-05-17 21:34:20.770 | INFO     | app.main:event_stream:110 - Agent Activity — system: token — 
2026-05-17 21:34:20.771 | INFO     | app.main:event_stream:110 - Agent Activity — system: token — 
2026-05-17 21:34:20.773 | INFO     | app.main:event_stream:110 - Agent Activity — system: token — 
2026-05-17 21:34:20.774 | INFO     | app.main:event_stream:110 - Agent Activity — system: token — 
2026-05-17 21:34:20.776 | INFO     | app.main:event_stream:110 - Agent Activity — system: token — 
2026-05-17 21:34:20.778 | INFO     | app.main:event_stream:110 - Agent Activity — system: token — 
2026-05-17 21:34:20.786 | INFO     | app.main:event_stream:110 - Agent Activity — system: token — 
2026-05-17 21:34:20.787 | INFO     | app.main:event_stream:110 - Agent Activity — system: token — 
2026-05-17 21:34:20.789 | INFO     | app.main:event_stream:110 - Agent Activity — system: token — 
2026-05-17 21:34:20.790 | INFO     | app.main:event_stream:110 - Agent Activity — system: token — 
2026-05-17 21:34:20.791 | INFO     | app.main:event_stream:110 - Agent Activity — system: token — 
2026-05-17 21:34:20.793 | INFO     | app.main:event_stream:110 - Agent Activity — system: token — 
2026-05-17 21:34:20.797 | INFO     | app.main:event_stream:110 - Agent Activity — system: token — 
2026-05-17 21:34:20.805 | INFO     | app.main:event_stream:110 - Agent Activity — system: token — 
2026-05-17 21:34:20.812 | INFO     | app.main:event_stream:110 - Agent Activity — system: token — 
2026-05-17 21:34:20.824 | INFO     | app.main:event_stream:110 - Agent Activity — system: token — 
2026-05-17 21:34:20.831 | INFO     | app.main:event_stream:110 - Agent Activity — system: token — 
2026-05-17 21:34:20.840 | INFO     | app.main:event_stream:110 - Agent Activity — system: token — 
2026-05-17 21:34:20.842 | INFO     | app.main:event_stream:110 - Agent Activity — system: token — 
2026-05-17 21:34:20.843 | INFO     | app.main:event_stream:110 - Agent Activity — system: token — 
2026-05-17 21:34:20.849 | INFO     | app.main:event_stream:110 - Agent Activity — system: token — 
2026-05-17 21:34:20.851 | INFO     | app.main:event_stream:110 - Agent Activity — system: token — 
2026-05-17 21:34:20.853 | INFO     | app.main:event_stream:110 - Agent Activity — system: token — 
2026-05-17 21:34:20.855 | INFO     | app.main:event_stream:110 - Agent Activity — system: token — 
2026-05-17 21:34:20.856 | INFO     | app.main:event_stream:110 - Agent Activity — system: token — 
2026-05-17 21:34:20.857 | INFO     | app.main:event_stream:110 - Agent Activity — system: token — 
2026-05-17 21:34:20.859 | INFO     | app.main:event_stream:110 - Agent Activity — system: token — 
2026-05-17 21:34:20.860 | INFO     | app.main:event_stream:110 - Agent Activity — system: token — 
2026-05-17 21:34:20.861 | INFO     | app.main:event_stream:110 - Agent Activity — system: token — 
2026-05-17 21:34:20.866 | INFO     | app.main:event_stream:110 - Agent Activity — system: token — 
2026-05-17 21:34:20.871 | INFO     | app.main:event_stream:110 - Agent Activity — system: token — 
2026-05-17 21:34:20.876 | INFO     | app.main:event_stream:110 - Agent Activity — system: token — 
2026-05-17 21:34:20.888 | INFO     | app.main:event_stream:110 - Agent Activity — system: token — 
2026-05-17 21:34:20.890 | INFO     | app.main:event_stream:110 - Agent Activity — system: token — 
2026-05-17 21:34:20.896 | INFO     | app.main:event_stream:110 - Agent Activity — system: token — 
2026-05-17 21:34:20.907 | INFO     | app.main:event_stream:110 - Agent Activity — system: token — 
2026-05-17 21:34:20.909 | INFO     | app.main:event_stream:110 - Agent Activity — system: token — 
2026-05-17 21:34:20.914 | INFO     | app.main:event_stream:110 - Agent Activity — system: token — 
2026-05-17 21:34:20.917 | INFO     | app.main:event_stream:110 - Agent Activity — system: token — 
2026-05-17 21:34:20.919 | INFO     | app.main:event_stream:110 - Agent Activity — system: token — 
2026-05-17 21:34:20.921 | INFO     | app.main:event_stream:110 - Agent Activity — system: token — 
2026-05-17 21:34:20.923 | INFO     | app.main:event_stream:110 - Agent Activity — system: token — 
2026-05-17 21:34:20.924 | INFO     | app.main:event_stream:110 - Agent Activity — system: token — 
2026-05-17 21:34:20.926 | INFO     | app.main:event_stream:110 - Agent Activity — system: token — 
2026-05-17 21:34:20.929 | INFO     | app.main:event_stream:110 - Agent Activity — system: token — 
2026-05-17 21:34:20.936 | INFO     | app.main:event_stream:110 - Agent Activity — system: final_result — Research complete! See the dashboard for details.
2026-05-17 21:34:20.938 | INFO     | app.main:event_stream:110 - Agent Activity — system: done — 
2026-05-17 21:34:40.902 | INFO     | app.main:chat:86 - User queried: Best coding laptops with 32GB RAM
2026-05-17 21:34:40.904 | INFO     | app.main:event_stream:110 - Agent Activity — intent: agent_start — Understanding your requirements...
2026-05-17 21:34:44.055 | DEBUG    | app.agents.intent_agent:run_intent_agent:58 - Intent chain raw response: {
  "product_category": "laptop",
  "product_name": null,
  "specifications": ["32GB RAM"],
  "budget_range": {"min_price": 0, "max_price": 999999, "currency": "INR"},
  "usage_context": "general",
  "brand_preferences": [],
  "urgency": "can_wait",
  "is_specific_product": false,
  "is_complete": f
2026-05-17 21:34:44.055 | INFO     | app.agents.intent_agent:run_intent_agent:63 - Intent extracted: category=laptop, specific=False, complete=False, confidence=0.8
2026-05-17 21:34:44.056 | INFO     | app.main:event_stream:110 - Agent Activity — intent: agent_complete — Identified: laptop
2026-05-17 21:34:44.057 | INFO     | app.main:event_stream:110 - Agent Activity — intent: followup_needed — I need a bit more info: What is your budget for the laptop?
2026-05-17 21:34:44.059 | INFO     | app.main:event_stream:110 - Agent Activity — system: token — 
2026-05-17 21:34:44.061 | INFO     | app.main:event_stream:110 - Agent Activity — system: token — 
2026-05-17 21:34:44.064 | INFO     | app.main:event_stream:110 - Agent Activity — system: token — 
2026-05-17 21:34:44.066 | INFO     | app.main:event_stream:110 - Agent Activity — system: token — 
2026-05-17 21:34:44.069 | INFO     | app.main:event_stream:110 - Agent Activity — system: token — 
2026-05-17 21:34:44.086 | INFO     | app.main:event_stream:110 - Agent Activity — system: token — 
2026-05-17 21:34:44.093 | INFO     | app.main:event_stream:110 - Agent Activity — system: token — 
2026-05-17 21:34:44.096 | INFO     | app.main:event_stream:110 - Agent Activity — system: token — 
2026-05-17 21:34:44.098 | INFO     | app.main:event_stream:110 - Agent Activity — system: token — 
2026-05-17 21:34:44.100 | INFO     | app.main:event_stream:110 - Agent Activity — system: token — 
2026-05-17 21:34:44.105 | INFO     | app.main:event_stream:110 - Agent Activity — system: token — 
2026-05-17 21:34:44.106 | INFO     | app.main:event_stream:110 - Agent Activity — system: token — 
2026-05-17 21:34:44.108 | INFO     | app.main:event_stream:110 - Agent Activity — system: done — 
2026-05-17 21:35:08.541 | INFO     | app.main:chat:86 - User queried: Budget is 140000 INR
2026-05-17 21:35:08.544 | INFO     | app.main:event_stream:110 - Agent Activity — intent: agent_start — Understanding your requirements...
2026-05-17 21:35:11.705 | DEBUG    | app.agents.intent_agent:run_intent_agent:58 - Intent chain raw response: {
    "product_category": "laptop",
    "product_name": null,
    "specifications": ["32GB RAM"],
    "budget_range": {"min_price": 140000, "max_price": 140000, "currency": "INR"},
    "usage_context": "general",
    "brand_preferences": [],
    "urgency": "can_wait",
    "is_specific_product": fals
2026-05-17 21:35:11.706 | INFO     | app.agents.intent_agent:run_intent_agent:63 - Intent extracted: category=laptop, specific=False, complete=True, confidence=1.0
2026-05-17 21:35:11.707 | INFO     | app.main:event_stream:110 - Agent Activity — intent: agent_complete — Identified: laptop
2026-05-17 21:35:11.708 | INFO     | app.main:event_stream:110 - Agent Activity — market: agent_start — Searching products across platforms...
2026-05-17 21:35:11.709 | INFO     | app.agents.market_agent:run_market_agent:69 - Market agent searching: 'laptop 32GB RAM under 140000 INR India buy'
2026-05-17 21:35:11.710 | INFO     | app.services.search_service:search_products:43 - Searching products via Serper API: laptop 32GB RAM under 140000 INR India buy
2026-05-17 21:35:14.233 | INFO     | app.services.search_service:search_products:90 - Serper API returned 10 results.
2026-05-17 21:35:27.757 | DEBUG    | app.agents.market_agent:run_market_agent:108 - Market chain raw response: {
    "products": [
        {
            "name": "HP OmniBook Ultra AMD Ryzen AI 9 HX 375 Next Gen AI Laptop,(32GB-LPDDR5X Ram,1TB SSD)2.2k",
            "brand": "HP",
            "model": "OmniBook Ultra",
            "price": 150000,
            "currency": "INR",
            "platform": "Amazon
2026-05-17 21:35:27.758 | ERROR    | app.agents.market_agent:run_market_agent:139 - Market agent analysis error: Expecting ',' delimiter: line 70 column 24 (char 3202)
2026-05-17 21:35:27.760 | INFO     | app.main:event_stream:110 - Agent Activity — market: agent_complete — Found 0 products
2026-05-17 21:35:27.761 | INFO     | app.main:event_stream:110 - Agent Activity — system: token — 
2026-05-17 21:35:27.762 | INFO     | app.main:event_stream:110 - Agent Activity — system: token — 
2026-05-17 21:35:27.762 | INFO     | app.main:event_stream:110 - Agent Activity — system: token — 
2026-05-17 21:35:27.763 | INFO     | app.main:event_stream:110 - Agent Activity — system: token — 
2026-05-17 21:35:27.764 | INFO     | app.main:event_stream:110 - Agent Activity — system: token — 
2026-05-17 21:35:27.764 | INFO     | app.main:event_stream:110 - Agent Activity — system: token — 
2026-05-17 21:35:27.765 | INFO     | app.main:event_stream:110 - Agent Activity — system: token — 
2026-05-17 21:35:27.766 | INFO     | app.main:event_stream:110 - Agent Activity — system: token — 
2026-05-17 21:35:27.766 | INFO     | app.main:event_stream:110 - Agent Activity — system: token — 
2026-05-17 21:35:27.768 | INFO     | app.main:event_stream:110 - Agent Activity — system: token — 
2026-05-17 21:35:27.770 | INFO     | app.main:event_stream:110 - Agent Activity — system: token — 
2026-05-17 21:35:27.772 | INFO     | app.main:event_stream:110 - Agent Activity — system: token — 
2026-05-17 21:35:27.774 | INFO     | app.main:event_stream:110 - Agent Activity — system: token — 
2026-05-17 21:35:27.776 | INFO     | app.main:event_stream:110 - Agent Activity — system: token — 
2026-05-17 21:35:27.777 | INFO     | app.main:event_stream:110 - Agent Activity — system: token — 
2026-05-17 21:35:27.779 | INFO     | app.main:event_stream:110 - Agent Activity — system: token — 
2026-05-17 21:35:27.780 | INFO     | app.main:event_stream:110 - Agent Activity — system: token — 
2026-05-17 21:35:27.781 | INFO     | app.main:event_stream:110 - Agent Activity — system: token — 
2026-05-17 21:35:27.781 | INFO     | app.main:event_stream:110 - Agent Activity — system: token — 
2026-05-17 21:35:27.782 | INFO     | app.main:event_stream:110 - Agent Activity — system: token — 
2026-05-17 21:35:27.783 | INFO     | app.main:event_stream:110 - Agent Activity — system: token — 
2026-05-17 21:35:27.784 | INFO     | app.main:event_stream:110 - Agent Activity — system: token — 
2026-05-17 21:35:27.785 | INFO     | app.main:event_stream:110 - Agent Activity — system: token — 
2026-05-17 21:35:27.786 | INFO     | app.main:event_stream:110 - Agent Activity — system: token — 
2026-05-17 21:35:27.787 | INFO     | app.main:event_stream:110 - Agent Activity — system: token — 
2026-05-17 21:35:27.789 | INFO     | app.main:event_stream:110 - Agent Activity — system: token — 
2026-05-17 21:35:27.790 | INFO     | app.main:event_stream:110 - Agent Activity — system: token — 
2026-05-17 21:35:27.790 | INFO     | app.main:event_stream:110 - Agent Activity — system: token — 
2026-05-17 21:35:27.791 | INFO     | app.main:event_stream:110 - Agent Activity — system: token — 
2026-05-17 21:35:27.791 | INFO     | app.main:event_stream:110 - Agent Activity — system: token — 
2026-05-17 21:35:27.792 | INFO     | app.main:event_stream:110 - Agent Activity — system: token — 
2026-05-17 21:35:27.793 | INFO     | app.main:event_stream:110 - Agent Activity — system: token — 
2026-05-17 21:35:27.793 | INFO     | app.main:event_stream:110 - Agent Activity — system: token — 
2026-05-17 21:35:27.794 | INFO     | app.main:event_stream:110 - Agent Activity — system: token — 
2026-05-17 21:35:27.795 | INFO     | app.main:event_stream:110 - Agent Activity — system: done — 
2026-05-17 21:35:45.665 | INFO     | app.main:chat:86 - User queried: ARE U SURE
2026-05-17 21:35:45.667 | INFO     | app.main:event_stream:110 - Agent Activity — intent: agent_start — Understanding your requirements...
2026-05-17 21:35:48.557 | DEBUG    | app.agents.intent_agent:run_intent_agent:58 - Intent chain raw response: {
    "product_category": "laptop",
    "product_name": null,
    "specifications": ["32GB RAM"],
    "budget_range": {"min_price": 140000, "max_price": 140000, "currency": "INR"},
    "usage_context": "general",
    "brand_preferences": [],
    "urgency": "immediate",
    "is_specific_product": fal
2026-05-17 21:35:48.558 | INFO     | app.agents.intent_agent:run_intent_agent:63 - Intent extracted: category=laptop, specific=False, complete=True, confidence=0.8
2026-05-17 21:35:48.559 | INFO     | app.main:event_stream:110 - Agent Activity — intent: agent_complete — Identified: laptop
2026-05-17 21:35:48.561 | INFO     | app.main:event_stream:110 - Agent Activity — market: agent_start — Searching products across platforms...
2026-05-17 21:35:48.562 | INFO     | app.agents.market_agent:run_market_agent:69 - Market agent searching: 'laptop 32GB RAM under 140000 INR India buy'
2026-05-17 21:35:48.562 | INFO     | app.services.search_service:search_products:43 - Searching products via Serper API: laptop 32GB RAM under 140000 INR India buy
2026-05-17 21:35:51.070 | INFO     | app.services.search_service:search_products:90 - Serper API returned 10 results.
2026-05-17 21:36:03.198 | DEBUG    | app.agents.market_agent:run_market_agent:108 - Market chain raw response: {
  "products": [
    {
      "name": "HP OmniBook Ultra AMD Ryzen AI 9 HX 375 Next Gen AI Laptop,(32GB-LPDDR5X Ram,1TB SSD)2.2k",
      "brand": "HP",
      "model": "",
      "price": 150000,
      "currency": "INR",
      "platform": "Amazon",
      "specs": {"ram": "32GB", "storage": "1TB SSD"},
2026-05-17 21:36:04.232 | INFO     | app.main:event_stream:110 - Agent Activity — market: agent_complete — Found 4 products
2026-05-17 21:36:04.234 | INFO     | app.main:event_stream:110 - Agent Activity — system: token — 
2026-05-17 21:36:04.234 | INFO     | app.main:event_stream:110 - Agent Activity — system: token — 
2026-05-17 21:36:04.235 | INFO     | app.main:event_stream:110 - Agent Activity — system: token — 
2026-05-17 21:36:04.236 | INFO     | app.main:event_stream:110 - Agent Activity — system: token — 
2026-05-17 21:36:04.236 | INFO     | app.main:event_stream:110 - Agent Activity — system: token — 
2026-05-17 21:36:04.237 | INFO     | app.main:event_stream:110 - Agent Activity — system: token — 
2026-05-17 21:36:04.237 | INFO     | app.main:event_stream:110 - Agent Activity — system: token — 
2026-05-17 21:36:04.238 | INFO     | app.main:event_stream:110 - Agent Activity — system: token — 
2026-05-17 21:36:04.239 | INFO     | app.main:event_stream:110 - Agent Activity — system: token — 
2026-05-17 21:36:04.241 | INFO     | app.main:event_stream:110 - Agent Activity — system: token — 
2026-05-17 21:36:04.242 | INFO     | app.main:event_stream:110 - Agent Activity — system: token — 
2026-05-17 21:36:04.243 | INFO     | app.main:event_stream:110 - Agent Activity — system: token — 
2026-05-17 21:36:04.245 | INFO     | app.main:event_stream:110 - Agent Activity — system: token — 
2026-05-17 21:36:04.246 | INFO     | app.main:event_stream:110 - Agent Activity — system: token — 
2026-05-17 21:36:04.247 | INFO     | app.main:event_stream:110 - Agent Activity — system: token — 
2026-05-17 21:36:04.249 | INFO     | app.main:event_stream:110 - Agent Activity — system: token — 
2026-05-17 21:36:04.250 | INFO     | app.main:event_stream:110 - Agent Activity — system: token — 
2026-05-17 21:36:04.251 | INFO     | app.main:event_stream:110 - Agent Activity — system: token — 
2026-05-17 21:36:04.252 | INFO     | app.main:event_stream:110 - Agent Activity — system: token — 
2026-05-17 21:36:04.253 | INFO     | app.main:event_stream:110 - Agent Activity — system: token — 
2026-05-17 21:36:04.254 | INFO     | app.main:event_stream:110 - Agent Activity — system: token — 
2026-05-17 21:36:04.255 | INFO     | app.main:event_stream:110 - Agent Activity — system: token — 
2026-05-17 21:36:04.257 | INFO     | app.main:event_stream:110 - Agent Activity — system: token — 
2026-05-17 21:36:04.258 | INFO     | app.main:event_stream:110 - Agent Activity — system: token — 
2026-05-17 21:36:04.259 | INFO     | app.main:event_stream:110 - Agent Activity — system: token — 
2026-05-17 21:36:04.260 | INFO     | app.main:event_stream:110 - Agent Activity — system: token — 
2026-05-17 21:36:04.262 | INFO     | app.main:event_stream:110 - Agent Activity — system: token — 
2026-05-17 21:36:04.263 | INFO     | app.main:event_stream:110 - Agent Activity — system: token — 
2026-05-17 21:36:04.267 | INFO     | app.main:event_stream:110 - Agent Activity — system: token — 
2026-05-17 21:36:04.269 | INFO     | app.main:event_stream:110 - Agent Activity — system: token — 
2026-05-17 21:36:04.271 | INFO     | app.main:event_stream:110 - Agent Activity — system: token — 
2026-05-17 21:36:04.273 | INFO     | app.main:event_stream:110 - Agent Activity — system: token — 
2026-05-17 21:36:04.274 | INFO     | app.main:event_stream:110 - Agent Activity — system: token — 
2026-05-17 21:36:04.275 | INFO     | app.main:event_stream:110 - Agent Activity — system: token — 
2026-05-17 21:36:04.276 | INFO     | app.main:event_stream:110 - Agent Activity — system: token — 
2026-05-17 21:36:04.277 | INFO     | app.main:event_stream:110 - Agent Activity — system: token — 
2026-05-17 21:36:04.280 | INFO     | app.main:event_stream:110 - Agent Activity — system: token — 
2026-05-17 21:36:04.282 | INFO     | app.main:event_stream:110 - Agent Activity — system: token — 
2026-05-17 21:36:04.284 | INFO     | app.main:event_stream:110 - Agent Activity — system: token — 
2026-05-17 21:36:04.286 | INFO     | app.main:event_stream:110 - Agent Activity — system: token — 
2026-05-17 21:36:04.288 | INFO     | app.main:event_stream:110 - Agent Activity — system: token — 
2026-05-17 21:36:04.289 | INFO     | app.main:event_stream:110 - Agent Activity — system: token — 
2026-05-17 21:36:04.290 | INFO     | app.main:event_stream:110 - Agent Activity — system: token — 
2026-05-17 21:36:04.292 | INFO     | app.main:event_stream:110 - Agent Activity — system: token — 
2026-05-17 21:36:04.293 | INFO     | app.main:event_stream:110 - Agent Activity — system: token — 
2026-05-17 21:36:04.294 | INFO     | app.main:event_stream:110 - Agent Activity — system: token — 
2026-05-17 21:36:04.295 | INFO     | app.main:event_stream:110 - Agent Activity — system: token — 
2026-05-17 21:36:04.296 | INFO     | app.main:event_stream:110 - Agent Activity — system: token — 
2026-05-17 21:36:04.297 | INFO     | app.main:event_stream:110 - Agent Activity — system: token — 
2026-05-17 21:36:04.299 | INFO     | app.main:event_stream:110 - Agent Activity — system: token — 
2026-05-17 21:36:04.301 | INFO     | app.main:event_stream:110 - Agent Activity — system: token — 
2026-05-17 21:36:04.304 | INFO     | app.main:event_stream:110 - Agent Activity — system: token — 
2026-05-17 21:36:04.305 | INFO     | app.main:event_stream:110 - Agent Activity — system: token — 
2026-05-17 21:36:04.305 | INFO     | app.main:event_stream:110 - Agent Activity — system: token — 
2026-05-17 21:36:04.306 | INFO     | app.main:event_stream:110 - Agent Activity — system: token — 
2026-05-17 21:36:04.306 | INFO     | app.main:event_stream:110 - Agent Activity — system: token — 
2026-05-17 21:36:04.307 | INFO     | app.main:event_stream:110 - Agent Activity — system: token — 
2026-05-17 21:36:04.308 | INFO     | app.main:event_stream:110 - Agent Activity — system: token — 
2026-05-17 21:36:04.309 | INFO     | app.main:event_stream:110 - Agent Activity — system: token — 
2026-05-17 21:36:04.310 | INFO     | app.main:event_stream:110 - Agent Activity — system: token — 
2026-05-17 21:36:04.311 | INFO     | app.main:event_stream:110 - Agent Activity — system: token — 
2026-05-17 21:36:04.313 | INFO     | app.main:event_stream:110 - Agent Activity — system: token — 
2026-05-17 21:36:04.314 | INFO     | app.main:event_stream:110 - Agent Activity — system: token — 
2026-05-17 21:36:04.316 | INFO     | app.main:event_stream:110 - Agent Activity — system: token — 
2026-05-17 21:36:04.317 | INFO     | app.main:event_stream:110 - Agent Activity — system: token — 
2026-05-17 21:36:04.318 | INFO     | app.main:event_stream:110 - Agent Activity — system: token — 
2026-05-17 21:36:04.320 | INFO     | app.main:event_stream:110 - Agent Activity — system: token — 
2026-05-17 21:36:04.322 | INFO     | app.main:event_stream:110 - Agent Activity — system: token — 
2026-05-17 21:36:04.323 | INFO     | app.main:event_stream:110 - Agent Activity — system: token — 
2026-05-17 21:36:04.323 | INFO     | app.main:event_stream:110 - Agent Activity — system: token — 
2026-05-17 21:36:04.324 | INFO     | app.main:event_stream:110 - Agent Activity — system: token — 
2026-05-17 21:36:04.325 | INFO     | app.main:event_stream:110 - Agent Activity — system: token — 
2026-05-17 21:36:04.326 | INFO     | app.main:event_stream:110 - Agent Activity — system: token — 
2026-05-17 21:36:04.327 | INFO     | app.main:event_stream:110 - Agent Activity — system: token — 
2026-05-17 21:36:04.328 | INFO     | app.main:event_stream:110 - Agent Activity — system: token — 
2026-05-17 21:36:04.331 | INFO     | app.main:event_stream:110 - Agent Activity — system: token — 
2026-05-17 21:36:04.333 | INFO     | app.main:event_stream:110 - Agent Activity — system: token — 
2026-05-17 21:36:04.334 | INFO     | app.main:event_stream:110 - Agent Activity — system: token — 
2026-05-17 21:36:04.337 | INFO     | app.main:event_stream:110 - Agent Activity — system: token — 
2026-05-17 21:36:04.340 | INFO     | app.main:event_stream:110 - Agent Activity — system: token — 
2026-05-17 21:36:04.341 | INFO     | app.main:event_stream:110 - Agent Activity — system: token — 
2026-05-17 21:36:04.342 | INFO     | app.main:event_stream:110 - Agent Activity — system: token — 
2026-05-17 21:36:04.343 | INFO     | app.main:event_stream:110 - Agent Activity — system: token — 
2026-05-17 21:36:04.344 | INFO     | app.main:event_stream:110 - Agent Activity — system: token — 
2026-05-17 21:36:04.345 | INFO     | app.main:event_stream:110 - Agent Activity — system: token — 
2026-05-17 21:36:04.348 | INFO     | app.main:event_stream:110 - Agent Activity — system: token — 
2026-05-17 21:36:04.350 | INFO     | app.main:event_stream:110 - Agent Activity — system: token — 
2026-05-17 21:36:04.352 | INFO     | app.main:event_stream:110 - Agent Activity — system: token — 
2026-05-17 21:36:04.353 | INFO     | app.main:event_stream:110 - Agent Activity — system: token — 
2026-05-17 21:36:04.354 | INFO     | app.main:event_stream:110 - Agent Activity — system: token — 
2026-05-17 21:36:04.356 | INFO     | app.main:event_stream:110 - Agent Activity — system: token — 
2026-05-17 21:36:04.357 | INFO     | app.main:event_stream:110 - Agent Activity — system: token — 
2026-05-17 21:36:04.358 | INFO     | app.main:event_stream:110 - Agent Activity — system: token — 
2026-05-17 21:36:04.358 | INFO     | app.main:event_stream:110 - Agent Activity — system: token — 
2026-05-17 21:36:04.359 | INFO     | app.main:event_stream:110 - Agent Activity — system: token — 
2026-05-17 21:36:04.360 | INFO     | app.main:event_stream:110 - Agent Activity — system: token — 
2026-05-17 21:36:04.361 | INFO     | app.main:event_stream:110 - Agent Activity — system: token — 
2026-05-17 21:36:04.363 | INFO     | app.main:event_stream:110 - Agent Activity — system: token — 
2026-05-17 21:36:04.366 | INFO     | app.main:event_stream:110 - Agent Activity — system: token — 
2026-05-17 21:36:04.367 | INFO     | app.main:event_stream:110 - Agent Activity — system: token — 
2026-05-17 21:36:04.368 | INFO     | app.main:event_stream:110 - Agent Activity — system: token — 
2026-05-17 21:36:04.371 | INFO     | app.main:event_stream:110 - Agent Activity — system: token — 
2026-05-17 21:36:04.373 | INFO     | app.main:event_stream:110 - Agent Activity — system: token — 
2026-05-17 21:36:04.374 | INFO     | app.main:event_stream:110 - Agent Activity — system: token — 
2026-05-17 21:36:04.375 | INFO     | app.main:event_stream:110 - Agent Activity — system: token — 
2026-05-17 21:36:04.376 | INFO     | app.main:event_stream:110 - Agent Activity — system: token — 
2026-05-17 21:36:04.377 | INFO     | app.main:event_stream:110 - Agent Activity — system: token — 
2026-05-17 21:36:04.378 | INFO     | app.main:event_stream:110 - Agent Activity — system: token — 
2026-05-17 21:36:04.379 | INFO     | app.main:event_stream:110 - Agent Activity — system: token — 
2026-05-17 21:36:04.382 | INFO     | app.main:event_stream:110 - Agent Activity — system: token — 
2026-05-17 21:36:04.383 | INFO     | app.main:event_stream:110 - Agent Activity — system: token — 
2026-05-17 21:36:04.385 | INFO     | app.main:event_stream:110 - Agent Activity — system: token — 
2026-05-17 21:36:04.386 | INFO     | app.main:event_stream:110 - Agent Activity — system: token — 
2026-05-17 21:36:04.387 | INFO     | app.main:event_stream:110 - Agent Activity — system: token — 
2026-05-17 21:36:04.388 | INFO     | app.main:event_stream:110 - Agent Activity — system: token — 
2026-05-17 21:36:04.389 | INFO     | app.main:event_stream:110 - Agent Activity — system: token — 
2026-05-17 21:36:04.390 | INFO     | app.main:event_stream:110 - Agent Activity — system: token — 
2026-05-17 21:36:04.391 | INFO     | app.main:event_stream:110 - Agent Activity — system: token — 
2026-05-17 21:36:04.392 | INFO     | app.main:event_stream:110 - Agent Activity — system: token — 
2026-05-17 21:36:04.393 | INFO     | app.main:event_stream:110 - Agent Activity — system: token — 
2026-05-17 21:36:04.395 | INFO     | app.main:event_stream:110 - Agent Activity — system: token — 
2026-05-17 21:36:04.397 | INFO     | app.main:event_stream:110 - Agent Activity — system: token — 
2026-05-17 21:36:04.399 | INFO     | app.main:event_stream:110 - Agent Activity — system: token — 
2026-05-17 21:36:04.402 | INFO     | app.main:event_stream:110 - Agent Activity — system: token — 
2026-05-17 21:36:04.404 | INFO     | app.main:event_stream:110 - Agent Activity — system: token — 
2026-05-17 21:36:04.406 | INFO     | app.main:event_stream:110 - Agent Activity — system: token — 
2026-05-17 21:36:04.407 | INFO     | app.main:event_stream:110 - Agent Activity — system: token — 
2026-05-17 21:36:04.408 | INFO     | app.main:event_stream:110 - Agent Activity — system: token — 
2026-05-17 21:36:04.409 | INFO     | app.main:event_stream:110 - Agent Activity — system: token — 
2026-05-17 21:36:04.410 | INFO     | app.main:event_stream:110 - Agent Activity — system: token — 
2026-05-17 21:36:04.412 | INFO     | app.main:event_stream:110 - Agent Activity — system: token — 
2026-05-17 21:36:04.415 | INFO     | app.main:event_stream:110 - Agent Activity — system: token — 
2026-05-17 21:36:04.416 | INFO     | app.main:event_stream:110 - Agent Activity — system: token — 
2026-05-17 21:36:04.416 | INFO     | app.main:event_stream:110 - Agent Activity — system: token — 
2026-05-17 21:36:04.418 | INFO     | app.main:event_stream:110 - Agent Activity — system: token — 
2026-05-17 21:36:04.420 | INFO     | app.main:event_stream:110 - Agent Activity — system: token — 
2026-05-17 21:36:04.421 | INFO     | app.main:event_stream:110 - Agent Activity — system: token — 
2026-05-17 21:36:04.422 | INFO     | app.main:event_stream:110 - Agent Activity — system: token — 
2026-05-17 21:36:04.422 | INFO     | app.main:event_stream:110 - Agent Activity — system: token — 
2026-05-17 21:36:04.423 | INFO     | app.main:event_stream:110 - Agent Activity — system: token — 
2026-05-17 21:36:04.424 | INFO     | app.main:event_stream:110 - Agent Activity — system: token — 
2026-05-17 21:36:04.425 | INFO     | app.main:event_stream:110 - Agent Activity — system: token — 
2026-05-17 21:36:04.426 | INFO     | app.main:event_stream:110 - Agent Activity — system: token — 
2026-05-17 21:36:04.427 | INFO     | app.main:event_stream:110 - Agent Activity — system: token — 
2026-05-17 21:36:04.429 | INFO     | app.main:event_stream:110 - Agent Activity — system: token — 
2026-05-17 21:36:04.432 | INFO     | app.main:event_stream:110 - Agent Activity — system: token — 
2026-05-17 21:36:04.433 | INFO     | app.main:event_stream:110 - Agent Activity — system: token — 
2026-05-17 21:36:04.434 | INFO     | app.main:event_stream:110 - Agent Activity — system: token — 
2026-05-17 21:36:04.434 | INFO     | app.main:event_stream:110 - Agent Activity — system: token — 
2026-05-17 21:36:04.435 | INFO     | app.main:event_stream:110 - Agent Activity — system: token — 
2026-05-17 21:36:04.436 | INFO     | app.main:event_stream:110 - Agent Activity — system: token — 
2026-05-17 21:36:04.436 | INFO     | app.main:event_stream:110 - Agent Activity — system: token — 
2026-05-17 21:36:04.437 | INFO     | app.main:event_stream:110 - Agent Activity — system: token — 
2026-05-17 21:36:04.438 | INFO     | app.main:event_stream:110 - Agent Activity — system: token — 
2026-05-17 21:36:04.438 | INFO     | app.main:event_stream:110 - Agent Activity — system: token — 
2026-05-17 21:36:04.439 | INFO     | app.main:event_stream:110 - Agent Activity — system: token — 
2026-05-17 21:36:04.440 | INFO     | app.main:event_stream:110 - Agent Activity — system: token — 
2026-05-17 21:36:04.442 | INFO     | app.main:event_stream:110 - Agent Activity — system: token — 
2026-05-17 21:36:04.443 | INFO     | app.main:event_stream:110 - Agent Activity — system: token — 
2026-05-17 21:36:04.444 | INFO     | app.main:event_stream:110 - Agent Activity — system: token — 
2026-05-17 21:36:04.446 | INFO     | app.main:event_stream:110 - Agent Activity — system: token — 
2026-05-17 21:36:04.448 | INFO     | app.main:event_stream:110 - Agent Activity — system: token — 
2026-05-17 21:36:04.449 | INFO     | app.main:event_stream:110 - Agent Activity — system: token — 
2026-05-17 21:36:04.450 | INFO     | app.main:event_stream:110 - Agent Activity — system: token — 
2026-05-17 21:36:04.451 | INFO     | app.main:event_stream:110 - Agent Activity — system: token — 
2026-05-17 21:36:04.452 | INFO     | app.main:event_stream:110 - Agent Activity — system: token — 
2026-05-17 21:36:04.454 | INFO     | app.main:event_stream:110 - Agent Activity — system: token — 
2026-05-17 21:36:04.455 | INFO     | app.main:event_stream:110 - Agent Activity — system: token — 
2026-05-17 21:36:04.459 | INFO     | app.main:event_stream:110 - Agent Activity — system: token — 
2026-05-17 21:36:04.466 | INFO     | app.main:event_stream:110 - Agent Activity — system: token — 
2026-05-17 21:36:04.468 | INFO     | app.main:event_stream:110 - Agent Activity — system: token — 
2026-05-17 21:36:04.469 | INFO     | app.main:event_stream:110 - Agent Activity — system: token — 
2026-05-17 21:36:04.470 | INFO     | app.main:event_stream:110 - Agent Activity — system: token — 
2026-05-17 21:36:04.472 | INFO     | app.main:event_stream:110 - Agent Activity — system: token — 
2026-05-17 21:36:04.474 | INFO     | app.main:event_stream:110 - Agent Activity — system: token — 
2026-05-17 21:36:04.475 | INFO     | app.main:event_stream:110 - Agent Activity — system: token — 
2026-05-17 21:36:04.475 | INFO     | app.main:event_stream:110 - Agent Activity — system: token — 
2026-05-17 21:36:04.476 | INFO     | app.main:event_stream:110 - Agent Activity — system: token — 
2026-05-17 21:36:04.476 | INFO     | app.main:event_stream:110 - Agent Activity — system: token — 
2026-05-17 21:36:04.477 | INFO     | app.main:event_stream:110 - Agent Activity — system: token — 
2026-05-17 21:36:04.478 | INFO     | app.main:event_stream:110 - Agent Activity — system: token — 
2026-05-17 21:36:04.480 | INFO     | app.main:event_stream:110 - Agent Activity — system: token — 
2026-05-17 21:36:04.482 | INFO     | app.main:event_stream:110 - Agent Activity — system: token — 
2026-05-17 21:36:04.483 | INFO     | app.main:event_stream:110 - Agent Activity — system: token — 
2026-05-17 21:36:04.484 | INFO     | app.main:event_stream:110 - Agent Activity — system: token — 
2026-05-17 21:36:04.485 | INFO     | app.main:event_stream:110 - Agent Activity — system: token — 
2026-05-17 21:36:04.486 | INFO     | app.main:event_stream:110 - Agent Activity — system: token — 
2026-05-17 21:36:04.486 | INFO     | app.main:event_stream:110 - Agent Activity — system: token — 
2026-05-17 21:36:04.487 | INFO     | app.main:event_stream:110 - Agent Activity — system: token — 
2026-05-17 21:36:04.488 | INFO     | app.main:event_stream:110 - Agent Activity — system: token — 
2026-05-17 21:36:04.489 | INFO     | app.main:event_stream:110 - Agent Activity — system: token — 
2026-05-17 21:36:04.490 | INFO     | app.main:event_stream:110 - Agent Activity — system: token — 
2026-05-17 21:36:04.491 | INFO     | app.main:event_stream:110 - Agent Activity — system: token — 
2026-05-17 21:36:04.492 | INFO     | app.main:event_stream:110 - Agent Activity — system: token — 
2026-05-17 21:36:04.494 | INFO     | app.main:event_stream:110 - Agent Activity — system: token — 
2026-05-17 21:36:04.496 | INFO     | app.main:event_stream:110 - Agent Activity — system: token — 
2026-05-17 21:36:04.498 | INFO     | app.main:event_stream:110 - Agent Activity — system: token — 
2026-05-17 21:36:04.499 | INFO     | app.main:event_stream:110 - Agent Activity — system: token — 
2026-05-17 21:36:04.500 | INFO     | app.main:event_stream:110 - Agent Activity — system: token — 
2026-05-17 21:36:04.501 | INFO     | app.main:event_stream:110 - Agent Activity — system: token — 
2026-05-17 21:36:04.501 | INFO     | app.main:event_stream:110 - Agent Activity — system: token — 
2026-05-17 21:36:04.502 | INFO     | app.main:event_stream:110 - Agent Activity — system: token — 
2026-05-17 21:36:04.503 | INFO     | app.main:event_stream:110 - Agent Activity — system: token — 
2026-05-17 21:36:04.504 | INFO     | app.main:event_stream:110 - Agent Activity — system: token — 
2026-05-17 21:36:04.505 | INFO     | app.main:event_stream:110 - Agent Activity — system: token — 
2026-05-17 21:36:04.506 | INFO     | app.main:event_stream:110 - Agent Activity — system: token — 
2026-05-17 21:36:04.508 | INFO     | app.main:event_stream:110 - Agent Activity — system: token — 
2026-05-17 21:36:04.511 | INFO     | app.main:event_stream:110 - Agent Activity — system: token — 
2026-05-17 21:36:04.515 | INFO     | app.main:event_stream:110 - Agent Activity — system: token — 
2026-05-17 21:36:04.517 | INFO     | app.main:event_stream:110 - Agent Activity — system: token — 
2026-05-17 21:36:04.519 | INFO     | app.main:event_stream:110 - Agent Activity — system: token — 
2026-05-17 21:36:04.520 | INFO     | app.main:event_stream:110 - Agent Activity — system: token — 
2026-05-17 21:36:04.521 | INFO     | app.main:event_stream:110 - Agent Activity — system: token — 
2026-05-17 21:36:04.522 | INFO     | app.main:event_stream:110 - Agent Activity — system: token — 
2026-05-17 21:36:04.524 | INFO     | app.main:event_stream:110 - Agent Activity — system: token — 
2026-05-17 21:36:04.525 | INFO     | app.main:event_stream:110 - Agent Activity — system: token — 
2026-05-17 21:36:04.526 | INFO     | app.main:event_stream:110 - Agent Activity — system: token — 
2026-05-17 21:36:04.527 | INFO     | app.main:event_stream:110 - Agent Activity — system: token — 
2026-05-17 21:36:04.528 | INFO     | app.main:event_stream:110 - Agent Activity — system: token — 
2026-05-17 21:36:04.529 | INFO     | app.main:event_stream:110 - Agent Activity — system: token — 
2026-05-17 21:36:04.531 | INFO     | app.main:event_stream:110 - Agent Activity — system: token — 
2026-05-17 21:36:04.534 | INFO     | app.main:event_stream:110 - Agent Activity — system: token — 
2026-05-17 21:36:04.535 | INFO     | app.main:event_stream:110 - Agent Activity — system: token — 
2026-05-17 21:36:04.537 | INFO     | app.main:event_stream:110 - Agent Activity — system: token — 
2026-05-17 21:36:04.539 | INFO     | app.main:event_stream:110 - Agent Activity — system: token — 
2026-05-17 21:36:04.540 | INFO     | app.main:event_stream:110 - Agent Activity — system: token — 
2026-05-17 21:36:04.540 | INFO     | app.main:event_stream:110 - Agent Activity — system: token — 
2026-05-17 21:36:04.541 | INFO     | app.main:event_stream:110 - Agent Activity — system: token — 
2026-05-17 21:36:04.542 | INFO     | app.main:event_stream:110 - Agent Activity — system: token — 
2026-05-17 21:36:04.543 | INFO     | app.main:event_stream:110 - Agent Activity — system: token — 
2026-05-17 21:36:04.547 | INFO     | app.main:event_stream:110 - Agent Activity — system: token — 
2026-05-17 21:36:04.549 | INFO     | app.main:event_stream:110 - Agent Activity — system: token — 
2026-05-17 21:36:04.550 | INFO     | app.main:event_stream:110 - Agent Activity — system: token — 
2026-05-17 21:36:04.550 | INFO     | app.main:event_stream:110 - Agent Activity — system: token — 
2026-05-17 21:36:04.551 | INFO     | app.main:event_stream:110 - Agent Activity — system: token — 
2026-05-17 21:36:04.552 | INFO     | app.main:event_stream:110 - Agent Activity — system: token — 
2026-05-17 21:36:04.553 | INFO     | app.main:event_stream:110 - Agent Activity — system: token — 
2026-05-17 21:36:04.554 | INFO     | app.main:event_stream:110 - Agent Activity — system: token — 
2026-05-17 21:36:04.556 | INFO     | app.main:event_stream:110 - Agent Activity — system: token — 
2026-05-17 21:36:04.558 | INFO     | app.main:event_stream:110 - Agent Activity — system: token — 
2026-05-17 21:36:04.559 | INFO     | app.main:event_stream:110 - Agent Activity — system: token — 
2026-05-17 21:36:04.560 | INFO     | app.main:event_stream:110 - Agent Activity — system: token — 
2026-05-17 21:36:04.561 | INFO     | app.main:event_stream:110 - Agent Activity — system: token — 
2026-05-17 21:36:04.563 | INFO     | app.main:event_stream:110 - Agent Activity — system: token — 
2026-05-17 21:36:04.565 | INFO     | app.main:event_stream:110 - Agent Activity — system: token — 
2026-05-17 21:36:04.568 | INFO     | app.main:event_stream:110 - Agent Activity — system: token — 
2026-05-17 21:36:04.570 | INFO     | app.main:event_stream:110 - Agent Activity — system: token — 
2026-05-17 21:36:04.571 | INFO     | app.main:event_stream:110 - Agent Activity — system: token — 
2026-05-17 21:36:04.572 | INFO     | app.main:event_stream:110 - Agent Activity — system: token — 
2026-05-17 21:36:04.573 | INFO     | app.main:event_stream:110 - Agent Activity — system: token — 
2026-05-17 21:36:04.574 | INFO     | app.main:event_stream:110 - Agent Activity — system: token — 
2026-05-17 21:36:04.575 | INFO     | app.main:event_stream:110 - Agent Activity — system: token — 
2026-05-17 21:36:04.576 | INFO     | app.main:event_stream:110 - Agent Activity — system: token — 
2026-05-17 21:36:04.577 | INFO     | app.main:event_stream:110 - Agent Activity — system: token — 
2026-05-17 21:36:04.580 | INFO     | app.main:event_stream:110 - Agent Activity — system: token — 
2026-05-17 21:36:04.582 | INFO     | app.main:event_stream:110 - Agent Activity — system: token — 
2026-05-17 21:36:04.584 | INFO     | app.main:event_stream:110 - Agent Activity — system: token — 
2026-05-17 21:36:04.588 | INFO     | app.main:event_stream:110 - Agent Activity — system: token — 
2026-05-17 21:36:04.589 | INFO     | app.main:event_stream:110 - Agent Activity — system: token — 
2026-05-17 21:36:04.590 | INFO     | app.main:event_stream:110 - Agent Activity — system: token — 
2026-05-17 21:36:04.592 | INFO     | app.main:event_stream:110 - Agent Activity — system: token — 
2026-05-17 21:36:04.592 | INFO     | app.main:event_stream:110 - Agent Activity — system: token — 
2026-05-17 21:36:04.593 | INFO     | app.main:event_stream:110 - Agent Activity — system: token — 
2026-05-17 21:36:04.594 | INFO     | app.main:event_stream:110 - Agent Activity — system: token — 
2026-05-17 21:36:04.595 | INFO     | app.main:event_stream:110 - Agent Activity — system: token — 
2026-05-17 21:36:04.596 | INFO     | app.main:event_stream:110 - Agent Activity — system: token — 
2026-05-17 21:36:04.597 | INFO     | app.main:event_stream:110 - Agent Activity — system: token — 
2026-05-17 21:36:04.599 | INFO     | app.main:event_stream:110 - Agent Activity — system: token — 
2026-05-17 21:36:04.601 | INFO     | app.main:event_stream:110 - Agent Activity — system: token — 
2026-05-17 21:36:04.603 | INFO     | app.main:event_stream:110 - Agent Activity — system: token — 
2026-05-17 21:36:04.605 | INFO     | app.main:event_stream:110 - Agent Activity — system: token — 
2026-05-17 21:36:04.606 | INFO     | app.main:event_stream:110 - Agent Activity — system: token — 
2026-05-17 21:36:04.607 | INFO     | app.main:event_stream:110 - Agent Activity — system: token — 
2026-05-17 21:36:04.608 | INFO     | app.main:event_stream:110 - Agent Activity — system: token — 
2026-05-17 21:36:04.610 | INFO     | app.main:event_stream:110 - Agent Activity — system: token — 
2026-05-17 21:36:04.610 | INFO     | app.main:event_stream:110 - Agent Activity — system: token — 
2026-05-17 21:36:04.611 | INFO     | app.main:event_stream:110 - Agent Activity — system: token — 
2026-05-17 21:36:04.613 | INFO     | app.main:event_stream:110 - Agent Activity — system: token — 
2026-05-17 21:36:04.614 | INFO     | app.main:event_stream:110 - Agent Activity — system: token — 
2026-05-17 21:36:04.615 | INFO     | app.main:event_stream:110 - Agent Activity — system: token — 
2026-05-17 21:36:04.616 | INFO     | app.main:event_stream:110 - Agent Activity — system: token — 
2026-05-17 21:36:04.617 | INFO     | app.main:event_stream:110 - Agent Activity — system: token — 
2026-05-17 21:36:04.618 | INFO     | app.main:event_stream:110 - Agent Activity — system: token — 
2026-05-17 21:36:04.619 | INFO     | app.main:event_stream:110 - Agent Activity — system: token — 
2026-05-17 21:36:04.619 | INFO     | app.main:event_stream:110 - Agent Activity — system: token — 
2026-05-17 21:36:04.620 | INFO     | app.main:event_stream:110 - Agent Activity — system: token — 
2026-05-17 21:36:04.621 | INFO     | app.main:event_stream:110 - Agent Activity — system: token — 
2026-05-17 21:36:04.622 | INFO     | app.main:event_stream:110 - Agent Activity — system: token — 
2026-05-17 21:36:04.623 | INFO     | app.main:event_stream:110 - Agent Activity — system: token — 
2026-05-17 21:36:04.624 | INFO     | app.main:event_stream:110 - Agent Activity — system: token — 
2026-05-17 21:36:04.625 | INFO     | app.main:event_stream:110 - Agent Activity — system: token — 
2026-05-17 21:36:04.626 | INFO     | app.main:event_stream:110 - Agent Activity — system: token — 
2026-05-17 21:36:04.627 | INFO     | app.main:event_stream:110 - Agent Activity — system: token — 
2026-05-17 21:36:04.629 | INFO     | app.main:event_stream:110 - Agent Activity — system: token — 
2026-05-17 21:36:04.631 | INFO     | app.main:event_stream:110 - Agent Activity — system: token — 
2026-05-17 21:36:04.635 | INFO     | app.main:event_stream:110 - Agent Activity — system: token — 
2026-05-17 21:36:04.639 | INFO     | app.main:event_stream:110 - Agent Activity — system: token — 
2026-05-17 21:36:04.640 | INFO     | app.main:event_stream:110 - Agent Activity — system: token — 
2026-05-17 21:36:04.642 | INFO     | app.main:event_stream:110 - Agent Activity — system: token — 
2026-05-17 21:36:04.643 | INFO     | app.main:event_stream:110 - Agent Activity — system: token — 
2026-05-17 21:36:04.644 | INFO     | app.main:event_stream:110 - Agent Activity — system: token — 
2026-05-17 21:36:04.647 | INFO     | app.main:event_stream:110 - Agent Activity — system: token — 
2026-05-17 21:36:04.655 | INFO     | app.main:event_stream:110 - Agent Activity — system: token — 
2026-05-17 21:36:04.657 | INFO     | app.main:event_stream:110 - Agent Activity — system: token — 
2026-05-17 21:36:04.664 | INFO     | app.main:event_stream:110 - Agent Activity — system: token — 
2026-05-17 21:36:04.668 | INFO     | app.main:event_stream:110 - Agent Activity — system: token — 
2026-05-17 21:36:04.676 | INFO     | app.main:event_stream:110 - Agent Activity — system: token — 
2026-05-17 21:36:04.681 | INFO     | app.main:event_stream:110 - Agent Activity — system: token — 
2026-05-17 21:36:04.685 | INFO     | app.main:event_stream:110 - Agent Activity — system: token — 
2026-05-17 21:36:04.687 | INFO     | app.main:event_stream:110 - Agent Activity — system: token — 
2026-05-17 21:36:04.689 | INFO     | app.main:event_stream:110 - Agent Activity — system: token — 
2026-05-17 21:36:04.690 | INFO     | app.main:event_stream:110 - Agent Activity — system: token — 
2026-05-17 21:36:04.696 | INFO     | app.main:event_stream:110 - Agent Activity — system: token — 
2026-05-17 21:36:04.700 | INFO     | app.main:event_stream:110 - Agent Activity — system: token — 
2026-05-17 21:36:04.704 | INFO     | app.main:event_stream:110 - Agent Activity — system: token — 
2026-05-17 21:36:04.706 | INFO     | app.main:event_stream:110 - Agent Activity — system: token — 
2026-05-17 21:36:04.707 | INFO     | app.main:event_stream:110 - Agent Activity — system: token — 
2026-05-17 21:36:04.709 | INFO     | app.main:event_stream:110 - Agent Activity — system: token — 
2026-05-17 21:36:04.713 | INFO     | app.main:event_stream:110 - Agent Activity — system: token — 
2026-05-17 21:36:04.717 | INFO     | app.main:event_stream:110 - Agent Activity — system: token — 
2026-05-17 21:36:04.718 | INFO     | app.main:event_stream:110 - Agent Activity — system: token — 
2026-05-17 21:36:04.722 | INFO     | app.main:event_stream:110 - Agent Activity — system: token — 
2026-05-17 21:36:04.726 | INFO     | app.main:event_stream:110 - Agent Activity — system: token — 
2026-05-17 21:36:04.727 | INFO     | app.main:event_stream:110 - Agent Activity — system: token — 
2026-05-17 21:36:04.736 | INFO     | app.main:event_stream:110 - Agent Activity — system: token — 
2026-05-17 21:36:04.740 | INFO     | app.main:event_stream:110 - Agent Activity — system: final_result — Research complete! See the dashboard for details.
2026-05-17 21:36:04.742 | INFO     | app.main:event_stream:110 - Agent Activity — system: done — 
2026-05-17 21:37:55.076 | INFO     | app.main:lifespan:42 - 👋 VeriBuy Backend shutting down
2026-05-17 21:54:43.905 | INFO     | app.main:lifespan:32 - 🚀 VeriBuy Backend starting...
2026-05-17 21:54:43.906 | INFO     | app.main:lifespan:37 - ✅ Ollama connected — model: qwen3:0.6b
2026-05-17 21:54:46.918 | INFO     | app.main:chat:86 - User queried: Ergonomic chairs for long remote work
2026-05-17 21:54:46.968 | INFO     | app.main:event_stream:110 - Agent Activity — intent: agent_start — Understanding your requirements...
2026-05-17 21:54:51.903 | DEBUG    | app.agents.intent_agent:run_intent_agent:58 - Intent chain raw response: {
  "product_category": "chair",
  "product_name": null,
  "specifications": [],
  "budget_range": {"min_price": 0, "max_price": 999999, "currency": "INR"},
  "usage_context": "remote work",
  "brand_preferences": [],
  "urgency": "can_wait",
  "is_specific_product": false,
  "is_complete": false,
 
2026-05-17 21:54:51.904 | INFO     | app.agents.intent_agent:run_intent_agent:63 - Intent extracted: category=chair, specific=False, complete=False, confidence=0.8
2026-05-17 21:54:51.905 | INFO     | app.main:event_stream:110 - Agent Activity — intent: agent_complete — Identified: chair for remote work
2026-05-17 21:54:51.907 | INFO     | app.main:event_stream:110 - Agent Activity — intent: followup_needed — I need a bit more info: What is your budget for the ergonomic chairs?
2026-05-17 21:54:51.912 | INFO     | app.main:event_stream:110 - Agent Activity — system: token — 
2026-05-17 21:54:51.927 | INFO     | app.main:event_stream:110 - Agent Activity — system: token — 
2026-05-17 21:54:51.933 | INFO     | app.main:event_stream:110 - Agent Activity — system: token — 
2026-05-17 21:54:51.937 | INFO     | app.main:event_stream:110 - Agent Activity — system: token — 
2026-05-17 21:54:51.939 | INFO     | app.main:event_stream:110 - Agent Activity — system: token — 
2026-05-17 21:54:51.941 | INFO     | app.main:event_stream:110 - Agent Activity — system: token — 
2026-05-17 21:54:51.941 | INFO     | app.main:event_stream:110 - Agent Activity — system: token — 
2026-05-17 21:54:51.942 | INFO     | app.main:event_stream:110 - Agent Activity — system: token — 
2026-05-17 21:54:51.944 | INFO     | app.main:event_stream:110 - Agent Activity — system: token — 
2026-05-17 21:54:51.947 | INFO     | app.main:event_stream:110 - Agent Activity — system: token — 
2026-05-17 21:54:51.949 | INFO     | app.main:event_stream:110 - Agent Activity — system: token — 
2026-05-17 21:54:51.951 | INFO     | app.main:event_stream:110 - Agent Activity — system: token — 
2026-05-17 21:54:51.953 | INFO     | app.main:event_stream:110 - Agent Activity — system: token — 
2026-05-17 21:54:51.956 | INFO     | app.main:event_stream:110 - Agent Activity — system: token — 
2026-05-17 21:54:51.958 | INFO     | app.main:event_stream:110 - Agent Activity — system: token — 
2026-05-17 21:54:51.959 | INFO     | app.main:event_stream:110 - Agent Activity — system: done — 
2026-05-17 22:00:41.129 | INFO     | app.main:chat:86 - User queried: 4000 INR
2026-05-17 22:00:41.139 | INFO     | app.main:event_stream:110 - Agent Activity — intent: agent_start — Understanding your requirements...
2026-05-17 22:00:44.657 | DEBUG    | app.agents.intent_agent:run_intent_agent:58 - Intent chain raw response: {
  "product_category": "ergonomic chair",
  "product_name": null,
  "specifications": [],
  "budget_range": {"min_price": 4000, "max_price": 4000, "currency": "INR"},
  "usage_context": "long remote work",
  "brand_preferences": [],
  "urgency": "can_wait",
  "is_specific_product": false,
  "is_com
2026-05-17 22:00:44.657 | INFO     | app.agents.intent_agent:run_intent_agent:63 - Intent extracted: category=ergonomic chair, specific=False, complete=True, confidence=0.8
2026-05-17 22:00:44.659 | INFO     | app.main:event_stream:110 - Agent Activity — intent: agent_complete — Identified: ergonomic chair for long remote work
2026-05-17 22:00:44.661 | INFO     | app.main:event_stream:110 - Agent Activity — market: agent_start — Searching products across platforms...
2026-05-17 22:00:44.663 | INFO     | app.agents.market_agent:run_market_agent:69 - Market agent searching: 'ergonomic chair for long remote work under 4000 INR India buy'
2026-05-17 22:00:44.663 | INFO     | app.services.search_service:search_products:43 - Searching products via Serper API: ergonomic chair for long remote work under 4000 INR India buy
2026-05-17 22:00:47.517 | INFO     | app.services.search_service:search_products:90 - Serper API returned 10 results.
2026-05-17 22:01:00.420 | DEBUG    | app.agents.market_agent:run_market_agent:108 - Market chain raw response: ```json
{
  "products": [
    {
      "name": "CELLBELL Desire C104 Mesh Mid Back Chair | Ergonomic Office, Study, Revolving, Computer Chair for Work from Home Heavy Duty Metal Base, Seat Height Adjustable",
      "brand": "",
      "model": "",
      "price": 6690,
      "currency": "INR",
      "p
2026-05-17 22:01:01.764 | INFO     | app.main:event_stream:110 - Agent Activity — market: agent_complete — Found 2 products
2026-05-17 22:01:01.765 | INFO     | app.main:event_stream:110 - Agent Activity — system: token — 
2026-05-17 22:01:01.766 | INFO     | app.main:event_stream:110 - Agent Activity — system: token — 
2026-05-17 22:01:01.767 | INFO     | app.main:event_stream:110 - Agent Activity — system: token — 
2026-05-17 22:01:01.769 | INFO     | app.main:event_stream:110 - Agent Activity — system: token — 
2026-05-17 22:01:01.770 | INFO     | app.main:event_stream:110 - Agent Activity — system: token — 
2026-05-17 22:01:01.772 | INFO     | app.main:event_stream:110 - Agent Activity — system: token — 
2026-05-17 22:01:01.774 | INFO     | app.main:event_stream:110 - Agent Activity — system: token — 
2026-05-17 22:01:01.776 | INFO     | app.main:event_stream:110 - Agent Activity — system: token — 
2026-05-17 22:01:01.785 | INFO     | app.main:event_stream:110 - Agent Activity — system: token — 
2026-05-17 22:01:01.787 | INFO     | app.main:event_stream:110 - Agent Activity — system: token — 
2026-05-17 22:01:01.789 | INFO     | app.main:event_stream:110 - Agent Activity — system: token — 
2026-05-17 22:01:01.792 | INFO     | app.main:event_stream:110 - Agent Activity — system: token — 
2026-05-17 22:01:01.795 | INFO     | app.main:event_stream:110 - Agent Activity — system: token — 
2026-05-17 22:01:01.798 | INFO     | app.main:event_stream:110 - Agent Activity — system: token — 
2026-05-17 22:01:01.801 | INFO     | app.main:event_stream:110 - Agent Activity — system: token — 
2026-05-17 22:01:01.803 | INFO     | app.main:event_stream:110 - Agent Activity — system: token — 
2026-05-17 22:01:01.804 | INFO     | app.main:event_stream:110 - Agent Activity — system: token — 
2026-05-17 22:01:01.806 | INFO     | app.main:event_stream:110 - Agent Activity — system: token — 
2026-05-17 22:01:01.808 | INFO     | app.main:event_stream:110 - Agent Activity — system: token — 
2026-05-17 22:01:01.809 | INFO     | app.main:event_stream:110 - Agent Activity — system: token — 
2026-05-17 22:01:01.811 | INFO     | app.main:event_stream:110 - Agent Activity — system: token — 
2026-05-17 22:01:01.812 | INFO     | app.main:event_stream:110 - Agent Activity — system: token — 
2026-05-17 22:01:01.815 | INFO     | app.main:event_stream:110 - Agent Activity — system: token — 
2026-05-17 22:01:01.818 | INFO     | app.main:event_stream:110 - Agent Activity — system: token — 
2026-05-17 22:01:01.821 | INFO     | app.main:event_stream:110 - Agent Activity — system: token — 
2026-05-17 22:01:01.823 | INFO     | app.main:event_stream:110 - Agent Activity — system: token — 
2026-05-17 22:01:01.825 | INFO     | app.main:event_stream:110 - Agent Activity — system: token — 
2026-05-17 22:01:01.828 | INFO     | app.main:event_stream:110 - Agent Activity — system: token — 
2026-05-17 22:01:01.833 | INFO     | app.main:event_stream:110 - Agent Activity — system: token — 
2026-05-17 22:01:01.835 | INFO     | app.main:event_stream:110 - Agent Activity — system: token — 
2026-05-17 22:01:01.836 | INFO     | app.main:event_stream:110 - Agent Activity — system: token — 
2026-05-17 22:01:01.839 | INFO     | app.main:event_stream:110 - Agent Activity — system: token — 
2026-05-17 22:01:01.841 | INFO     | app.main:event_stream:110 - Agent Activity — system: token — 
2026-05-17 22:01:01.843 | INFO     | app.main:event_stream:110 - Agent Activity — system: token — 
2026-05-17 22:01:01.845 | INFO     | app.main:event_stream:110 - Agent Activity — system: token — 
2026-05-17 22:01:01.847 | INFO     | app.main:event_stream:110 - Agent Activity — system: token — 
2026-05-17 22:01:01.848 | INFO     | app.main:event_stream:110 - Agent Activity — system: token — 
2026-05-17 22:01:01.850 | INFO     | app.main:event_stream:110 - Agent Activity — system: token — 
2026-05-17 22:01:01.852 | INFO     | app.main:event_stream:110 - Agent Activity — system: token — 
2026-05-17 22:01:01.853 | INFO     | app.main:event_stream:110 - Agent Activity — system: token — 
2026-05-17 22:01:01.854 | INFO     | app.main:event_stream:110 - Agent Activity — system: token — 
2026-05-17 22:01:01.857 | INFO     | app.main:event_stream:110 - Agent Activity — system: token — 
2026-05-17 22:01:01.861 | INFO     | app.main:event_stream:110 - Agent Activity — system: token — 
2026-05-17 22:01:01.864 | INFO     | app.main:event_stream:110 - Agent Activity — system: token — 
2026-05-17 22:01:01.869 | INFO     | app.main:event_stream:110 - Agent Activity — system: token — 
2026-05-17 22:01:01.877 | INFO     | app.main:event_stream:110 - Agent Activity — system: token — 
2026-05-17 22:01:01.881 | INFO     | app.main:event_stream:110 - Agent Activity — system: token — 
2026-05-17 22:01:01.884 | INFO     | app.main:event_stream:110 - Agent Activity — system: token — 
2026-05-17 22:01:01.886 | INFO     | app.main:event_stream:110 - Agent Activity — system: token — 
2026-05-17 22:01:01.895 | INFO     | app.main:event_stream:110 - Agent Activity — system: token — 
2026-05-17 22:01:01.898 | INFO     | app.main:event_stream:110 - Agent Activity — system: token — 
2026-05-17 22:01:01.909 | INFO     | app.main:event_stream:110 - Agent Activity — system: token — 
2026-05-17 22:01:01.912 | INFO     | app.main:event_stream:110 - Agent Activity — system: token — 
2026-05-17 22:01:01.914 | INFO     | app.main:event_stream:110 - Agent Activity — system: token — 
2026-05-17 22:01:01.915 | INFO     | app.main:event_stream:110 - Agent Activity — system: token — 
2026-05-17 22:01:01.916 | INFO     | app.main:event_stream:110 - Agent Activity — system: token — 
2026-05-17 22:01:01.918 | INFO     | app.main:event_stream:110 - Agent Activity — system: token — 
2026-05-17 22:01:01.919 | INFO     | app.main:event_stream:110 - Agent Activity — system: token — 
2026-05-17 22:01:01.923 | INFO     | app.main:event_stream:110 - Agent Activity — system: token — 
2026-05-17 22:01:01.928 | INFO     | app.main:event_stream:110 - Agent Activity — system: token — 
2026-05-17 22:01:01.930 | INFO     | app.main:event_stream:110 - Agent Activity — system: token — 
2026-05-17 22:01:01.931 | INFO     | app.main:event_stream:110 - Agent Activity — system: token — 
2026-05-17 22:01:01.934 | INFO     | app.main:event_stream:110 - Agent Activity — system: token — 
2026-05-17 22:01:01.947 | INFO     | app.main:event_stream:110 - Agent Activity — system: token — 
2026-05-17 22:01:01.951 | INFO     | app.main:event_stream:110 - Agent Activity — system: token — 
2026-05-17 22:01:01.953 | INFO     | app.main:event_stream:110 - Agent Activity — system: token — 
2026-05-17 22:01:01.957 | INFO     | app.main:event_stream:110 - Agent Activity — system: token — 
2026-05-17 22:01:01.959 | INFO     | app.main:event_stream:110 - Agent Activity — system: token — 
2026-05-17 22:01:01.965 | INFO     | app.main:event_stream:110 - Agent Activity — system: token — 
2026-05-17 22:01:01.968 | INFO     | app.main:event_stream:110 - Agent Activity — system: token — 
2026-05-17 22:01:01.973 | INFO     | app.main:event_stream:110 - Agent Activity — system: token — 
2026-05-17 22:01:01.979 | INFO     | app.main:event_stream:110 - Agent Activity — system: token — 
2026-05-17 22:01:01.982 | INFO     | app.main:event_stream:110 - Agent Activity — system: token — 
2026-05-17 22:01:01.984 | INFO     | app.main:event_stream:110 - Agent Activity — system: token — 
2026-05-17 22:01:01.986 | INFO     | app.main:event_stream:110 - Agent Activity — system: token — 
2026-05-17 22:01:01.988 | INFO     | app.main:event_stream:110 - Agent Activity — system: token — 
2026-05-17 22:01:01.990 | INFO     | app.main:event_stream:110 - Agent Activity — system: token — 
2026-05-17 22:01:01.994 | INFO     | app.main:event_stream:110 - Agent Activity — system: token — 
2026-05-17 22:01:01.997 | INFO     | app.main:event_stream:110 - Agent Activity — system: token — 
2026-05-17 22:01:01.998 | INFO     | app.main:event_stream:110 - Agent Activity — system: token — 
2026-05-17 22:01:02.000 | INFO     | app.main:event_stream:110 - Agent Activity — system: token — 
2026-05-17 22:01:02.002 | INFO     | app.main:event_stream:110 - Agent Activity — system: token — 
2026-05-17 22:01:02.004 | INFO     | app.main:event_stream:110 - Agent Activity — system: token — 
2026-05-17 22:01:02.013 | INFO     | app.main:event_stream:110 - Agent Activity — system: token — 
2026-05-17 22:01:02.033 | INFO     | app.main:event_stream:110 - Agent Activity — system: token — 
2026-05-17 22:01:02.044 | INFO     | app.main:event_stream:110 - Agent Activity — system: token — 
2026-05-17 22:01:02.052 | INFO     | app.main:event_stream:110 - Agent Activity — system: token — 
2026-05-17 22:01:02.055 | INFO     | app.main:event_stream:110 - Agent Activity — system: token — 
2026-05-17 22:01:02.060 | INFO     | app.main:event_stream:110 - Agent Activity — system: token — 
2026-05-17 22:01:02.063 | INFO     | app.main:event_stream:110 - Agent Activity — system: token — 
2026-05-17 22:01:02.065 | INFO     | app.main:event_stream:110 - Agent Activity — system: token — 
2026-05-17 22:01:02.067 | INFO     | app.main:event_stream:110 - Agent Activity — system: token — 
2026-05-17 22:01:02.069 | INFO     | app.main:event_stream:110 - Agent Activity — system: token — 
2026-05-17 22:01:02.072 | INFO     | app.main:event_stream:110 - Agent Activity — system: token — 
2026-05-17 22:01:02.075 | INFO     | app.main:event_stream:110 - Agent Activity — system: token — 
2026-05-17 22:01:02.076 | INFO     | app.main:event_stream:110 - Agent Activity — system: token — 
2026-05-17 22:01:02.078 | INFO     | app.main:event_stream:110 - Agent Activity — system: token — 
2026-05-17 22:01:02.081 | INFO     | app.main:event_stream:110 - Agent Activity — system: token — 
2026-05-17 22:01:02.083 | INFO     | app.main:event_stream:110 - Agent Activity — system: token — 
2026-05-17 22:01:02.089 | INFO     | app.main:event_stream:110 - Agent Activity — system: token — 
2026-05-17 22:01:02.093 | INFO     | app.main:event_stream:110 - Agent Activity — system: token — 
2026-05-17 22:01:02.097 | INFO     | app.main:event_stream:110 - Agent Activity — system: token — 
2026-05-17 22:01:02.099 | INFO     | app.main:event_stream:110 - Agent Activity — system: token — 
2026-05-17 22:01:02.102 | INFO     | app.main:event_stream:110 - Agent Activity — system: token — 
2026-05-17 22:01:02.106 | INFO     | app.main:event_stream:110 - Agent Activity — system: token — 
2026-05-17 22:01:02.110 | INFO     | app.main:event_stream:110 - Agent Activity — system: token — 
2026-05-17 22:01:02.113 | INFO     | app.main:event_stream:110 - Agent Activity — system: token — 
2026-05-17 22:01:02.116 | INFO     | app.main:event_stream:110 - Agent Activity — system: token — 
2026-05-17 22:01:02.121 | INFO     | app.main:event_stream:110 - Agent Activity — system: token — 
2026-05-17 22:01:02.126 | INFO     | app.main:event_stream:110 - Agent Activity — system: token — 
2026-05-17 22:01:02.132 | INFO     | app.main:event_stream:110 - Agent Activity — system: token — 
2026-05-17 22:01:02.134 | INFO     | app.main:event_stream:110 - Agent Activity — system: token — 
2026-05-17 22:01:02.137 | INFO     | app.main:event_stream:110 - Agent Activity — system: token — 
2026-05-17 22:01:02.141 | INFO     | app.main:event_stream:110 - Agent Activity — system: token — 
2026-05-17 22:01:02.148 | INFO     | app.main:event_stream:110 - Agent Activity — system: token — 
2026-05-17 22:01:02.151 | INFO     | app.main:event_stream:110 - Agent Activity — system: token — 
2026-05-17 22:01:02.172 | INFO     | app.main:event_stream:110 - Agent Activity — system: token — 
2026-05-17 22:01:02.182 | INFO     | app.main:event_stream:110 - Agent Activity — system: token — 
2026-05-17 22:01:02.196 | INFO     | app.main:event_stream:110 - Agent Activity — system: token — 
2026-05-17 22:01:02.202 | INFO     | app.main:event_stream:110 - Agent Activity — system: token — 
2026-05-17 22:01:02.207 | INFO     | app.main:event_stream:110 - Agent Activity — system: token — 
2026-05-17 22:01:02.209 | INFO     | app.main:event_stream:110 - Agent Activity — system: token — 
2026-05-17 22:01:02.211 | INFO     | app.main:event_stream:110 - Agent Activity — system: token — 
2026-05-17 22:01:02.213 | INFO     | app.main:event_stream:110 - Agent Activity — system: token — 
2026-05-17 22:01:02.215 | INFO     | app.main:event_stream:110 - Agent Activity — system: token — 
2026-05-17 22:01:02.217 | INFO     | app.main:event_stream:110 - Agent Activity — system: token — 
2026-05-17 22:01:02.221 | INFO     | app.main:event_stream:110 - Agent Activity — system: token — 
2026-05-17 22:01:02.223 | INFO     | app.main:event_stream:110 - Agent Activity — system: token — 
2026-05-17 22:01:02.226 | INFO     | app.main:event_stream:110 - Agent Activity — system: token — 
2026-05-17 22:01:02.228 | INFO     | app.main:event_stream:110 - Agent Activity — system: token — 
2026-05-17 22:01:02.230 | INFO     | app.main:event_stream:110 - Agent Activity — system: token — 
2026-05-17 22:01:02.233 | INFO     | app.main:event_stream:110 - Agent Activity — system: token — 
2026-05-17 22:01:02.235 | INFO     | app.main:event_stream:110 - Agent Activity — system: token — 
2026-05-17 22:01:02.237 | INFO     | app.main:event_stream:110 - Agent Activity — system: token — 
2026-05-17 22:01:02.242 | INFO     | app.main:event_stream:110 - Agent Activity — system: token — 
2026-05-17 22:01:02.246 | INFO     | app.main:event_stream:110 - Agent Activity — system: token — 
2026-05-17 22:01:02.248 | INFO     | app.main:event_stream:110 - Agent Activity — system: token — 
2026-05-17 22:01:02.250 | INFO     | app.main:event_stream:110 - Agent Activity — system: token — 
2026-05-17 22:01:02.252 | INFO     | app.main:event_stream:110 - Agent Activity — system: token — 
2026-05-17 22:01:02.257 | INFO     | app.main:event_stream:110 - Agent Activity — system: token — 
2026-05-17 22:01:02.260 | INFO     | app.main:event_stream:110 - Agent Activity — system: token — 
2026-05-17 22:01:02.262 | INFO     | app.main:event_stream:110 - Agent Activity — system: token — 
2026-05-17 22:01:02.265 | INFO     | app.main:event_stream:110 - Agent Activity — system: token — 
2026-05-17 22:01:02.270 | INFO     | app.main:event_stream:110 - Agent Activity — system: token — 
2026-05-17 22:01:02.274 | INFO     | app.main:event_stream:110 - Agent Activity — system: token — 
2026-05-17 22:01:02.276 | INFO     | app.main:event_stream:110 - Agent Activity — system: token — 
2026-05-17 22:01:02.279 | INFO     | app.main:event_stream:110 - Agent Activity — system: token — 
2026-05-17 22:01:02.282 | INFO     | app.main:event_stream:110 - Agent Activity — system: token — 
2026-05-17 22:01:02.286 | INFO     | app.main:event_stream:110 - Agent Activity — system: token — 
2026-05-17 22:01:02.291 | INFO     | app.main:event_stream:110 - Agent Activity — system: token — 
2026-05-17 22:01:02.294 | INFO     | app.main:event_stream:110 - Agent Activity — system: token — 
2026-05-17 22:01:02.297 | INFO     | app.main:event_stream:110 - Agent Activity — system: token — 
2026-05-17 22:01:02.299 | INFO     | app.main:event_stream:110 - Agent Activity — system: token — 
2026-05-17 22:01:02.302 | INFO     | app.main:event_stream:110 - Agent Activity — system: token — 
2026-05-17 22:01:02.304 | INFO     | app.main:event_stream:110 - Agent Activity — system: token — 
2026-05-17 22:01:02.307 | INFO     | app.main:event_stream:110 - Agent Activity — system: token — 
2026-05-17 22:01:02.312 | INFO     | app.main:event_stream:110 - Agent Activity — system: token — 
2026-05-17 22:01:02.316 | INFO     | app.main:event_stream:110 - Agent Activity — system: token — 
2026-05-17 22:01:02.321 | INFO     | app.main:event_stream:110 - Agent Activity — system: token — 
2026-05-17 22:01:02.330 | INFO     | app.main:event_stream:110 - Agent Activity — system: final_result — Research complete! See the dashboard for details.
2026-05-17 22:01:02.335 | INFO     | app.main:event_stream:110 - Agent Activity — system: done — 
2026-05-17 22:17:18.009 | INFO     | app.main:lifespan:42 - 👋 VeriBuy Backend shutting down
2026-05-17 22:45:38.167 | INFO     | app.main:lifespan:32 - 🚀 VeriBuy Backend starting...
2026-05-17 22:45:38.169 | INFO     | app.main:lifespan:37 - ✅ Ollama connected — model: qwen3:0.6b
2026-05-17 22:45:44.602 | INFO     | app.main:chat:86 - User queried: Best coding laptops with 32GB RAM
2026-05-17 22:45:44.634 | INFO     | app.main:event_stream:110 - Agent Activity — intent: agent_start — Understanding your requirements...
2026-05-17 22:45:44.658 | INFO     | app.agents.graph:intent_node:28 - Graph: Running intent node
2026-05-17 22:45:49.513 | DEBUG    | app.agents.intent_agent:run_intent_agent:58 - Intent chain raw response: {
  "product_category": "laptop",
  "product_name": null,
  "specifications": ["32GB RAM"],
  "budget_range": {"min_price": 0, "max_price": 999999, "currency": "INR"},
  "usage_context": "coding",
  "brand_preferences": [],
  "urgency": "can_wait",
  "is_specific_product": false,
  "is_complete": fa
2026-05-17 22:45:49.515 | INFO     | app.agents.intent_agent:run_intent_agent:63 - Intent extracted: category=laptop, specific=False, complete=False, confidence=0.8
2026-05-17 22:45:49.530 | INFO     | app.main:event_stream:110 - Agent Activity — intent: agent_complete — Identified: laptop
2026-05-17 22:45:49.534 | INFO     | app.main:event_stream:110 - Agent Activity — intent: followup_needed — I need a bit more info: What is your budget for the laptop?
2026-05-17 22:45:49.539 | INFO     | app.main:event_stream:110 - Agent Activity — system: token — 
2026-05-17 22:45:49.542 | INFO     | app.main:event_stream:110 - Agent Activity — system: token — 
2026-05-17 22:45:49.544 | INFO     | app.main:event_stream:110 - Agent Activity — system: token — 
2026-05-17 22:45:49.546 | INFO     | app.main:event_stream:110 - Agent Activity — system: token — 
2026-05-17 22:45:49.548 | INFO     | app.main:event_stream:110 - Agent Activity — system: token — 
2026-05-17 22:45:49.550 | INFO     | app.main:event_stream:110 - Agent Activity — system: token — 
2026-05-17 22:45:49.551 | INFO     | app.main:event_stream:110 - Agent Activity — system: token — 
2026-05-17 22:45:49.554 | INFO     | app.main:event_stream:110 - Agent Activity — system: token — 
2026-05-17 22:45:49.557 | INFO     | app.main:event_stream:110 - Agent Activity — system: token — 
2026-05-17 22:45:49.558 | INFO     | app.main:event_stream:110 - Agent Activity — system: token — 
2026-05-17 22:45:49.559 | INFO     | app.main:event_stream:110 - Agent Activity — system: token — 
2026-05-17 22:45:49.561 | INFO     | app.main:event_stream:110 - Agent Activity — system: token — 
2026-05-17 22:45:49.562 | INFO     | app.main:event_stream:110 - Agent Activity — system: done — 
2026-05-17 22:46:04.473 | INFO     | app.main:chat:86 - User queried: 170000 INR is my budget
2026-05-17 22:46:04.477 | INFO     | app.main:event_stream:110 - Agent Activity — intent: agent_start — Understanding your requirements...
2026-05-17 22:46:04.484 | INFO     | app.agents.graph:intent_node:28 - Graph: Running intent node
2026-05-17 22:46:07.212 | DEBUG    | app.agents.intent_agent:run_intent_agent:58 - Intent chain raw response: {
    "product_category": "laptop",
    "product_name": null,
    "specifications": ["32GB RAM"],
    "budget_range": {"min_price": 170000, "max_price": 170000, "currency": "INR"},
    "usage_context": "general",
    "brand_preferences": [],
    "urgency": "can_wait",
    "is_specific_product": fals
2026-05-17 22:46:07.213 | INFO     | app.agents.intent_agent:run_intent_agent:63 - Intent extracted: category=laptop, specific=False, complete=True, confidence=0.8
2026-05-17 22:46:07.224 | INFO     | app.main:event_stream:110 - Agent Activity — intent: agent_complete — Identified: laptop
2026-05-17 22:46:07.227 | INFO     | app.main:event_stream:110 - Agent Activity — market: agent_start — Searching across platforms...
2026-05-17 22:46:07.229 | INFO     | app.main:event_stream:110 - Agent Activity — reddit: agent_start — Scanning Reddit threads...
2026-05-17 22:46:07.231 | INFO     | app.main:event_stream:110 - Agent Activity — youtube: agent_start — Analyzing YouTube reviews...
2026-05-17 22:46:07.236 | INFO     | app.agents.graph:market_node:43 - Graph: Running market node
2026-05-17 22:46:07.237 | ERROR    | app.agents.graph:market_node:53 - Market node failed: cannot import name 'IntentData' from 'app.models.schemas' (C:\Users\Relanto\Desktop\VeriBuy\VeriBuy\backend\app\models\schemas.py)
2026-05-17 22:46:07.239 | INFO     | app.agents.graph:reddit_node:57 - Graph: Running reddit node
2026-05-17 22:46:07.240 | INFO     | app.agents.reddit_agent.reddit_agent:run_reddit_agent:48 - Reddit Agent: Searching ['GadgetsIndia', 'IndianGaming', 'LaptopDealsIndia'] for ''
2026-05-17 22:46:07.241 | INFO     | app.agents.graph:youtube_node:68 - Graph: Running youtube node
2026-05-17 22:46:07.243 | INFO     | app.agents.youtube_agent.youtube_agent:run_youtube_agent:10 - YouTube Agent: Searching for '' from trusted channels
2026-05-17 22:46:07.260 | INFO     | app.main:event_stream:110 - Agent Activity — market: agent_complete — Found 0 products
2026-05-17 22:46:10.217 | INFO     | app.agents.youtube_agent.youtube_agent:run_youtube_agent:21 - Fetching transcript for video: Samsung Galaxy Note 5 Long Term Usage Review - YouTube
2026-05-17 22:46:10.221 | WARNING  | app.agents.youtube_agent.transcript_extractor:extract_and_clean_transcript:44 - Transcript extraction failed for video ayd8LaA55Rk: type object 'YouTubeTranscriptApi' has no attribute 'list_transcripts'
2026-05-17 22:46:10.225 | INFO     | app.agents.youtube_agent.youtube_agent:run_youtube_agent:21 - Fetching transcript for video: Google Pixel 9 Review & FAQ | Can I recommend it - YouTube
2026-05-17 22:46:10.226 | WARNING  | app.agents.youtube_agent.transcript_extractor:extract_and_clean_transcript:44 - Transcript extraction failed for video NT3VUpsCtSo: type object 'YouTubeTranscriptApi' has no attribute 'list_transcripts'
2026-05-17 22:46:10.228 | INFO     | app.agents.reddit_agent.reddit_agent:run_reddit_agent:56 - Fetching thread: GEForce Now Megathread : r/IndianGaming - Reddit
2026-05-17 22:46:12.236 | INFO     | app.agents.reddit_agent.reddit_agent:run_reddit_agent:56 - Fetching thread: List of Budget Friendly Wireless PlayStation Controllers in India
2026-05-17 22:46:13.713 | INFO     | app.agents.reddit_agent.reddit_agent:run_reddit_agent:56 - Fetching thread: My POCO F6 scored 1.72 mil on antutu benchmark , on v11.0.7 that I ...
2026-05-17 22:46:15.431 | INFO     | app.main:event_stream:110 - Agent Activity — youtube: agent_complete — Analyzed 0 YouTube videos
2026-05-17 22:46:15.434 | INFO     | app.main:event_stream:110 - Agent Activity — reddit: agent_complete — Analyzed 3 Reddit threads
2026-05-17 22:46:15.439 | INFO     | app.agents.graph:intent_node:28 - Graph: Running intent node
2026-05-17 22:46:18.379 | DEBUG    | app.agents.intent_agent:run_intent_agent:58 - Intent chain raw response: {
  "product_category": "laptop",
  "product_name": null,
  "specifications": ["32GB RAM"],
  "budget_range": {"min_price": 170000, "max_price": 170000, "currency": "INR"},
  "usage_context": "general",
  "brand_preferences": [],
  "urgency": "can_wait",
  "is_specific_product": false,
  "is_complet
2026-05-17 22:46:18.379 | INFO     | app.agents.intent_agent:run_intent_agent:63 - Intent extracted: category=laptop, specific=False, complete=True, confidence=0.8
2026-05-17 22:46:18.386 | INFO     | app.agents.graph:market_node:43 - Graph: Running market node
2026-05-17 22:46:18.387 | ERROR    | app.agents.graph:market_node:53 - Market node failed: cannot import name 'IntentData' from 'app.models.schemas' (C:\Users\Relanto\Desktop\VeriBuy\VeriBuy\backend\app\models\schemas.py)
2026-05-17 22:46:18.388 | INFO     | app.agents.graph:reddit_node:57 - Graph: Running reddit node
2026-05-17 22:46:18.390 | INFO     | app.agents.reddit_agent.reddit_agent:run_reddit_agent:48 - Reddit Agent: Searching ['GadgetsIndia', 'IndianGaming', 'LaptopDealsIndia'] for ''
2026-05-17 22:46:18.392 | INFO     | app.agents.graph:youtube_node:68 - Graph: Running youtube node
2026-05-17 22:46:18.394 | INFO     | app.agents.youtube_agent.youtube_agent:run_youtube_agent:10 - YouTube Agent: Searching for '' from trusted channels
2026-05-17 22:46:21.156 | INFO     | app.agents.reddit_agent.reddit_agent:run_reddit_agent:56 - Fetching thread: GEForce Now Megathread : r/IndianGaming - Reddit
2026-05-17 22:46:22.989 | INFO     | app.agents.reddit_agent.reddit_agent:run_reddit_agent:56 - Fetching thread: List of Budget Friendly Wireless PlayStation Controllers in India
2026-05-17 22:46:24.690 | INFO     | app.agents.reddit_agent.reddit_agent:run_reddit_agent:56 - Fetching thread: My POCO F6 scored 1.72 mil on antutu benchmark , on v11.0.7 that I ...
2026-05-17 22:46:26.335 | INFO     | app.agents.youtube_agent.youtube_agent:run_youtube_agent:21 - Fetching transcript for video: Samsung Galaxy Note 5 Long Term Usage Review - YouTube
2026-05-17 22:46:26.339 | WARNING  | app.agents.youtube_agent.transcript_extractor:extract_and_clean_transcript:44 - Transcript extraction failed for video ayd8LaA55Rk: type object 'YouTubeTranscriptApi' has no attribute 'list_transcripts'
2026-05-17 22:46:26.342 | INFO     | app.agents.youtube_agent.youtube_agent:run_youtube_agent:21 - Fetching transcript for video: Google Pixel 9 Review & FAQ | Can I recommend it - YouTube
2026-05-17 22:46:26.344 | WARNING  | app.agents.youtube_agent.transcript_extractor:extract_and_clean_transcript:44 - Transcript extraction failed for video NT3VUpsCtSo: type object 'YouTubeTranscriptApi' has no attribute 'list_transcripts'
2026-05-17 22:46:26.362 | INFO     | app.main:event_stream:110 - Agent Activity — system: token — 
2026-05-17 22:46:26.363 | INFO     | app.main:event_stream:110 - Agent Activity — system: token — 
2026-05-17 22:46:26.366 | INFO     | app.main:event_stream:110 - Agent Activity — system: token — 
2026-05-17 22:46:26.368 | INFO     | app.main:event_stream:110 - Agent Activity — system: token — 
2026-05-17 22:46:26.370 | INFO     | app.main:event_stream:110 - Agent Activity — system: token — 
2026-05-17 22:46:26.371 | INFO     | app.main:event_stream:110 - Agent Activity — system: token — 
2026-05-17 22:46:26.372 | INFO     | app.main:event_stream:110 - Agent Activity — system: token — 
2026-05-17 22:46:26.373 | INFO     | app.main:event_stream:110 - Agent Activity — system: token — 
2026-05-17 22:46:26.375 | INFO     | app.main:event_stream:110 - Agent Activity — system: token — 
2026-05-17 22:46:26.376 | INFO     | app.main:event_stream:110 - Agent Activity — system: token — 
2026-05-17 22:46:26.377 | INFO     | app.main:event_stream:110 - Agent Activity — system: token — 
2026-05-17 22:46:26.378 | INFO     | app.main:event_stream:110 - Agent Activity — system: token — 
2026-05-17 22:46:26.380 | INFO     | app.main:event_stream:110 - Agent Activity — system: token — 
2026-05-17 22:46:26.381 | INFO     | app.main:event_stream:110 - Agent Activity — system: token — 
2026-05-17 22:46:26.383 | INFO     | app.main:event_stream:110 - Agent Activity — system: token — 
2026-05-17 22:46:26.389 | INFO     | app.main:event_stream:110 - Agent Activity — system: token — 
2026-05-17 22:46:26.390 | INFO     | app.main:event_stream:110 - Agent Activity — system: token — 
2026-05-17 22:46:26.391 | INFO     | app.main:event_stream:110 - Agent Activity — system: token — 
2026-05-17 22:46:26.392 | INFO     | app.main:event_stream:110 - Agent Activity — system: token — 
2026-05-17 22:46:26.393 | INFO     | app.main:event_stream:110 - Agent Activity — system: token — 
2026-05-17 22:46:26.394 | INFO     | app.main:event_stream:110 - Agent Activity — system: token — 
2026-05-17 22:46:26.395 | INFO     | app.main:event_stream:110 - Agent Activity — system: token — 
2026-05-17 22:46:26.398 | INFO     | app.main:event_stream:110 - Agent Activity — system: token — 
2026-05-17 22:46:26.399 | INFO     | app.main:event_stream:110 - Agent Activity — system: token — 
2026-05-17 22:46:26.401 | INFO     | app.main:event_stream:110 - Agent Activity — system: token — 
2026-05-17 22:46:26.404 | INFO     | app.main:event_stream:110 - Agent Activity — system: token — 
2026-05-17 22:46:26.405 | INFO     | app.main:event_stream:110 - Agent Activity — system: token — 
2026-05-17 22:46:26.407 | INFO     | app.main:event_stream:110 - Agent Activity — system: token — 
2026-05-17 22:46:26.408 | INFO     | app.main:event_stream:110 - Agent Activity — system: token — 
2026-05-17 22:46:26.410 | INFO     | app.main:event_stream:110 - Agent Activity — system: token — 
2026-05-17 22:46:26.412 | INFO     | app.main:event_stream:110 - Agent Activity — system: token — 
2026-05-17 22:46:26.413 | INFO     | app.main:event_stream:110 - Agent Activity — system: token — 
2026-05-17 22:46:26.414 | INFO     | app.main:event_stream:110 - Agent Activity — system: token — 
2026-05-17 22:46:26.416 | INFO     | app.main:event_stream:110 - Agent Activity — system: token — 
2026-05-17 22:46:26.418 | INFO     | app.main:event_stream:110 - Agent Activity — system: token — 
2026-05-17 22:46:26.419 | INFO     | app.main:event_stream:110 - Agent Activity — system: token — 
2026-05-17 22:46:26.420 | INFO     | app.main:event_stream:110 - Agent Activity — system: token — 
2026-05-17 22:46:26.421 | INFO     | app.main:event_stream:110 - Agent Activity — system: token — 
2026-05-17 22:46:26.423 | INFO     | app.main:event_stream:110 - Agent Activity — system: token — 
2026-05-17 22:46:26.424 | INFO     | app.main:event_stream:110 - Agent Activity — system: token — 
2026-05-17 22:46:26.425 | INFO     | app.main:event_stream:110 - Agent Activity — system: token — 
2026-05-17 22:46:26.426 | INFO     | app.main:event_stream:110 - Agent Activity — system: token — 
2026-05-17 22:46:26.427 | INFO     | app.main:event_stream:110 - Agent Activity — system: token — 
2026-05-17 22:46:26.430 | INFO     | app.main:event_stream:110 - Agent Activity — system: token — 
2026-05-17 22:46:26.432 | INFO     | app.main:event_stream:110 - Agent Activity — system: token — 
2026-05-17 22:46:26.436 | INFO     | app.main:event_stream:110 - Agent Activity — system: token — 
2026-05-17 22:46:26.438 | INFO     | app.main:event_stream:110 - Agent Activity — system: token — 
2026-05-17 22:46:26.440 | INFO     | app.main:event_stream:110 - Agent Activity — system: token — 
2026-05-17 22:46:26.442 | INFO     | app.main:event_stream:110 - Agent Activity — system: token — 
2026-05-17 22:46:26.444 | INFO     | app.main:event_stream:110 - Agent Activity — system: token — 
2026-05-17 22:46:26.451 | INFO     | app.main:event_stream:110 - Agent Activity — system: token — 
2026-05-17 22:46:26.453 | INFO     | app.main:event_stream:110 - Agent Activity — system: token — 
2026-05-17 22:46:26.455 | INFO     | app.main:event_stream:110 - Agent Activity — system: token — 
2026-05-17 22:46:26.458 | INFO     | app.main:event_stream:110 - Agent Activity — system: token — 
2026-05-17 22:46:26.460 | INFO     | app.main:event_stream:110 - Agent Activity — system: token — 
2026-05-17 22:46:26.462 | INFO     | app.main:event_stream:110 - Agent Activity — system: token — 
2026-05-17 22:46:26.463 | INFO     | app.main:event_stream:110 - Agent Activity — system: token — 
2026-05-17 22:46:26.464 | INFO     | app.main:event_stream:110 - Agent Activity — system: token — 
2026-05-17 22:46:26.465 | INFO     | app.main:event_stream:110 - Agent Activity — system: token — 
2026-05-17 22:46:26.466 | INFO     | app.main:event_stream:110 - Agent Activity — system: token — 
2026-05-17 22:46:26.469 | INFO     | app.main:event_stream:110 - Agent Activity — system: token — 
2026-05-17 22:46:26.471 | INFO     | app.main:event_stream:110 - Agent Activity — system: token — 
2026-05-17 22:46:26.472 | INFO     | app.main:event_stream:110 - Agent Activity — system: token — 
2026-05-17 22:46:26.473 | INFO     | app.main:event_stream:110 - Agent Activity — system: token — 
2026-05-17 22:46:26.474 | INFO     | app.main:event_stream:110 - Agent Activity — system: token — 
2026-05-17 22:46:26.475 | INFO     | app.main:event_stream:110 - Agent Activity — system: token — 
2026-05-17 22:46:26.477 | INFO     | app.main:event_stream:110 - Agent Activity — system: token — 
2026-05-17 22:46:26.478 | INFO     | app.main:event_stream:110 - Agent Activity — system: token — 
2026-05-17 22:46:26.479 | INFO     | app.main:event_stream:110 - Agent Activity — system: token — 
2026-05-17 22:46:26.481 | INFO     | app.main:event_stream:110 - Agent Activity — system: token — 
2026-05-17 22:46:26.484 | INFO     | app.main:event_stream:110 - Agent Activity — system: token — 
2026-05-17 22:46:26.488 | INFO     | app.main:event_stream:110 - Agent Activity — system: token — 
2026-05-17 22:46:26.494 | INFO     | app.main:event_stream:110 - Agent Activity — system: token — 
2026-05-17 22:46:26.499 | INFO     | app.main:event_stream:110 - Agent Activity — system: token — 
2026-05-17 22:46:26.500 | INFO     | app.main:event_stream:110 - Agent Activity — system: token — 
2026-05-17 22:46:26.501 | INFO     | app.main:event_stream:110 - Agent Activity — system: token — 
2026-05-17 22:46:26.502 | INFO     | app.main:event_stream:110 - Agent Activity — system: token — 
2026-05-17 22:46:26.503 | INFO     | app.main:event_stream:110 - Agent Activity — system: token — 
2026-05-17 22:46:26.505 | INFO     | app.main:event_stream:110 - Agent Activity — system: token — 
2026-05-17 22:46:26.506 | INFO     | app.main:event_stream:110 - Agent Activity — system: token — 
2026-05-17 22:46:26.509 | INFO     | app.main:event_stream:110 - Agent Activity — system: token — 
2026-05-17 22:46:26.510 | INFO     | app.main:event_stream:110 - Agent Activity — system: token — 
2026-05-17 22:46:26.511 | INFO     | app.main:event_stream:110 - Agent Activity — system: token — 
2026-05-17 22:46:26.514 | INFO     | app.main:event_stream:110 - Agent Activity — system: token — 
2026-05-17 22:46:26.516 | INFO     | app.main:event_stream:110 - Agent Activity — system: token — 
2026-05-17 22:46:26.518 | INFO     | app.main:event_stream:110 - Agent Activity — system: token — 
2026-05-17 22:46:26.520 | INFO     | app.main:event_stream:110 - Agent Activity — system: token — 
2026-05-17 22:46:26.522 | INFO     | app.main:event_stream:110 - Agent Activity — system: token — 
2026-05-17 22:46:26.523 | INFO     | app.main:event_stream:110 - Agent Activity — system: token — 
2026-05-17 22:46:26.524 | INFO     | app.main:event_stream:110 - Agent Activity — system: token — 
2026-05-17 22:46:26.525 | INFO     | app.main:event_stream:110 - Agent Activity — system: token — 
2026-05-17 22:46:26.526 | INFO     | app.main:event_stream:110 - Agent Activity — system: token — 
2026-05-17 22:46:26.526 | INFO     | app.main:event_stream:110 - Agent Activity — system: token — 
2026-05-17 22:46:26.527 | INFO     | app.main:event_stream:110 - Agent Activity — system: token — 
2026-05-17 22:46:26.528 | INFO     | app.main:event_stream:110 - Agent Activity — system: token — 
2026-05-17 22:46:26.529 | INFO     | app.main:event_stream:110 - Agent Activity — system: token — 
2026-05-17 22:46:26.530 | INFO     | app.main:event_stream:110 - Agent Activity — system: token — 
2026-05-17 22:46:26.531 | INFO     | app.main:event_stream:110 - Agent Activity — system: token — 
2026-05-17 22:46:26.533 | INFO     | app.main:event_stream:110 - Agent Activity — system: token — 
2026-05-17 22:46:26.536 | INFO     | app.main:event_stream:110 - Agent Activity — system: token — 
2026-05-17 22:46:26.539 | INFO     | app.main:event_stream:110 - Agent Activity — system: token — 
2026-05-17 22:46:26.544 | INFO     | app.main:event_stream:110 - Agent Activity — system: token — 
2026-05-17 22:46:26.546 | INFO     | app.main:event_stream:110 - Agent Activity — system: token — 
2026-05-17 22:46:26.552 | INFO     | app.main:event_stream:110 - Agent Activity — system: token — 
2026-05-17 22:46:26.555 | INFO     | app.main:event_stream:110 - Agent Activity — system: token — 
2026-05-17 22:46:26.557 | INFO     | app.main:event_stream:110 - Agent Activity — system: token — 
2026-05-17 22:46:26.558 | INFO     | app.main:event_stream:110 - Agent Activity — system: token — 
2026-05-17 22:46:26.559 | INFO     | app.main:event_stream:110 - Agent Activity — system: token — 
2026-05-17 22:46:26.560 | INFO     | app.main:event_stream:110 - Agent Activity — system: token — 
2026-05-17 22:46:26.562 | INFO     | app.main:event_stream:110 - Agent Activity — system: token — 
2026-05-17 22:46:26.564 | INFO     | app.main:event_stream:110 - Agent Activity — system: token — 
2026-05-17 22:46:26.565 | INFO     | app.main:event_stream:110 - Agent Activity — system: token — 
2026-05-17 22:46:26.567 | INFO     | app.main:event_stream:110 - Agent Activity — system: token — 
2026-05-17 22:46:26.570 | INFO     | app.main:event_stream:110 - Agent Activity — system: token — 
2026-05-17 22:46:26.572 | INFO     | app.main:event_stream:110 - Agent Activity — system: token — 
2026-05-17 22:46:26.574 | INFO     | app.main:event_stream:110 - Agent Activity — system: token — 
2026-05-17 22:46:26.575 | INFO     | app.main:event_stream:110 - Agent Activity — system: token — 
2026-05-17 22:46:26.575 | INFO     | app.main:event_stream:110 - Agent Activity — system: token — 
2026-05-17 22:46:26.576 | INFO     | app.main:event_stream:110 - Agent Activity — system: token — 
2026-05-17 22:46:26.577 | INFO     | app.main:event_stream:110 - Agent Activity — system: token — 
2026-05-17 22:46:26.578 | INFO     | app.main:event_stream:110 - Agent Activity — system: token — 
2026-05-17 22:46:26.579 | INFO     | app.main:event_stream:110 - Agent Activity — system: token — 
2026-05-17 22:46:26.581 | INFO     | app.main:event_stream:110 - Agent Activity — system: token — 
2026-05-17 22:46:26.582 | INFO     | app.main:event_stream:110 - Agent Activity — system: token — 
2026-05-17 22:46:26.584 | INFO     | app.main:event_stream:110 - Agent Activity — system: token — 
2026-05-17 22:46:26.585 | INFO     | app.main:event_stream:110 - Agent Activity — system: token — 
2026-05-17 22:46:26.587 | INFO     | app.main:event_stream:110 - Agent Activity — system: token — 
2026-05-17 22:46:26.588 | INFO     | app.main:event_stream:110 - Agent Activity — system: token — 
2026-05-17 22:46:26.588 | INFO     | app.main:event_stream:110 - Agent Activity — system: token — 
2026-05-17 22:46:26.589 | INFO     | app.main:event_stream:110 - Agent Activity — system: token — 
2026-05-17 22:46:26.590 | INFO     | app.main:event_stream:110 - Agent Activity — system: token — 
2026-05-17 22:46:26.591 | INFO     | app.main:event_stream:110 - Agent Activity — system: final_result — Research complete! See the dashboard for details.
2026-05-17 22:46:26.592 | INFO     | app.main:event_stream:110 - Agent Activity — system: done — 
2026-05-17 22:50:36.889 | INFO     | app.main:lifespan:42 - 👋 VeriBuy Backend shutting down
2026-05-17 22:50:40.085 | INFO     | app.main:lifespan:32 - 🚀 VeriBuy Backend starting...
2026-05-17 22:50:40.086 | INFO     | app.main:lifespan:37 - ✅ Ollama connected — model: qwen3:0.6b
2026-05-17 22:53:18.880 | INFO     | app.main:lifespan:42 - 👋 VeriBuy Backend shutting down
2026-05-17 22:53:21.849 | INFO     | app.main:lifespan:32 - 🚀 VeriBuy Backend starting...
2026-05-17 22:53:21.849 | INFO     | app.main:lifespan:37 - ✅ Ollama connected — model: qwen3:0.6b
2026-05-17 22:54:47.520 | INFO     | app.main:chat:86 - User queried: Espresso machines for beginners
2026-05-17 22:54:47.546 | INFO     | app.main:event_stream:110 - Agent Activity — intent: agent_start — Understanding your requirements...
2026-05-17 22:54:47.563 | INFO     | app.agents.graph:intent_node:28 - Graph: Running intent node
2026-05-17 22:54:52.302 | DEBUG    | app.agents.intent_agent:run_intent_agent:58 - Intent chain raw response: {
  "product_category": "espresso machine",
  "product_name": null,
  "specifications": [],
  "budget_range": {"min_price": 0, "max_price": 999999, "currency": "INR"},
  "usage_context": "beginners",
  "brand_preferences": [],
  "urgency": "can_wait",
  "is_specific_product": false,
  "is_complete":
2026-05-17 22:54:52.303 | INFO     | app.agents.intent_agent:run_intent_agent:63 - Intent extracted: category=espresso machine, specific=False, complete=False, confidence=0.8
2026-05-17 22:54:52.313 | INFO     | app.main:event_stream:110 - Agent Activity — intent: agent_complete — Identified: espresso machine
2026-05-17 22:54:52.323 | INFO     | app.main:event_stream:110 - Agent Activity — intent: followup_needed — I need a bit more info: What is your budget for the espresso machine?
2026-05-17 22:54:52.327 | INFO     | app.main:event_stream:110 - Agent Activity — system: token — 
2026-05-17 22:54:52.329 | INFO     | app.main:event_stream:110 - Agent Activity — system: token — 
2026-05-17 22:54:52.333 | INFO     | app.main:event_stream:110 - Agent Activity — system: token — 
2026-05-17 22:54:52.342 | INFO     | app.main:event_stream:110 - Agent Activity — system: token — 
2026-05-17 22:54:52.349 | INFO     | app.main:event_stream:110 - Agent Activity — system: token — 
2026-05-17 22:54:52.350 | INFO     | app.main:event_stream:110 - Agent Activity — system: token — 
2026-05-17 22:54:52.354 | INFO     | app.main:event_stream:110 - Agent Activity — system: token — 
2026-05-17 22:54:52.359 | INFO     | app.main:event_stream:110 - Agent Activity — system: token — 
2026-05-17 22:54:52.365 | INFO     | app.main:event_stream:110 - Agent Activity — system: token — 
2026-05-17 22:54:52.367 | INFO     | app.main:event_stream:110 - Agent Activity — system: token — 
2026-05-17 22:54:52.368 | INFO     | app.main:event_stream:110 - Agent Activity — system: token — 
2026-05-17 22:54:52.379 | INFO     | app.main:event_stream:110 - Agent Activity — system: token — 
2026-05-17 22:54:52.383 | INFO     | app.main:event_stream:110 - Agent Activity — system: token — 
2026-05-17 22:54:52.397 | INFO     | app.main:event_stream:110 - Agent Activity — system: token — 
2026-05-17 22:54:52.400 | INFO     | app.main:event_stream:110 - Agent Activity — system: token — 
2026-05-17 22:54:52.404 | INFO     | app.main:event_stream:110 - Agent Activity — system: done — 
2026-05-17 22:55:15.099 | INFO     | app.main:chat:86 - User queried: my budget is 1000000
2026-05-17 22:55:15.103 | INFO     | app.main:event_stream:110 - Agent Activity — intent: agent_start — Understanding your requirements...
2026-05-17 22:55:15.106 | INFO     | app.agents.graph:intent_node:28 - Graph: Running intent node
2026-05-17 22:55:17.855 | DEBUG    | app.agents.intent_agent:run_intent_agent:58 - Intent chain raw response: {
    "product_category": "espresso machine",
    "product_name": null,
    "specifications": [],
    "budget_range": {"min_price": 0, "max_price": 1000000, "currency": "INR"},
    "usage_context": "beginners",
    "brand_preferences": [],
    "urgency": "can_wait",
    "is_specific_product": false,
2026-05-17 22:55:17.855 | INFO     | app.agents.intent_agent:run_intent_agent:63 - Intent extracted: category=espresso machine, specific=False, complete=True, confidence=1.0
2026-05-17 22:55:17.860 | INFO     | app.main:event_stream:110 - Agent Activity — intent: agent_complete — Identified: espresso machine
2026-05-17 22:55:17.863 | INFO     | app.main:event_stream:110 - Agent Activity — market: agent_start — Searching across platforms...
2026-05-17 22:55:17.874 | INFO     | app.main:event_stream:110 - Agent Activity — reddit: agent_start — Scanning Reddit threads...
2026-05-17 22:55:17.885 | INFO     | app.main:event_stream:110 - Agent Activity — youtube: agent_start — Analyzing YouTube reviews...
2026-05-17 22:55:17.896 | INFO     | app.agents.graph:market_node:43 - Graph: Running market node
2026-05-17 22:55:17.898 | INFO     | app.agents.market_agent:run_market_agent:69 - Market agent searching: 'espresso machine for beginners India buy'
2026-05-17 22:55:17.901 | INFO     | app.services.search_service:search_products:43 - Searching products via Serper API: espresso machine for beginners India buy
2026-05-17 22:55:17.907 | INFO     | app.agents.graph:reddit_node:57 - Graph: Running reddit node
2026-05-17 22:55:17.909 | INFO     | app.agents.reddit_agent.reddit_agent:run_reddit_agent:48 - Reddit Agent: Searching ['GadgetsIndia', 'IndiaTech'] for ''
2026-05-17 22:55:17.912 | INFO     | app.agents.graph:youtube_node:68 - Graph: Running youtube node
2026-05-17 22:55:17.914 | INFO     | app.agents.youtube_agent.youtube_agent:run_youtube_agent:10 - YouTube Agent: Searching for '' from trusted channels
2026-05-17 22:55:20.596 | INFO     | app.agents.reddit_agent.reddit_agent:run_reddit_agent:56 - Fetching thread: Best phone under ₹20k (performance + long-term use, no ... - Reddit
2026-05-17 22:55:21.518 | INFO     | app.agents.reddit_agent.reddit_agent:run_reddit_agent:56 - Fetching thread: should i consider buying s25 ultra at this price : r/GadgetsIndia - Reddit
2026-05-17 22:55:23.153 | INFO     | app.agents.reddit_agent.reddit_agent:run_reddit_agent:56 - Fetching thread: Planning to get an iPhone 17, is there any upcoming sales ... - Reddit
2026-05-17 22:55:24.003 | INFO     | app.services.search_service:search_products:90 - Serper API returned 10 results.
2026-05-17 22:55:24.010 | INFO     | app.agents.youtube_agent.youtube_agent:run_youtube_agent:21 - Fetching transcript for video: Samsung Galaxy Note 5 Long Term Usage Review - YouTube
2026-05-17 22:55:24.011 | WARNING  | app.agents.youtube_agent.transcript_extractor:extract_and_clean_transcript:36 - Transcript extraction failed for video ayd8LaA55Rk: type object 'YouTubeTranscriptApi' has no attribute 'list_transcripts'
2026-05-17 22:55:24.015 | INFO     | app.main:event_stream:110 - Agent Activity — reddit: agent_complete — Analyzed 3 Reddit threads
2026-05-17 22:55:34.753 | DEBUG    | app.agents.market_agent:run_market_agent:108 - Market chain raw response: {
    "products": [
        {
            "name": "DeLonghi De'Longhi Stilosa Ec260Bk",
            "brand": "DeLonghi",
            "model": "EC260BK",
            "price": 89990,
            "currency": "INR",
            "platform": "Amazon",
            "specs": {
                "Capacity": "10
2026-05-17 22:55:35.770 | INFO     | app.main:event_stream:110 - Agent Activity — youtube: agent_complete — Analyzed 0 YouTube videos
2026-05-17 22:55:35.771 | INFO     | app.main:event_stream:110 - Agent Activity — market: agent_complete — Found 5 products
2026-05-17 22:55:35.777 | INFO     | app.agents.graph:intent_node:28 - Graph: Running intent node
2026-05-17 22:55:38.547 | DEBUG    | app.agents.intent_agent:run_intent_agent:58 - Intent chain raw response: {
    "product_category": "espresso machine",
    "product_name": null,
    "specifications": [],
    "budget_range": {"min_price": 100000, "max_price": 1000000, "currency": "INR"},
    "usage_context": "beginners",
    "brand_preferences": [],
    "urgency": "can_wait",
    "is_specific_product": f
2026-05-17 22:55:38.548 | INFO     | app.agents.intent_agent:run_intent_agent:63 - Intent extracted: category=espresso machine, specific=False, complete=True, confidence=0.8
2026-05-17 22:55:38.558 | INFO     | app.agents.graph:market_node:43 - Graph: Running market node
2026-05-17 22:55:38.561 | INFO     | app.agents.market_agent:run_market_agent:69 - Market agent searching: 'espresso machine for beginners India buy'
2026-05-17 22:55:38.563 | INFO     | app.services.search_service:search_products:43 - Searching products via Serper API: espresso machine for beginners India buy
2026-05-17 22:55:38.566 | INFO     | app.agents.graph:reddit_node:57 - Graph: Running reddit node
2026-05-17 22:55:38.569 | INFO     | app.agents.reddit_agent.reddit_agent:run_reddit_agent:48 - Reddit Agent: Searching ['GadgetsIndia', 'IndiaTech'] for ''
2026-05-17 22:55:38.574 | INFO     | app.agents.graph:youtube_node:68 - Graph: Running youtube node
2026-05-17 22:55:38.578 | INFO     | app.agents.youtube_agent.youtube_agent:run_youtube_agent:10 - YouTube Agent: Searching for '' from trusted channels
2026-05-17 22:55:40.738 | INFO     | app.agents.reddit_agent.reddit_agent:run_reddit_agent:56 - Fetching thread: Best phone under ₹20k (performance + long-term use, no ... - Reddit
2026-05-17 22:55:41.646 | INFO     | app.agents.reddit_agent.reddit_agent:run_reddit_agent:56 - Fetching thread: Help! Deciding between Nord CE6 vs Galaxy M56 for a 5-year run ...
2026-05-17 22:55:43.147 | INFO     | app.agents.reddit_agent.reddit_agent:run_reddit_agent:56 - Fetching thread: Planning to get an iPhone 17, is there any upcoming sales ... - Reddit
2026-05-17 22:55:43.926 | INFO     | app.agents.youtube_agent.youtube_agent:run_youtube_agent:21 - Fetching transcript for video: Samsung Galaxy Note 5 Long Term Usage Review - YouTube
2026-05-17 22:55:43.927 | WARNING  | app.agents.youtube_agent.transcript_extractor:extract_and_clean_transcript:36 - Transcript extraction failed for video ayd8LaA55Rk: type object 'YouTubeTranscriptApi' has no attribute 'list_transcripts'
2026-05-17 22:55:43.928 | INFO     | app.services.search_service:search_products:90 - Serper API returned 10 results.
2026-05-17 22:55:53.378 | DEBUG    | app.agents.market_agent:run_market_agent:108 - Market chain raw response: {
  "products": [
    {
      "name": "DeLonghi De'Longhi Stilosa Ec260Bk",
      "brand": "DeLonghi",
      "model": "EC260BK",
      "price": 29990,
      "currency": "INR",
      "platform": "Amazon",
      "specs": {
        "Capacity": "1000 Milliliters",
        "Colour": "Black & Stainless",

2026-05-17 22:55:54.531 | INFO     | app.main:event_stream:110 - Agent Activity — system: token — 
2026-05-17 22:55:54.533 | INFO     | app.main:event_stream:110 - Agent Activity — system: token — 
2026-05-17 22:55:54.537 | INFO     | app.main:event_stream:110 - Agent Activity — system: token — 
2026-05-17 22:55:54.541 | INFO     | app.main:event_stream:110 - Agent Activity — system: token — 
2026-05-17 22:55:54.548 | INFO     | app.main:event_stream:110 - Agent Activity — system: token — 
2026-05-17 22:55:54.552 | INFO     | app.main:event_stream:110 - Agent Activity — system: token — 
2026-05-17 22:55:54.555 | INFO     | app.main:event_stream:110 - Agent Activity — system: token — 
2026-05-17 22:55:54.563 | INFO     | app.main:event_stream:110 - Agent Activity — system: token — 
2026-05-17 22:55:54.570 | INFO     | app.main:event_stream:110 - Agent Activity — system: token — 
2026-05-17 22:55:54.573 | INFO     | app.main:event_stream:110 - Agent Activity — system: token — 
2026-05-17 22:55:54.575 | INFO     | app.main:event_stream:110 - Agent Activity — system: token — 
2026-05-17 22:55:54.577 | INFO     | app.main:event_stream:110 - Agent Activity — system: token — 
2026-05-17 22:55:54.579 | INFO     | app.main:event_stream:110 - Agent Activity — system: token — 
2026-05-17 22:55:54.581 | INFO     | app.main:event_stream:110 - Agent Activity — system: token — 
2026-05-17 22:55:54.583 | INFO     | app.main:event_stream:110 - Agent Activity — system: token — 
2026-05-17 22:55:54.585 | INFO     | app.main:event_stream:110 - Agent Activity — system: token — 
2026-05-17 22:55:54.587 | INFO     | app.main:event_stream:110 - Agent Activity — system: token — 
2026-05-17 22:55:54.589 | INFO     | app.main:event_stream:110 - Agent Activity — system: token — 
2026-05-17 22:55:54.591 | INFO     | app.main:event_stream:110 - Agent Activity — system: token — 
2026-05-17 22:55:54.592 | INFO     | app.main:event_stream:110 - Agent Activity — system: token — 
2026-05-17 22:55:54.599 | INFO     | app.main:event_stream:110 - Agent Activity — system: token — 
2026-05-17 22:55:54.601 | INFO     | app.main:event_stream:110 - Agent Activity — system: token — 
2026-05-17 22:55:54.604 | INFO     | app.main:event_stream:110 - Agent Activity — system: token — 
2026-05-17 22:55:54.607 | INFO     | app.main:event_stream:110 - Agent Activity — system: token — 
2026-05-17 22:55:54.608 | INFO     | app.main:event_stream:110 - Agent Activity — system: token — 
2026-05-17 22:55:54.609 | INFO     | app.main:event_stream:110 - Agent Activity — system: token — 
2026-05-17 22:55:54.611 | INFO     | app.main:event_stream:110 - Agent Activity — system: token — 
2026-05-17 22:55:54.613 | INFO     | app.main:event_stream:110 - Agent Activity — system: token — 
2026-05-17 22:55:54.618 | INFO     | app.main:event_stream:110 - Agent Activity — system: token — 
2026-05-17 22:55:54.621 | INFO     | app.main:event_stream:110 - Agent Activity — system: token — 
2026-05-17 22:55:54.626 | INFO     | app.main:event_stream:110 - Agent Activity — system: token — 
2026-05-17 22:55:54.630 | INFO     | app.main:event_stream:110 - Agent Activity — system: token — 
2026-05-17 22:55:54.633 | INFO     | app.main:event_stream:110 - Agent Activity — system: token — 
2026-05-17 22:55:54.635 | INFO     | app.main:event_stream:110 - Agent Activity — system: token — 
2026-05-17 22:55:54.638 | INFO     | app.main:event_stream:110 - Agent Activity — system: token — 
2026-05-17 22:55:54.640 | INFO     | app.main:event_stream:110 - Agent Activity — system: token — 
2026-05-17 22:55:54.641 | INFO     | app.main:event_stream:110 - Agent Activity — system: token — 
2026-05-17 22:55:54.642 | INFO     | app.main:event_stream:110 - Agent Activity — system: token — 
2026-05-17 22:55:54.644 | INFO     | app.main:event_stream:110 - Agent Activity — system: token — 
2026-05-17 22:55:54.646 | INFO     | app.main:event_stream:110 - Agent Activity — system: token — 
2026-05-17 22:55:54.651 | INFO     | app.main:event_stream:110 - Agent Activity — system: token — 
2026-05-17 22:55:54.653 | INFO     | app.main:event_stream:110 - Agent Activity — system: token — 
2026-05-17 22:55:54.655 | INFO     | app.main:event_stream:110 - Agent Activity — system: token — 
2026-05-17 22:55:54.656 | INFO     | app.main:event_stream:110 - Agent Activity — system: token — 
2026-05-17 22:55:54.657 | INFO     | app.main:event_stream:110 - Agent Activity — system: token — 
2026-05-17 22:55:54.658 | INFO     | app.main:event_stream:110 - Agent Activity — system: token — 
2026-05-17 22:55:54.659 | INFO     | app.main:event_stream:110 - Agent Activity — system: token — 
2026-05-17 22:55:54.660 | INFO     | app.main:event_stream:110 - Agent Activity — system: token — 
2026-05-17 22:55:54.661 | INFO     | app.main:event_stream:110 - Agent Activity — system: token — 
2026-05-17 22:55:54.663 | INFO     | app.main:event_stream:110 - Agent Activity — system: token — 
2026-05-17 22:55:54.666 | INFO     | app.main:event_stream:110 - Agent Activity — system: token — 
2026-05-17 22:55:54.668 | INFO     | app.main:event_stream:110 - Agent Activity — system: token — 
2026-05-17 22:55:54.669 | INFO     | app.main:event_stream:110 - Agent Activity — system: token — 
2026-05-17 22:55:54.671 | INFO     | app.main:event_stream:110 - Agent Activity — system: token — 
2026-05-17 22:55:54.672 | INFO     | app.main:event_stream:110 - Agent Activity — system: token — 
2026-05-17 22:55:54.674 | INFO     | app.main:event_stream:110 - Agent Activity — system: token — 
2026-05-17 22:55:54.675 | INFO     | app.main:event_stream:110 - Agent Activity — system: token — 
2026-05-17 22:55:54.676 | INFO     | app.main:event_stream:110 - Agent Activity — system: token — 
2026-05-17 22:55:54.678 | INFO     | app.main:event_stream:110 - Agent Activity — system: token — 
2026-05-17 22:55:54.680 | INFO     | app.main:event_stream:110 - Agent Activity — system: token — 
2026-05-17 22:55:54.683 | INFO     | app.main:event_stream:110 - Agent Activity — system: token — 
2026-05-17 22:55:54.685 | INFO     | app.main:event_stream:110 - Agent Activity — system: token — 
2026-05-17 22:55:54.687 | INFO     | app.main:event_stream:110 - Agent Activity — system: token — 
2026-05-17 22:55:54.689 | INFO     | app.main:event_stream:110 - Agent Activity — system: token — 
2026-05-17 22:55:54.689 | INFO     | app.main:event_stream:110 - Agent Activity — system: token — 
2026-05-17 22:55:54.690 | INFO     | app.main:event_stream:110 - Agent Activity — system: token — 
2026-05-17 22:55:54.691 | INFO     | app.main:event_stream:110 - Agent Activity — system: token — 
2026-05-17 22:55:54.692 | INFO     | app.main:event_stream:110 - Agent Activity — system: token — 
2026-05-17 22:55:54.693 | INFO     | app.main:event_stream:110 - Agent Activity — system: token — 
2026-05-17 22:55:54.695 | INFO     | app.main:event_stream:110 - Agent Activity — system: token — 
2026-05-17 22:55:54.698 | INFO     | app.main:event_stream:110 - Agent Activity — system: token — 
2026-05-17 22:55:54.700 | INFO     | app.main:event_stream:110 - Agent Activity — system: token — 
2026-05-17 22:55:54.703 | INFO     | app.main:event_stream:110 - Agent Activity — system: token — 
2026-05-17 22:55:54.705 | INFO     | app.main:event_stream:110 - Agent Activity — system: token — 
2026-05-17 22:55:54.706 | INFO     | app.main:event_stream:110 - Agent Activity — system: token — 
2026-05-17 22:55:54.707 | INFO     | app.main:event_stream:110 - Agent Activity — system: token — 
2026-05-17 22:55:54.709 | INFO     | app.main:event_stream:110 - Agent Activity — system: token — 
2026-05-17 22:55:54.712 | INFO     | app.main:event_stream:110 - Agent Activity — system: token — 
2026-05-17 22:55:54.717 | INFO     | app.main:event_stream:110 - Agent Activity — system: token — 
2026-05-17 22:55:54.718 | INFO     | app.main:event_stream:110 - Agent Activity — system: token — 
2026-05-17 22:55:54.720 | INFO     | app.main:event_stream:110 - Agent Activity — system: token — 
2026-05-17 22:55:54.721 | INFO     | app.main:event_stream:110 - Agent Activity — system: token — 
2026-05-17 22:55:54.723 | INFO     | app.main:event_stream:110 - Agent Activity — system: token — 
2026-05-17 22:55:54.726 | INFO     | app.main:event_stream:110 - Agent Activity — system: token — 
2026-05-17 22:55:54.728 | INFO     | app.main:event_stream:110 - Agent Activity — system: token — 
2026-05-17 22:55:54.734 | INFO     | app.main:event_stream:110 - Agent Activity — system: token — 
2026-05-17 22:55:54.737 | INFO     | app.main:event_stream:110 - Agent Activity — system: token — 
2026-05-17 22:55:54.738 | INFO     | app.main:event_stream:110 - Agent Activity — system: token — 
2026-05-17 22:55:54.740 | INFO     | app.main:event_stream:110 - Agent Activity — system: token — 
2026-05-17 22:55:54.741 | INFO     | app.main:event_stream:110 - Agent Activity — system: token — 
2026-05-17 22:55:54.742 | INFO     | app.main:event_stream:110 - Agent Activity — system: token — 
2026-05-17 22:55:54.743 | INFO     | app.main:event_stream:110 - Agent Activity — system: token — 
2026-05-17 22:55:54.745 | INFO     | app.main:event_stream:110 - Agent Activity — system: token — 
2026-05-17 22:55:54.747 | INFO     | app.main:event_stream:110 - Agent Activity — system: token — 
2026-05-17 22:55:54.749 | INFO     | app.main:event_stream:110 - Agent Activity — system: token — 
2026-05-17 22:55:54.750 | INFO     | app.main:event_stream:110 - Agent Activity — system: token — 
2026-05-17 22:55:54.751 | INFO     | app.main:event_stream:110 - Agent Activity — system: token — 
2026-05-17 22:55:54.752 | INFO     | app.main:event_stream:110 - Agent Activity — system: token — 
2026-05-17 22:55:54.753 | INFO     | app.main:event_stream:110 - Agent Activity — system: token — 
2026-05-17 22:55:54.754 | INFO     | app.main:event_stream:110 - Agent Activity — system: token — 
2026-05-17 22:55:54.755 | INFO     | app.main:event_stream:110 - Agent Activity — system: token — 
2026-05-17 22:55:54.756 | INFO     | app.main:event_stream:110 - Agent Activity — system: token — 
2026-05-17 22:55:54.758 | INFO     | app.main:event_stream:110 - Agent Activity — system: token — 
2026-05-17 22:55:54.759 | INFO     | app.main:event_stream:110 - Agent Activity — system: token — 
2026-05-17 22:55:54.760 | INFO     | app.main:event_stream:110 - Agent Activity — system: token — 
2026-05-17 22:55:54.762 | INFO     | app.main:event_stream:110 - Agent Activity — system: token — 
2026-05-17 22:55:54.764 | INFO     | app.main:event_stream:110 - Agent Activity — system: token — 
2026-05-17 22:55:54.766 | INFO     | app.main:event_stream:110 - Agent Activity — system: token — 
2026-05-17 22:55:54.772 | INFO     | app.main:event_stream:110 - Agent Activity — system: token — 
2026-05-17 22:55:54.774 | INFO     | app.main:event_stream:110 - Agent Activity — system: token — 
2026-05-17 22:55:54.782 | INFO     | app.main:event_stream:110 - Agent Activity — system: token — 
2026-05-17 22:55:54.784 | INFO     | app.main:event_stream:110 - Agent Activity — system: token — 
2026-05-17 22:55:54.786 | INFO     | app.main:event_stream:110 - Agent Activity — system: token — 
2026-05-17 22:55:54.787 | INFO     | app.main:event_stream:110 - Agent Activity — system: token — 
2026-05-17 22:55:54.788 | INFO     | app.main:event_stream:110 - Agent Activity — system: token — 
2026-05-17 22:55:54.789 | INFO     | app.main:event_stream:110 - Agent Activity — system: token — 
2026-05-17 22:55:54.789 | INFO     | app.main:event_stream:110 - Agent Activity — system: token — 
2026-05-17 22:55:54.790 | INFO     | app.main:event_stream:110 - Agent Activity — system: token — 
2026-05-17 22:55:54.791 | INFO     | app.main:event_stream:110 - Agent Activity — system: token — 
2026-05-17 22:55:54.792 | INFO     | app.main:event_stream:110 - Agent Activity — system: token — 
2026-05-17 22:55:54.793 | INFO     | app.main:event_stream:110 - Agent Activity — system: token — 
2026-05-17 22:55:54.797 | INFO     | app.main:event_stream:110 - Agent Activity — system: token — 
2026-05-17 22:55:54.799 | INFO     | app.main:event_stream:110 - Agent Activity — system: token — 
2026-05-17 22:55:54.801 | INFO     | app.main:event_stream:110 - Agent Activity — system: token — 
2026-05-17 22:55:54.803 | INFO     | app.main:event_stream:110 - Agent Activity — system: token — 
2026-05-17 22:55:54.804 | INFO     | app.main:event_stream:110 - Agent Activity — system: token — 
2026-05-17 22:55:54.806 | INFO     | app.main:event_stream:110 - Agent Activity — system: token — 
2026-05-17 22:55:54.807 | INFO     | app.main:event_stream:110 - Agent Activity — system: token — 
2026-05-17 22:55:54.808 | INFO     | app.main:event_stream:110 - Agent Activity — system: token — 
2026-05-17 22:55:54.809 | INFO     | app.main:event_stream:110 - Agent Activity — system: token — 
2026-05-17 22:55:54.811 | INFO     | app.main:event_stream:110 - Agent Activity — system: token — 
2026-05-17 22:55:54.812 | INFO     | app.main:event_stream:110 - Agent Activity — system: token — 
2026-05-17 22:55:54.814 | INFO     | app.main:event_stream:110 - Agent Activity — system: token — 
2026-05-17 22:55:54.815 | INFO     | app.main:event_stream:110 - Agent Activity — system: token — 
2026-05-17 22:55:54.816 | INFO     | app.main:event_stream:110 - Agent Activity — system: token — 
2026-05-17 22:55:54.818 | INFO     | app.main:event_stream:110 - Agent Activity — system: token — 
2026-05-17 22:55:54.819 | INFO     | app.main:event_stream:110 - Agent Activity — system: token — 
2026-05-17 22:55:54.820 | INFO     | app.main:event_stream:110 - Agent Activity — system: token — 
2026-05-17 22:55:54.821 | INFO     | app.main:event_stream:110 - Agent Activity — system: token — 
2026-05-17 22:55:54.822 | INFO     | app.main:event_stream:110 - Agent Activity — system: token — 
2026-05-17 22:55:54.822 | INFO     | app.main:event_stream:110 - Agent Activity — system: token — 
2026-05-17 22:55:54.823 | INFO     | app.main:event_stream:110 - Agent Activity — system: token — 
2026-05-17 22:55:54.825 | INFO     | app.main:event_stream:110 - Agent Activity — system: token — 
2026-05-17 22:55:54.826 | INFO     | app.main:event_stream:110 - Agent Activity — system: token — 
2026-05-17 22:55:54.828 | INFO     | app.main:event_stream:110 - Agent Activity — system: token — 
2026-05-17 22:55:54.837 | INFO     | app.main:event_stream:110 - Agent Activity — system: token — 
2026-05-17 22:55:54.839 | INFO     | app.main:event_stream:110 - Agent Activity — system: token — 
2026-05-17 22:55:54.841 | INFO     | app.main:event_stream:110 - Agent Activity — system: token — 
2026-05-17 22:55:54.842 | INFO     | app.main:event_stream:110 - Agent Activity — system: token — 
2026-05-17 22:55:54.843 | INFO     | app.main:event_stream:110 - Agent Activity — system: token — 
2026-05-17 22:55:54.844 | INFO     | app.main:event_stream:110 - Agent Activity — system: token — 
2026-05-17 22:55:54.846 | INFO     | app.main:event_stream:110 - Agent Activity — system: token — 
2026-05-17 22:55:54.847 | INFO     | app.main:event_stream:110 - Agent Activity — system: token — 
2026-05-17 22:55:54.848 | INFO     | app.main:event_stream:110 - Agent Activity — system: token — 
2026-05-17 22:55:54.849 | INFO     | app.main:event_stream:110 - Agent Activity — system: token — 
2026-05-17 22:55:54.850 | INFO     | app.main:event_stream:110 - Agent Activity — system: token — 
2026-05-17 22:55:54.851 | INFO     | app.main:event_stream:110 - Agent Activity — system: token — 
2026-05-17 22:55:54.852 | INFO     | app.main:event_stream:110 - Agent Activity — system: token — 
2026-05-17 22:55:54.853 | INFO     | app.main:event_stream:110 - Agent Activity — system: token — 
2026-05-17 22:55:54.854 | INFO     | app.main:event_stream:110 - Agent Activity — system: token — 
2026-05-17 22:55:54.856 | INFO     | app.main:event_stream:110 - Agent Activity — system: token — 
2026-05-17 22:55:54.857 | INFO     | app.main:event_stream:110 - Agent Activity — system: token — 
2026-05-17 22:55:54.859 | INFO     | app.main:event_stream:110 - Agent Activity — system: token — 
2026-05-17 22:55:54.860 | INFO     | app.main:event_stream:110 - Agent Activity — system: token — 
2026-05-17 22:55:54.862 | INFO     | app.main:event_stream:110 - Agent Activity — system: token — 
2026-05-17 22:55:54.865 | INFO     | app.main:event_stream:110 - Agent Activity — system: token — 
2026-05-17 22:55:54.866 | INFO     | app.main:event_stream:110 - Agent Activity — system: token — 
2026-05-17 22:55:54.867 | INFO     | app.main:event_stream:110 - Agent Activity — system: token — 
2026-05-17 22:55:54.869 | INFO     | app.main:event_stream:110 - Agent Activity — system: token — 
2026-05-17 22:55:54.870 | INFO     | app.main:event_stream:110 - Agent Activity — system: token — 
2026-05-17 22:55:54.870 | INFO     | app.main:event_stream:110 - Agent Activity — system: token — 
2026-05-17 22:55:54.872 | INFO     | app.main:event_stream:110 - Agent Activity — system: token — 
2026-05-17 22:55:54.874 | INFO     | app.main:event_stream:110 - Agent Activity — system: token — 
2026-05-17 22:55:54.878 | INFO     | app.main:event_stream:110 - Agent Activity — system: token — 
2026-05-17 22:55:54.881 | INFO     | app.main:event_stream:110 - Agent Activity — system: token — 
2026-05-17 22:55:54.882 | INFO     | app.main:event_stream:110 - Agent Activity — system: token — 
2026-05-17 22:55:54.886 | INFO     | app.main:event_stream:110 - Agent Activity — system: token — 
2026-05-17 22:55:54.887 | INFO     | app.main:event_stream:110 - Agent Activity — system: token — 
2026-05-17 22:55:54.889 | INFO     | app.main:event_stream:110 - Agent Activity — system: token — 
2026-05-17 22:55:54.891 | INFO     | app.main:event_stream:110 - Agent Activity — system: token — 
2026-05-17 22:55:54.892 | INFO     | app.main:event_stream:110 - Agent Activity — system: token — 
2026-05-17 22:55:54.893 | INFO     | app.main:event_stream:110 - Agent Activity — system: token — 
2026-05-17 22:55:54.894 | INFO     | app.main:event_stream:110 - Agent Activity — system: token — 
2026-05-17 22:55:54.895 | INFO     | app.main:event_stream:110 - Agent Activity — system: token — 
2026-05-17 22:55:54.897 | INFO     | app.main:event_stream:110 - Agent Activity — system: token — 
2026-05-17 22:55:54.899 | INFO     | app.main:event_stream:110 - Agent Activity — system: token — 
2026-05-17 22:55:54.900 | INFO     | app.main:event_stream:110 - Agent Activity — system: token — 
2026-05-17 22:55:54.900 | INFO     | app.main:event_stream:110 - Agent Activity — system: token — 
2026-05-17 22:55:54.901 | INFO     | app.main:event_stream:110 - Agent Activity — system: token — 
2026-05-17 22:55:54.902 | INFO     | app.main:event_stream:110 - Agent Activity — system: token — 
2026-05-17 22:55:54.903 | INFO     | app.main:event_stream:110 - Agent Activity — system: token — 
2026-05-17 22:55:54.904 | INFO     | app.main:event_stream:110 - Agent Activity — system: token — 
2026-05-17 22:55:54.906 | INFO     | app.main:event_stream:110 - Agent Activity — system: token — 
2026-05-17 22:55:54.906 | INFO     | app.main:event_stream:110 - Agent Activity — system: token — 
2026-05-17 22:55:54.908 | INFO     | app.main:event_stream:110 - Agent Activity — system: token — 
2026-05-17 22:55:54.909 | INFO     | app.main:event_stream:110 - Agent Activity — system: token — 
2026-05-17 22:55:54.910 | INFO     | app.main:event_stream:110 - Agent Activity — system: token — 
2026-05-17 22:55:54.914 | INFO     | app.main:event_stream:110 - Agent Activity — system: token — 
2026-05-17 22:55:54.917 | INFO     | app.main:event_stream:110 - Agent Activity — system: token — 
2026-05-17 22:55:54.918 | INFO     | app.main:event_stream:110 - Agent Activity — system: token — 
2026-05-17 22:55:54.919 | INFO     | app.main:event_stream:110 - Agent Activity — system: token — 
2026-05-17 22:55:54.920 | INFO     | app.main:event_stream:110 - Agent Activity — system: token — 
2026-05-17 22:55:54.922 | INFO     | app.main:event_stream:110 - Agent Activity — system: token — 
2026-05-17 22:55:54.923 | INFO     | app.main:event_stream:110 - Agent Activity — system: token — 
2026-05-17 22:55:54.925 | INFO     | app.main:event_stream:110 - Agent Activity — system: token — 
2026-05-17 22:55:54.926 | INFO     | app.main:event_stream:110 - Agent Activity — system: token — 
2026-05-17 22:55:54.927 | INFO     | app.main:event_stream:110 - Agent Activity — system: token — 
2026-05-17 22:55:54.928 | INFO     | app.main:event_stream:110 - Agent Activity — system: token — 
2026-05-17 22:55:54.930 | INFO     | app.main:event_stream:110 - Agent Activity — system: token — 
2026-05-17 22:55:54.932 | INFO     | app.main:event_stream:110 - Agent Activity — system: token — 
2026-05-17 22:55:54.933 | INFO     | app.main:event_stream:110 - Agent Activity — system: final_result — Research complete! See the dashboard for details.
2026-05-17 22:55:54.936 | INFO     | app.main:event_stream:110 - Agent Activity — system: done — 
2026-05-17 22:57:17.732 | INFO     | app.main:lifespan:42 - 👋 VeriBuy Backend shutting down
2026-05-17 23:19:48.570 | INFO     | app.main:lifespan:32 - 🚀 VeriBuy Backend starting...
2026-05-17 23:19:48.571 | INFO     | app.main:lifespan:37 - ✅ Ollama connected — model: qwen3:0.6b
2026-05-17 23:25:58.775 | INFO     | app.main:chat:86 - User queried: Best coding laptops with 32GB RAM
2026-05-17 23:25:58.808 | INFO     | app.main:event_stream:110 - Agent Activity — intent: agent_start — Understanding your requirements...
2026-05-17 23:25:58.820 | INFO     | app.agents.graph:intent_node:28 - Graph: Running intent node
2026-05-17 23:26:03.596 | DEBUG    | app.agents.intent_agent:run_intent_agent:58 - Intent chain raw response: {
  "product_category": "laptop",
  "product_name": null,
  "specifications": ["32GB RAM"],
  "budget_range": {"min_price": 0, "max_price": 999999, "currency": "INR"},
  "usage_context": "general",
  "brand_preferences": [],
  "urgency": "can_wait",
  "is_specific_product": false,
  "is_complete": f
2026-05-17 23:26:03.597 | INFO     | app.agents.intent_agent:run_intent_agent:63 - Intent extracted: category=laptop, specific=False, complete=False, confidence=0.8
2026-05-17 23:26:03.605 | INFO     | app.main:event_stream:110 - Agent Activity — intent: agent_complete — Identified: laptop
2026-05-17 23:26:03.607 | INFO     | app.main:event_stream:110 - Agent Activity — intent: followup_needed — I need a bit more info: What is your budget for the laptop?
2026-05-17 23:26:03.609 | INFO     | app.main:event_stream:110 - Agent Activity — system: token — 
2026-05-17 23:26:03.611 | INFO     | app.main:event_stream:110 - Agent Activity — system: token — 
2026-05-17 23:26:03.613 | INFO     | app.main:event_stream:110 - Agent Activity — system: token — 
2026-05-17 23:26:03.614 | INFO     | app.main:event_stream:110 - Agent Activity — system: token — 
2026-05-17 23:26:03.616 | INFO     | app.main:event_stream:110 - Agent Activity — system: token — 
2026-05-17 23:26:03.618 | INFO     | app.main:event_stream:110 - Agent Activity — system: token — 
2026-05-17 23:26:03.619 | INFO     | app.main:event_stream:110 - Agent Activity — system: token — 
2026-05-17 23:26:03.620 | INFO     | app.main:event_stream:110 - Agent Activity — system: token — 
2026-05-17 23:26:03.621 | INFO     | app.main:event_stream:110 - Agent Activity — system: token — 
2026-05-17 23:26:03.623 | INFO     | app.main:event_stream:110 - Agent Activity — system: token — 
2026-05-17 23:26:03.626 | INFO     | app.main:event_stream:110 - Agent Activity — system: token — 
2026-05-17 23:26:03.630 | INFO     | app.main:event_stream:110 - Agent Activity — system: token — 
2026-05-17 23:26:03.632 | INFO     | app.main:event_stream:110 - Agent Activity — system: done — 
2026-05-17 23:26:10.314 | INFO     | app.main:chat:86 - User queried: 160000
2026-05-17 23:26:10.317 | INFO     | app.main:event_stream:110 - Agent Activity — intent: agent_start — Understanding your requirements...
2026-05-17 23:26:10.322 | INFO     | app.agents.graph:intent_node:28 - Graph: Running intent node
2026-05-17 23:26:13.128 | DEBUG    | app.agents.intent_agent:run_intent_agent:58 - Intent chain raw response: {
  "product_category": "laptop",
  "product_name": null,
  "specifications": ["32GB RAM"],
  "budget_range": {"min_price": 160000, "max_price": 160000, "currency": "INR"},
  "usage_context": "general",
  "brand_preferences": [],
  "urgency": "can_wait",
  "is_specific_product": false,
  "is_complet
2026-05-17 23:26:13.129 | INFO     | app.agents.intent_agent:run_intent_agent:63 - Intent extracted: category=laptop, specific=False, complete=True, confidence=1.0
2026-05-17 23:26:13.135 | INFO     | app.main:event_stream:110 - Agent Activity — intent: agent_complete — Identified: laptop
2026-05-17 23:26:13.141 | INFO     | app.main:event_stream:110 - Agent Activity — market: agent_start — Searching across platforms...
2026-05-17 23:26:13.144 | INFO     | app.main:event_stream:110 - Agent Activity — reddit: agent_start — Scanning Reddit discussions...
2026-05-17 23:26:13.146 | INFO     | app.main:event_stream:110 - Agent Activity — youtube: agent_start — Analyzing YouTube reviews...
2026-05-17 23:26:13.150 | INFO     | app.agents.graph:market_node:43 - Graph: Running market node
2026-05-17 23:26:13.151 | INFO     | app.agents.market_agent:run_market_agent:69 - Market agent searching: 'laptop 32GB RAM under 160000 INR India buy'
2026-05-17 23:26:13.152 | INFO     | app.services.search_service:search_products:43 - Searching products via Serper API: laptop 32GB RAM under 160000 INR India buy
2026-05-17 23:26:13.153 | INFO     | app.agents.graph:reddit_node:57 - Graph: Running reddit node
2026-05-17 23:26:13.155 | INFO     | app.agents.reddit_agent.reddit_agent:run_reddit_agent:98 - Reddit Agent: Searching ['GadgetsIndia', 'IndianGaming', 'LaptopDealsIndia'] for 'laptop review India'
2026-05-17 23:26:13.163 | INFO     | app.agents.graph:youtube_node:69 - Graph: Running youtube node
2026-05-17 23:26:13.165 | INFO     | app.agents.youtube_agent.youtube_agent:run_youtube_agent:38 - YouTube Agent: Searching for 'laptop' from trusted channels
2026-05-17 23:26:15.653 | INFO     | app.agents.reddit_agent.reddit_agent:run_reddit_agent:106 - Fetching thread: indian youtubers for laptop reviews : r/IndianGaming - Reddit
2026-05-17 23:26:17.231 | INFO     | app.agents.reddit_agent.reddit_agent:run_reddit_agent:106 - Fetching thread: Which laptop brand is the most reliable? : r/GadgetsIndia - Reddit
2026-05-17 23:26:19.256 | INFO     | app.agents.reddit_agent.reddit_agent:run_reddit_agent:106 - Fetching thread: LAPTOP REVIEW : r/GadgetsIndia - Reddit
2026-05-17 23:26:20.399 | INFO     | app.agents.youtube_agent.youtube_agent:run_youtube_agent:49 - Fetching transcript for video: These Laptops Are Built Like a Tank! Ft Asus ExpertBook P-Series
2026-05-17 23:26:20.399 | WARNING  | app.agents.youtube_agent.transcript_extractor:extract_and_clean_transcript:35 - Transcript extraction failed for video 2ZXBYfRkH_c: type object 'YouTubeTranscriptApi' has no attribute 'list_transcripts'
2026-05-17 23:26:20.400 | INFO     | app.agents.youtube_agent.youtube_agent:run_youtube_agent:49 - Fetching transcript for video: Windows vs Macbook Gaming , Video Editing , Coding & Students ...
2026-05-17 23:26:20.400 | WARNING  | app.agents.youtube_agent.transcript_extractor:extract_and_clean_transcript:35 - Transcript extraction failed for video 2OyvJx0CyiA: type object 'YouTubeTranscriptApi' has no attribute 'list_transcripts'
2026-05-17 23:26:20.401 | INFO     | app.agents.youtube_agent.youtube_agent:run_youtube_agent:49 - Fetching transcript for video: Apple MacBook Air M5 Review – Most Underrated Laptop - YouTube
2026-05-17 23:26:20.410 | WARNING  | app.agents.youtube_agent.transcript_extractor:extract_and_clean_transcript:35 - Transcript extraction failed for video plseXyqDNrA: type object 'YouTubeTranscriptApi' has no attribute 'list_transcripts'
2026-05-17 23:26:20.411 | INFO     | app.services.search_service:search_products:90 - Serper API returned 10 results.
2026-05-17 23:26:20.416 | INFO     | app.main:event_stream:110 - Agent Activity — reddit: agent_complete — Analyzed 3 Reddit threads
2026-05-17 23:26:33.273 | DEBUG    | app.agents.market_agent:run_market_agent:108 - Market chain raw response: ```json
{
    "products": [
        {
            "name": "Dell Laptop I7 32gb Ram 1tb Ssd",
            "brand": "Dell",
            "model": "",
            "price": 157990,
            "currency": "INR",
            "platform": "Amazon",
            "specs": {},
            "rating": 4.04,
      
2026-05-17 23:26:33.273 | ERROR    | app.agents.market_agent:run_market_agent:139 - Market agent analysis error: Expecting ',' delimiter: line 70 column 24 (char 3017)
2026-05-17 23:26:33.276 | INFO     | app.main:event_stream:110 - Agent Activity — youtube: agent_complete — Analyzed 0 YouTube videos
2026-05-17 23:26:33.278 | INFO     | app.main:event_stream:110 - Agent Activity — market: agent_complete — Found 0 products
2026-05-17 23:26:33.283 | INFO     | app.main:event_stream:110 - Agent Activity — system: token — 
2026-05-17 23:26:33.289 | INFO     | app.main:event_stream:110 - Agent Activity — system: token — 
2026-05-17 23:26:33.294 | INFO     | app.main:event_stream:110 - Agent Activity — system: token — 
2026-05-17 23:26:33.298 | INFO     | app.main:event_stream:110 - Agent Activity — system: token — 
2026-05-17 23:26:33.299 | INFO     | app.main:event_stream:110 - Agent Activity — system: token — 
2026-05-17 23:26:33.301 | INFO     | app.main:event_stream:110 - Agent Activity — system: token — 
2026-05-17 23:26:33.302 | INFO     | app.main:event_stream:110 - Agent Activity — system: token — 
2026-05-17 23:26:33.303 | INFO     | app.main:event_stream:110 - Agent Activity — system: token — 
2026-05-17 23:26:33.305 | INFO     | app.main:event_stream:110 - Agent Activity — system: token — 
2026-05-17 23:26:33.307 | INFO     | app.main:event_stream:110 - Agent Activity — system: token — 
2026-05-17 23:26:33.309 | INFO     | app.main:event_stream:110 - Agent Activity — system: token — 
2026-05-17 23:26:33.311 | INFO     | app.main:event_stream:110 - Agent Activity — system: token — 
2026-05-17 23:26:33.312 | INFO     | app.main:event_stream:110 - Agent Activity — system: token — 
2026-05-17 23:26:33.313 | INFO     | app.main:event_stream:110 - Agent Activity — system: token — 
2026-05-17 23:26:33.314 | INFO     | app.main:event_stream:110 - Agent Activity — system: token — 
2026-05-17 23:26:33.315 | INFO     | app.main:event_stream:110 - Agent Activity — system: token — 
2026-05-17 23:26:33.316 | INFO     | app.main:event_stream:110 - Agent Activity — system: token — 
2026-05-17 23:26:33.318 | INFO     | app.main:event_stream:110 - Agent Activity — system: token — 
2026-05-17 23:26:33.321 | INFO     | app.main:event_stream:110 - Agent Activity — system: token — 
2026-05-17 23:26:33.323 | INFO     | app.main:event_stream:110 - Agent Activity — system: token — 
2026-05-17 23:26:33.324 | INFO     | app.main:event_stream:110 - Agent Activity — system: token — 
2026-05-17 23:26:33.325 | INFO     | app.main:event_stream:110 - Agent Activity — system: token — 
2026-05-17 23:26:33.329 | INFO     | app.main:event_stream:110 - Agent Activity — system: token — 
2026-05-17 23:26:33.331 | INFO     | app.main:event_stream:110 - Agent Activity — system: token — 
2026-05-17 23:26:33.332 | INFO     | app.main:event_stream:110 - Agent Activity — system: token — 
2026-05-17 23:26:33.335 | INFO     | app.main:event_stream:110 - Agent Activity — system: token — 
2026-05-17 23:26:33.337 | INFO     | app.main:event_stream:110 - Agent Activity — system: done — 
2026-05-17 23:26:49.677 | INFO     | app.main:chat:86 - User queried: 170000 INR
2026-05-17 23:26:49.687 | INFO     | app.main:event_stream:110 - Agent Activity — intent: agent_start — Understanding your requirements...
2026-05-17 23:26:49.695 | INFO     | app.agents.graph:intent_node:28 - Graph: Running intent node
2026-05-17 23:26:52.508 | DEBUG    | app.agents.intent_agent:run_intent_agent:58 - Intent chain raw response: {
  "product_category": "laptop",
  "product_name": null,
  "specifications": ["32GB RAM"],
  "budget_range": {"min_price": 170000, "max_price": 170000, "currency": "INR"},
  "usage_context": "general",
  "brand_preferences": [],
  "urgency": "flexible",
  "is_specific_product": false,
  "is_complet
2026-05-17 23:26:52.508 | INFO     | app.agents.intent_agent:run_intent_agent:63 - Intent extracted: category=laptop, specific=False, complete=True, confidence=0.8
2026-05-17 23:26:52.516 | INFO     | app.main:event_stream:110 - Agent Activity — intent: agent_complete — Identified: laptop
2026-05-17 23:26:52.518 | INFO     | app.main:event_stream:110 - Agent Activity — market: agent_start — Searching across platforms...
2026-05-17 23:26:52.521 | INFO     | app.main:event_stream:110 - Agent Activity — reddit: agent_start — Scanning Reddit discussions...
2026-05-17 23:26:52.524 | INFO     | app.main:event_stream:110 - Agent Activity — youtube: agent_start — Analyzing YouTube reviews...
2026-05-17 23:26:52.529 | INFO     | app.agents.graph:market_node:43 - Graph: Running market node
2026-05-17 23:26:52.535 | INFO     | app.agents.market_agent:run_market_agent:69 - Market agent searching: 'laptop 32GB RAM under 170000 INR India buy'
2026-05-17 23:26:52.538 | INFO     | app.services.search_service:search_products:43 - Searching products via Serper API: laptop 32GB RAM under 170000 INR India buy
2026-05-17 23:26:52.550 | INFO     | app.agents.graph:reddit_node:57 - Graph: Running reddit node
2026-05-17 23:26:52.554 | INFO     | app.agents.reddit_agent.reddit_agent:run_reddit_agent:98 - Reddit Agent: Searching ['GadgetsIndia', 'IndianGaming', 'LaptopDealsIndia'] for 'laptop review India'
2026-05-17 23:26:52.558 | INFO     | app.agents.graph:youtube_node:69 - Graph: Running youtube node
2026-05-17 23:26:52.561 | INFO     | app.agents.youtube_agent.youtube_agent:run_youtube_agent:38 - YouTube Agent: Searching for 'laptop' from trusted channels
2026-05-17 23:26:54.859 | INFO     | app.services.search_service:search_products:90 - Serper API returned 9 results.
2026-05-17 23:26:55.280 | INFO     | app.agents.youtube_agent.youtube_agent:run_youtube_agent:49 - Fetching transcript for video: These Laptops Are Built Like a Tank! Ft Asus ExpertBook P-Series
2026-05-17 23:26:55.281 | WARNING  | app.agents.youtube_agent.transcript_extractor:extract_and_clean_transcript:35 - Transcript extraction failed for video 2ZXBYfRkH_c: type object 'YouTubeTranscriptApi' has no attribute 'list_transcripts'
2026-05-17 23:26:55.282 | INFO     | app.agents.youtube_agent.youtube_agent:run_youtube_agent:49 - Fetching transcript for video: Windows vs Macbook Gaming , Video Editing , Coding & Students ...
2026-05-17 23:26:55.282 | WARNING  | app.agents.youtube_agent.transcript_extractor:extract_and_clean_transcript:35 - Transcript extraction failed for video 2OyvJx0CyiA: type object 'YouTubeTranscriptApi' has no attribute 'list_transcripts'
2026-05-17 23:26:55.283 | INFO     | app.agents.youtube_agent.youtube_agent:run_youtube_agent:49 - Fetching transcript for video: ₹30K to ₹100K: Best Laptops for Coding, Editing & College Life
2026-05-17 23:26:55.283 | WARNING  | app.agents.youtube_agent.transcript_extractor:extract_and_clean_transcript:35 - Transcript extraction failed for video MIoOtK9ORkc: type object 'YouTubeTranscriptApi' has no attribute 'list_transcripts'
2026-05-17 23:26:55.284 | INFO     | app.main:event_stream:110 - Agent Activity — youtube: agent_complete — Analyzed 0 YouTube videos
2026-05-17 23:26:55.982 | INFO     | app.agents.reddit_agent.reddit_agent:run_reddit_agent:106 - Fetching thread: indian youtubers for laptop reviews : r/IndianGaming - Reddit
2026-05-17 23:26:56.947 | INFO     | app.agents.reddit_agent.reddit_agent:run_reddit_agent:106 - Fetching thread: What laptop brand has better after sales service? : r/IndianGaming
2026-05-17 23:26:58.738 | INFO     | app.agents.reddit_agent.reddit_agent:run_reddit_agent:106 - Fetching thread: LAPTOP REVIEW : r/GadgetsIndia - Reddit
2026-05-17 23:27:00.272 | INFO     | app.main:event_stream:110 - Agent Activity — reddit: agent_complete — Analyzed 3 Reddit threads
2026-05-17 23:27:06.633 | DEBUG    | app.agents.market_agent:run_market_agent:108 - Market chain raw response: ```json
{
  "products": [
    {
      "name": "HP OmniBook Ultra AMD Ryzen AI 9 HX 375 Next Gen AI Laptop,(32GB-LPDDR5X Ram,1TB SSD)2.2k",
      "brand": "HP",
      "model": "OmniBook Ultra",
      "price": 1500000,
      "currency": "INR",
      "platform": "Amazon",
      "specs": {},
      "rati
2026-05-17 23:27:07.757 | INFO     | app.main:event_stream:110 - Agent Activity — market: agent_complete — Found 2 products
2026-05-17 23:27:07.760 | INFO     | app.main:event_stream:110 - Agent Activity — system: token — 
2026-05-17 23:27:07.761 | INFO     | app.main:event_stream:110 - Agent Activity — system: token — 
2026-05-17 23:27:07.762 | INFO     | app.main:event_stream:110 - Agent Activity — system: token — 
2026-05-17 23:27:07.763 | INFO     | app.main:event_stream:110 - Agent Activity — system: token — 
2026-05-17 23:27:07.764 | INFO     | app.main:event_stream:110 - Agent Activity — system: token — 
2026-05-17 23:27:07.766 | INFO     | app.main:event_stream:110 - Agent Activity — system: token — 
2026-05-17 23:27:07.767 | INFO     | app.main:event_stream:110 - Agent Activity — system: token — 
2026-05-17 23:27:07.768 | INFO     | app.main:event_stream:110 - Agent Activity — system: token — 
2026-05-17 23:27:07.769 | INFO     | app.main:event_stream:110 - Agent Activity — system: token — 
2026-05-17 23:27:07.770 | INFO     | app.main:event_stream:110 - Agent Activity — system: token — 
2026-05-17 23:27:07.772 | INFO     | app.main:event_stream:110 - Agent Activity — system: token — 
2026-05-17 23:27:07.775 | INFO     | app.main:event_stream:110 - Agent Activity — system: token — 
2026-05-17 23:27:07.778 | INFO     | app.main:event_stream:110 - Agent Activity — system: token — 
2026-05-17 23:27:07.780 | INFO     | app.main:event_stream:110 - Agent Activity — system: token — 
2026-05-17 23:27:07.782 | INFO     | app.main:event_stream:110 - Agent Activity — system: token — 
2026-05-17 23:27:07.785 | INFO     | app.main:event_stream:110 - Agent Activity — system: token — 
2026-05-17 23:27:07.793 | INFO     | app.main:event_stream:110 - Agent Activity — system: token — 
2026-05-17 23:27:07.796 | INFO     | app.main:event_stream:110 - Agent Activity — system: token — 
2026-05-17 23:27:07.799 | INFO     | app.main:event_stream:110 - Agent Activity — system: token — 
2026-05-17 23:27:07.801 | INFO     | app.main:event_stream:110 - Agent Activity — system: token — 
2026-05-17 23:27:07.802 | INFO     | app.main:event_stream:110 - Agent Activity — system: token — 
2026-05-17 23:27:07.803 | INFO     | app.main:event_stream:110 - Agent Activity — system: token — 
2026-05-17 23:27:07.804 | INFO     | app.main:event_stream:110 - Agent Activity — system: token — 
2026-05-17 23:27:07.806 | INFO     | app.main:event_stream:110 - Agent Activity — system: token — 
2026-05-17 23:27:07.808 | INFO     | app.main:event_stream:110 - Agent Activity — system: token — 
2026-05-17 23:27:07.809 | INFO     | app.main:event_stream:110 - Agent Activity — system: token — 
2026-05-17 23:27:07.811 | INFO     | app.main:event_stream:110 - Agent Activity — system: token — 
2026-05-17 23:27:07.812 | INFO     | app.main:event_stream:110 - Agent Activity — system: token — 
2026-05-17 23:27:07.814 | INFO     | app.main:event_stream:110 - Agent Activity — system: token — 
2026-05-17 23:27:07.816 | INFO     | app.main:event_stream:110 - Agent Activity — system: token — 
2026-05-17 23:27:07.817 | INFO     | app.main:event_stream:110 - Agent Activity — system: token — 
2026-05-17 23:27:07.818 | INFO     | app.main:event_stream:110 - Agent Activity — system: token — 
2026-05-17 23:27:07.819 | INFO     | app.main:event_stream:110 - Agent Activity — system: token — 
2026-05-17 23:27:07.819 | INFO     | app.main:event_stream:110 - Agent Activity — system: token — 
2026-05-17 23:27:07.820 | INFO     | app.main:event_stream:110 - Agent Activity — system: token — 
2026-05-17 23:27:07.821 | INFO     | app.main:event_stream:110 - Agent Activity — system: token — 
2026-05-17 23:27:07.822 | INFO     | app.main:event_stream:110 - Agent Activity — system: token — 
2026-05-17 23:27:07.823 | INFO     | app.main:event_stream:110 - Agent Activity — system: token — 
2026-05-17 23:27:07.824 | INFO     | app.main:event_stream:110 - Agent Activity — system: token — 
2026-05-17 23:27:07.825 | INFO     | app.main:event_stream:110 - Agent Activity — system: token — 
2026-05-17 23:27:07.827 | INFO     | app.main:event_stream:110 - Agent Activity — system: token — 
2026-05-17 23:27:07.829 | INFO     | app.main:event_stream:110 - Agent Activity — system: token — 
2026-05-17 23:27:07.830 | INFO     | app.main:event_stream:110 - Agent Activity — system: token — 
2026-05-17 23:27:07.831 | INFO     | app.main:event_stream:110 - Agent Activity — system: token — 
2026-05-17 23:27:07.832 | INFO     | app.main:event_stream:110 - Agent Activity — system: token — 
2026-05-17 23:27:07.833 | INFO     | app.main:event_stream:110 - Agent Activity — system: token — 
2026-05-17 23:27:07.834 | INFO     | app.main:event_stream:110 - Agent Activity — system: token — 
2026-05-17 23:27:07.835 | INFO     | app.main:event_stream:110 - Agent Activity — system: token — 
2026-05-17 23:27:07.836 | INFO     | app.main:event_stream:110 - Agent Activity — system: token — 
2026-05-17 23:27:07.836 | INFO     | app.main:event_stream:110 - Agent Activity — system: token — 
2026-05-17 23:27:07.837 | INFO     | app.main:event_stream:110 - Agent Activity — system: token — 
2026-05-17 23:27:07.842 | INFO     | app.main:event_stream:110 - Agent Activity — system: token — 
2026-05-17 23:27:07.845 | INFO     | app.main:event_stream:110 - Agent Activity — system: token — 
2026-05-17 23:27:07.852 | INFO     | app.main:event_stream:110 - Agent Activity — system: token — 
2026-05-17 23:27:07.855 | INFO     | app.main:event_stream:110 - Agent Activity — system: token — 
2026-05-17 23:27:07.858 | INFO     | app.main:event_stream:110 - Agent Activity — system: token — 
2026-05-17 23:27:07.859 | INFO     | app.main:event_stream:110 - Agent Activity — system: token — 
2026-05-17 23:27:07.861 | INFO     | app.main:event_stream:110 - Agent Activity — system: token — 
2026-05-17 23:27:07.862 | INFO     | app.main:event_stream:110 - Agent Activity — system: token — 
2026-05-17 23:27:07.863 | INFO     | app.main:event_stream:110 - Agent Activity — system: token — 
2026-05-17 23:27:07.864 | INFO     | app.main:event_stream:110 - Agent Activity — system: token — 
2026-05-17 23:27:07.866 | INFO     | app.main:event_stream:110 - Agent Activity — system: token — 
2026-05-17 23:27:07.866 | INFO     | app.main:event_stream:110 - Agent Activity — system: token — 
2026-05-17 23:27:07.867 | INFO     | app.main:event_stream:110 - Agent Activity — system: token — 
2026-05-17 23:27:07.869 | INFO     | app.main:event_stream:110 - Agent Activity — system: token — 
2026-05-17 23:27:07.870 | INFO     | app.main:event_stream:110 - Agent Activity — system: token — 
2026-05-17 23:27:07.871 | INFO     | app.main:event_stream:110 - Agent Activity — system: token — 
2026-05-17 23:27:07.872 | INFO     | app.main:event_stream:110 - Agent Activity — system: token — 
2026-05-17 23:27:07.873 | INFO     | app.main:event_stream:110 - Agent Activity — system: token — 
2026-05-17 23:27:07.874 | INFO     | app.main:event_stream:110 - Agent Activity — system: token — 
2026-05-17 23:27:07.875 | INFO     | app.main:event_stream:110 - Agent Activity — system: token — 
2026-05-17 23:27:07.877 | INFO     | app.main:event_stream:110 - Agent Activity — system: token — 
2026-05-17 23:27:07.878 | INFO     | app.main:event_stream:110 - Agent Activity — system: token — 
2026-05-17 23:27:07.879 | INFO     | app.main:event_stream:110 - Agent Activity — system: token — 
2026-05-17 23:27:07.880 | INFO     | app.main:event_stream:110 - Agent Activity — system: token — 
2026-05-17 23:27:07.881 | INFO     | app.main:event_stream:110 - Agent Activity — system: token — 
2026-05-17 23:27:07.882 | INFO     | app.main:event_stream:110 - Agent Activity — system: token — 
2026-05-17 23:27:07.883 | INFO     | app.main:event_stream:110 - Agent Activity — system: token — 
2026-05-17 23:27:07.883 | INFO     | app.main:event_stream:110 - Agent Activity — system: token — 
2026-05-17 23:27:07.885 | INFO     | app.main:event_stream:110 - Agent Activity — system: token — 
2026-05-17 23:27:07.886 | INFO     | app.main:event_stream:110 - Agent Activity — system: token — 
2026-05-17 23:27:07.887 | INFO     | app.main:event_stream:110 - Agent Activity — system: token — 
2026-05-17 23:27:07.888 | INFO     | app.main:event_stream:110 - Agent Activity — system: token — 
2026-05-17 23:27:07.891 | INFO     | app.main:event_stream:110 - Agent Activity — system: token — 
2026-05-17 23:27:07.905 | INFO     | app.main:event_stream:110 - Agent Activity — system: token — 
2026-05-17 23:27:07.916 | INFO     | app.main:event_stream:110 - Agent Activity — system: token — 
2026-05-17 23:27:07.918 | INFO     | app.main:event_stream:110 - Agent Activity — system: token — 
2026-05-17 23:27:07.921 | INFO     | app.main:event_stream:110 - Agent Activity — system: token — 
2026-05-17 23:27:07.922 | INFO     | app.main:event_stream:110 - Agent Activity — system: token — 
2026-05-17 23:27:07.923 | INFO     | app.main:event_stream:110 - Agent Activity — system: token — 
2026-05-17 23:27:07.925 | INFO     | app.main:event_stream:110 - Agent Activity — system: token — 
2026-05-17 23:27:07.927 | INFO     | app.main:event_stream:110 - Agent Activity — system: token — 
2026-05-17 23:27:07.930 | INFO     | app.main:event_stream:110 - Agent Activity — system: token — 
2026-05-17 23:27:07.932 | INFO     | app.main:event_stream:110 - Agent Activity — system: token — 
2026-05-17 23:27:07.933 | INFO     | app.main:event_stream:110 - Agent Activity — system: token — 
2026-05-17 23:27:07.935 | INFO     | app.main:event_stream:110 - Agent Activity — system: token — 
2026-05-17 23:27:07.935 | INFO     | app.main:event_stream:110 - Agent Activity — system: token — 
2026-05-17 23:27:07.936 | INFO     | app.main:event_stream:110 - Agent Activity — system: token — 
2026-05-17 23:27:07.937 | INFO     | app.main:event_stream:110 - Agent Activity — system: token — 
2026-05-17 23:27:07.938 | INFO     | app.main:event_stream:110 - Agent Activity — system: token — 
2026-05-17 23:27:07.940 | INFO     | app.main:event_stream:110 - Agent Activity — system: token — 
2026-05-17 23:27:07.942 | INFO     | app.main:event_stream:110 - Agent Activity — system: token — 
2026-05-17 23:27:07.944 | INFO     | app.main:event_stream:110 - Agent Activity — system: token — 
2026-05-17 23:27:07.945 | INFO     | app.main:event_stream:110 - Agent Activity — system: token — 
2026-05-17 23:27:07.946 | INFO     | app.main:event_stream:110 - Agent Activity — system: token — 
2026-05-17 23:27:07.947 | INFO     | app.main:event_stream:110 - Agent Activity — system: token — 
2026-05-17 23:27:07.948 | INFO     | app.main:event_stream:110 - Agent Activity — system: token — 
2026-05-17 23:27:07.948 | INFO     | app.main:event_stream:110 - Agent Activity — system: token — 
2026-05-17 23:27:07.949 | INFO     | app.main:event_stream:110 - Agent Activity — system: token — 
2026-05-17 23:27:07.951 | INFO     | app.main:event_stream:110 - Agent Activity — system: token — 
2026-05-17 23:27:07.952 | INFO     | app.main:event_stream:110 - Agent Activity — system: token — 
2026-05-17 23:27:07.952 | INFO     | app.main:event_stream:110 - Agent Activity — system: token — 
2026-05-17 23:27:07.953 | INFO     | app.main:event_stream:110 - Agent Activity — system: token — 
2026-05-17 23:27:07.955 | INFO     | app.main:event_stream:110 - Agent Activity — system: token — 
2026-05-17 23:27:07.958 | INFO     | app.main:event_stream:110 - Agent Activity — system: token — 
2026-05-17 23:27:07.967 | INFO     | app.main:event_stream:110 - Agent Activity — system: token — 
2026-05-17 23:27:07.969 | INFO     | app.main:event_stream:110 - Agent Activity — system: token — 
2026-05-17 23:27:07.971 | INFO     | app.main:event_stream:110 - Agent Activity — system: token — 
2026-05-17 23:27:07.972 | INFO     | app.main:event_stream:110 - Agent Activity — system: token — 
2026-05-17 23:27:07.974 | INFO     | app.main:event_stream:110 - Agent Activity — system: token — 
2026-05-17 23:27:07.976 | INFO     | app.main:event_stream:110 - Agent Activity — system: token — 
2026-05-17 23:27:07.979 | INFO     | app.main:event_stream:110 - Agent Activity — system: token — 
2026-05-17 23:27:07.981 | INFO     | app.main:event_stream:110 - Agent Activity — system: token — 
2026-05-17 23:27:07.982 | INFO     | app.main:event_stream:110 - Agent Activity — system: token — 
2026-05-17 23:27:07.983 | INFO     | app.main:event_stream:110 - Agent Activity — system: token — 
2026-05-17 23:27:07.984 | INFO     | app.main:event_stream:110 - Agent Activity — system: token — 
2026-05-17 23:27:07.985 | INFO     | app.main:event_stream:110 - Agent Activity — system: token — 
2026-05-17 23:27:07.986 | INFO     | app.main:event_stream:110 - Agent Activity — system: token — 
2026-05-17 23:27:07.986 | INFO     | app.main:event_stream:110 - Agent Activity — system: token — 
2026-05-17 23:27:07.987 | INFO     | app.main:event_stream:110 - Agent Activity — system: token — 
2026-05-17 23:27:07.988 | INFO     | app.main:event_stream:110 - Agent Activity — system: token — 
2026-05-17 23:27:07.989 | INFO     | app.main:event_stream:110 - Agent Activity — system: token — 
2026-05-17 23:27:07.990 | INFO     | app.main:event_stream:110 - Agent Activity — system: token — 
2026-05-17 23:27:07.991 | INFO     | app.main:event_stream:110 - Agent Activity — system: token — 
2026-05-17 23:27:07.993 | INFO     | app.main:event_stream:110 - Agent Activity — system: token — 
2026-05-17 23:27:07.996 | INFO     | app.main:event_stream:110 - Agent Activity — system: token — 
2026-05-17 23:27:07.998 | INFO     | app.main:event_stream:110 - Agent Activity — system: token — 
2026-05-17 23:27:07.999 | INFO     | app.main:event_stream:110 - Agent Activity — system: token — 
2026-05-17 23:27:08.000 | INFO     | app.main:event_stream:110 - Agent Activity — system: token — 
2026-05-17 23:27:08.002 | INFO     | app.main:event_stream:110 - Agent Activity — system: token — 
2026-05-17 23:27:08.003 | INFO     | app.main:event_stream:110 - Agent Activity — system: token — 
2026-05-17 23:27:08.004 | INFO     | app.main:event_stream:110 - Agent Activity — system: token — 
2026-05-17 23:27:08.005 | INFO     | app.main:event_stream:110 - Agent Activity — system: token — 
2026-05-17 23:27:08.006 | INFO     | app.main:event_stream:110 - Agent Activity — system: token — 
2026-05-17 23:27:08.007 | INFO     | app.main:event_stream:110 - Agent Activity — system: token — 
2026-05-17 23:27:08.009 | INFO     | app.main:event_stream:110 - Agent Activity — system: token — 
2026-05-17 23:27:08.014 | INFO     | app.main:event_stream:110 - Agent Activity — system: token — 
2026-05-17 23:27:08.016 | INFO     | app.main:event_stream:110 - Agent Activity — system: token — 
2026-05-17 23:27:08.017 | INFO     | app.main:event_stream:110 - Agent Activity — system: token — 
2026-05-17 23:27:08.018 | INFO     | app.main:event_stream:110 - Agent Activity — system: token — 
2026-05-17 23:27:08.019 | INFO     | app.main:event_stream:110 - Agent Activity — system: token — 
2026-05-17 23:27:08.020 | INFO     | app.main:event_stream:110 - Agent Activity — system: token — 
2026-05-17 23:27:08.021 | INFO     | app.main:event_stream:110 - Agent Activity — system: token — 
2026-05-17 23:27:08.035 | INFO     | app.main:event_stream:110 - Agent Activity — system: token — 
2026-05-17 23:27:08.037 | INFO     | app.main:event_stream:110 - Agent Activity — system: token — 
2026-05-17 23:27:08.039 | INFO     | app.main:event_stream:110 - Agent Activity — system: token — 
2026-05-17 23:27:08.040 | INFO     | app.main:event_stream:110 - Agent Activity — system: token — 
2026-05-17 23:27:08.042 | INFO     | app.main:event_stream:110 - Agent Activity — system: token — 
2026-05-17 23:27:08.045 | INFO     | app.main:event_stream:110 - Agent Activity — system: token — 
2026-05-17 23:27:08.048 | INFO     | app.main:event_stream:110 - Agent Activity — system: token — 
2026-05-17 23:27:08.050 | INFO     | app.main:event_stream:110 - Agent Activity — system: token — 
2026-05-17 23:27:08.052 | INFO     | app.main:event_stream:110 - Agent Activity — system: token — 
2026-05-17 23:27:08.053 | INFO     | app.main:event_stream:110 - Agent Activity — system: token — 
2026-05-17 23:27:08.054 | INFO     | app.main:event_stream:110 - Agent Activity — system: token — 
2026-05-17 23:27:08.054 | INFO     | app.main:event_stream:110 - Agent Activity — system: token — 
2026-05-17 23:27:08.055 | INFO     | app.main:event_stream:110 - Agent Activity — system: token — 
2026-05-17 23:27:08.056 | INFO     | app.main:event_stream:110 - Agent Activity — system: token — 
2026-05-17 23:27:08.058 | INFO     | app.main:event_stream:110 - Agent Activity — system: token — 
2026-05-17 23:27:08.060 | INFO     | app.main:event_stream:110 - Agent Activity — system: token — 
2026-05-17 23:27:08.062 | INFO     | app.main:event_stream:110 - Agent Activity — system: token — 
2026-05-17 23:27:08.063 | INFO     | app.main:event_stream:110 - Agent Activity — system: token — 
2026-05-17 23:27:08.064 | INFO     | app.main:event_stream:110 - Agent Activity — system: token — 
2026-05-17 23:27:08.065 | INFO     | app.main:event_stream:110 - Agent Activity — system: token — 
2026-05-17 23:27:08.066 | INFO     | app.main:event_stream:110 - Agent Activity — system: token — 
2026-05-17 23:27:08.067 | INFO     | app.main:event_stream:110 - Agent Activity — system: token — 
2026-05-17 23:27:08.067 | INFO     | app.main:event_stream:110 - Agent Activity — system: token — 
2026-05-17 23:27:08.068 | INFO     | app.main:event_stream:110 - Agent Activity — system: token — 
2026-05-17 23:27:08.069 | INFO     | app.main:event_stream:110 - Agent Activity — system: token — 
2026-05-17 23:27:08.070 | INFO     | app.main:event_stream:110 - Agent Activity — system: token — 
2026-05-17 23:27:08.071 | INFO     | app.main:event_stream:110 - Agent Activity — system: token — 
2026-05-17 23:27:08.073 | INFO     | app.main:event_stream:110 - Agent Activity — system: token — 
2026-05-17 23:27:08.076 | INFO     | app.main:event_stream:110 - Agent Activity — system: token — 
2026-05-17 23:27:08.078 | INFO     | app.main:event_stream:110 - Agent Activity — system: token — 
2026-05-17 23:27:08.081 | INFO     | app.main:event_stream:110 - Agent Activity — system: token — 
2026-05-17 23:27:08.083 | INFO     | app.main:event_stream:110 - Agent Activity — system: token — 
2026-05-17 23:27:08.086 | INFO     | app.main:event_stream:110 - Agent Activity — system: token — 
2026-05-17 23:27:08.088 | INFO     | app.main:event_stream:110 - Agent Activity — system: token — 
2026-05-17 23:27:08.089 | INFO     | app.main:event_stream:110 - Agent Activity — system: token — 
2026-05-17 23:27:08.092 | INFO     | app.main:event_stream:110 - Agent Activity — system: token — 
2026-05-17 23:27:08.095 | INFO     | app.main:event_stream:110 - Agent Activity — system: token — 
2026-05-17 23:27:08.096 | INFO     | app.main:event_stream:110 - Agent Activity — system: token — 
2026-05-17 23:27:08.097 | INFO     | app.main:event_stream:110 - Agent Activity — system: token — 
2026-05-17 23:27:08.098 | INFO     | app.main:event_stream:110 - Agent Activity — system: token — 
2026-05-17 23:27:08.099 | INFO     | app.main:event_stream:110 - Agent Activity — system: token — 
2026-05-17 23:27:08.100 | INFO     | app.main:event_stream:110 - Agent Activity — system: token — 
2026-05-17 23:27:08.101 | INFO     | app.main:event_stream:110 - Agent Activity — system: token — 
2026-05-17 23:27:08.102 | INFO     | app.main:event_stream:110 - Agent Activity — system: token — 
2026-05-17 23:27:08.103 | INFO     | app.main:event_stream:110 - Agent Activity — system: token — 
2026-05-17 23:27:08.103 | INFO     | app.main:event_stream:110 - Agent Activity — system: token — 
2026-05-17 23:27:08.104 | INFO     | app.main:event_stream:110 - Agent Activity — system: token — 
2026-05-17 23:27:08.105 | INFO     | app.main:event_stream:110 - Agent Activity — system: token — 
2026-05-17 23:27:08.106 | INFO     | app.main:event_stream:110 - Agent Activity — system: token — 
2026-05-17 23:27:08.107 | INFO     | app.main:event_stream:110 - Agent Activity — system: token — 
2026-05-17 23:27:08.109 | INFO     | app.main:event_stream:110 - Agent Activity — system: token — 
2026-05-17 23:27:08.112 | INFO     | app.main:event_stream:110 - Agent Activity — system: token — 
2026-05-17 23:27:08.114 | INFO     | app.main:event_stream:110 - Agent Activity — system: token — 
2026-05-17 23:27:08.116 | INFO     | app.main:event_stream:110 - Agent Activity — system: token — 
2026-05-17 23:27:08.118 | INFO     | app.main:event_stream:110 - Agent Activity — system: token — 
2026-05-17 23:27:08.120 | INFO     | app.main:event_stream:110 - Agent Activity — system: token — 
2026-05-17 23:27:08.121 | INFO     | app.main:event_stream:110 - Agent Activity — system: token — 
2026-05-17 23:27:08.121 | INFO     | app.main:event_stream:110 - Agent Activity — system: token — 
2026-05-17 23:27:08.122 | INFO     | app.main:event_stream:110 - Agent Activity — system: token — 
2026-05-17 23:27:08.123 | INFO     | app.main:event_stream:110 - Agent Activity — system: token — 
2026-05-17 23:27:08.124 | INFO     | app.main:event_stream:110 - Agent Activity — system: token — 
2026-05-17 23:27:08.126 | INFO     | app.main:event_stream:110 - Agent Activity — system: token — 
2026-05-17 23:27:08.127 | INFO     | app.main:event_stream:110 - Agent Activity — system: token — 
2026-05-17 23:27:08.129 | INFO     | app.main:event_stream:110 - Agent Activity — system: token — 
2026-05-17 23:27:08.130 | INFO     | app.main:event_stream:110 - Agent Activity — system: token — 
2026-05-17 23:27:08.131 | INFO     | app.main:event_stream:110 - Agent Activity — system: token — 
2026-05-17 23:27:08.132 | INFO     | app.main:event_stream:110 - Agent Activity — system: token — 
2026-05-17 23:27:08.133 | INFO     | app.main:event_stream:110 - Agent Activity — system: token — 
2026-05-17 23:27:08.134 | INFO     | app.main:event_stream:110 - Agent Activity — system: token — 
2026-05-17 23:27:08.151 | INFO     | app.main:event_stream:110 - Agent Activity — system: token — 
2026-05-17 23:27:08.154 | INFO     | app.main:event_stream:110 - Agent Activity — system: token — 
2026-05-17 23:27:08.157 | INFO     | app.main:event_stream:110 - Agent Activity — system: token — 
2026-05-17 23:27:08.159 | INFO     | app.main:event_stream:110 - Agent Activity — system: token — 
2026-05-17 23:27:08.162 | INFO     | app.main:event_stream:110 - Agent Activity — system: token — 
2026-05-17 23:27:08.164 | INFO     | app.main:event_stream:110 - Agent Activity — system: token — 
2026-05-17 23:27:08.165 | INFO     | app.main:event_stream:110 - Agent Activity — system: token — 
2026-05-17 23:27:08.165 | INFO     | app.main:event_stream:110 - Agent Activity — system: token — 
2026-05-17 23:27:08.166 | INFO     | app.main:event_stream:110 - Agent Activity — system: token — 
2026-05-17 23:27:08.167 | INFO     | app.main:event_stream:110 - Agent Activity — system: token — 
2026-05-17 23:27:08.168 | INFO     | app.main:event_stream:110 - Agent Activity — system: token — 
2026-05-17 23:27:08.169 | INFO     | app.main:event_stream:110 - Agent Activity — system: token — 
2026-05-17 23:27:08.169 | INFO     | app.main:event_stream:110 - Agent Activity — system: token — 
2026-05-17 23:27:08.170 | INFO     | app.main:event_stream:110 - Agent Activity — system: token — 
2026-05-17 23:27:08.171 | INFO     | app.main:event_stream:110 - Agent Activity — system: token — 
2026-05-17 23:27:08.171 | INFO     | app.main:event_stream:110 - Agent Activity — system: token — 
2026-05-17 23:27:08.172 | INFO     | app.main:event_stream:110 - Agent Activity — system: token — 
2026-05-17 23:27:08.174 | INFO     | app.main:event_stream:110 - Agent Activity — system: token — 
2026-05-17 23:27:08.176 | INFO     | app.main:event_stream:110 - Agent Activity — system: token — 
2026-05-17 23:27:08.177 | INFO     | app.main:event_stream:110 - Agent Activity — system: token — 
2026-05-17 23:27:08.181 | INFO     | app.main:event_stream:110 - Agent Activity — system: token — 
2026-05-17 23:27:08.182 | INFO     | app.main:event_stream:110 - Agent Activity — system: token — 
2026-05-17 23:27:08.183 | INFO     | app.main:event_stream:110 - Agent Activity — system: token — 
2026-05-17 23:27:08.183 | INFO     | app.main:event_stream:110 - Agent Activity — system: token — 
2026-05-17 23:27:08.184 | INFO     | app.main:event_stream:110 - Agent Activity — system: token — 
2026-05-17 23:27:08.185 | INFO     | app.main:event_stream:110 - Agent Activity — system: token — 
2026-05-17 23:27:08.186 | INFO     | app.main:event_stream:110 - Agent Activity — system: token — 
2026-05-17 23:27:08.187 | INFO     | app.main:event_stream:110 - Agent Activity — system: token — 
2026-05-17 23:27:08.189 | INFO     | app.main:event_stream:110 - Agent Activity — system: token — 
2026-05-17 23:27:08.191 | INFO     | app.main:event_stream:110 - Agent Activity — system: token — 
2026-05-17 23:27:08.198 | INFO     | app.main:event_stream:110 - Agent Activity — system: token — 
2026-05-17 23:27:08.201 | INFO     | app.main:event_stream:110 - Agent Activity — system: token — 
2026-05-17 23:27:08.202 | INFO     | app.main:event_stream:110 - Agent Activity — system: token — 
2026-05-17 23:27:08.203 | INFO     | app.main:event_stream:110 - Agent Activity — system: token — 
2026-05-17 23:27:08.204 | INFO     | app.main:event_stream:110 - Agent Activity — system: token — 
2026-05-17 23:27:08.205 | INFO     | app.main:event_stream:110 - Agent Activity — system: token — 
2026-05-17 23:27:08.206 | INFO     | app.main:event_stream:110 - Agent Activity — system: token — 
2026-05-17 23:27:08.207 | INFO     | app.main:event_stream:110 - Agent Activity — system: token — 
2026-05-17 23:27:08.210 | INFO     | app.main:event_stream:110 - Agent Activity — system: token — 
2026-05-17 23:27:08.211 | INFO     | app.main:event_stream:110 - Agent Activity — system: token — 
2026-05-17 23:27:08.212 | INFO     | app.main:event_stream:110 - Agent Activity — system: token — 
2026-05-17 23:27:08.213 | INFO     | app.main:event_stream:110 - Agent Activity — system: token — 
2026-05-17 23:27:08.214 | INFO     | app.main:event_stream:110 - Agent Activity — system: token — 
2026-05-17 23:27:08.214 | INFO     | app.main:event_stream:110 - Agent Activity — system: final_result — Research complete! See the dashboard for details.
2026-05-17 23:27:08.216 | INFO     | app.main:event_stream:110 - Agent Activity — system: done — 
2026-05-17 23:41:22.716 | INFO     | app.main:chat:86 - User queried: Best coding laptops with 32GB RAM
2026-05-17 23:41:22.718 | INFO     | app.main:event_stream:110 - Agent Activity — intent: agent_start — Understanding your requirements...
2026-05-17 23:41:22.725 | INFO     | app.agents.graph:intent_node:28 - Graph: Running intent node
2026-05-17 23:41:26.146 | DEBUG    | app.agents.intent_agent:run_intent_agent:58 - Intent chain raw response: {
  "product_category": "laptop",
  "product_name": null,
  "specifications": ["32GB RAM"],
  "budget_range": {"min_price": 0, "max_price": 999999, "currency": "INR"},
  "usage_context": "general",
  "brand_preferences": [],
  "urgency": "can_wait",
  "is_specific_product": false,
  "is_complete": f
2026-05-17 23:41:26.148 | INFO     | app.agents.intent_agent:run_intent_agent:63 - Intent extracted: category=laptop, specific=False, complete=False, confidence=0.8
2026-05-17 23:41:26.159 | INFO     | app.main:event_stream:110 - Agent Activity — intent: agent_complete — Identified: laptop
2026-05-17 23:41:26.162 | INFO     | app.main:event_stream:110 - Agent Activity — intent: followup_needed — I need a bit more info: What is your budget for the laptop?
2026-05-17 23:41:26.166 | INFO     | app.main:event_stream:110 - Agent Activity — system: token — 
2026-05-17 23:41:26.171 | INFO     | app.main:event_stream:110 - Agent Activity — system: token — 
2026-05-17 23:41:26.178 | INFO     | app.main:event_stream:110 - Agent Activity — system: token — 
2026-05-17 23:41:26.181 | INFO     | app.main:event_stream:110 - Agent Activity — system: token — 
2026-05-17 23:41:26.183 | INFO     | app.main:event_stream:110 - Agent Activity — system: token — 
2026-05-17 23:41:26.195 | INFO     | app.main:event_stream:110 - Agent Activity — system: token — 
2026-05-17 23:41:26.198 | INFO     | app.main:event_stream:110 - Agent Activity — system: token — 
2026-05-17 23:41:26.199 | INFO     | app.main:event_stream:110 - Agent Activity — system: token — 
2026-05-17 23:41:26.200 | INFO     | app.main:event_stream:110 - Agent Activity — system: token — 
2026-05-17 23:41:26.202 | INFO     | app.main:event_stream:110 - Agent Activity — system: token — 
2026-05-17 23:41:26.203 | INFO     | app.main:event_stream:110 - Agent Activity — system: token — 
2026-05-17 23:41:26.205 | INFO     | app.main:event_stream:110 - Agent Activity — system: token — 
2026-05-17 23:41:26.206 | INFO     | app.main:event_stream:110 - Agent Activity — system: done — 
2026-05-17 23:41:58.131 | INFO     | app.main:chat:86 - User queried: 170000
2026-05-17 23:41:58.145 | INFO     | app.main:event_stream:110 - Agent Activity — intent: agent_start — Understanding your requirements...
2026-05-17 23:41:58.219 | INFO     | app.agents.graph:intent_node:28 - Graph: Running intent node
2026-05-17 23:42:05.380 | DEBUG    | app.agents.intent_agent:run_intent_agent:58 - Intent chain raw response: {
  "product_category": "laptop",
  "product_name": null,
  "specifications": ["32GB RAM"],
  "budget_range": {"min_price": 170000, "max_price": 170000, "currency": "INR"},
  "usage_context": "general",
  "brand_preferences": [],
  "urgency": "can_wait",
  "is_specific_product": false,
  "is_complet
2026-05-17 23:42:05.382 | INFO     | app.agents.intent_agent:run_intent_agent:63 - Intent extracted: category=laptop, specific=False, complete=True, confidence=1.0
2026-05-17 23:42:05.395 | INFO     | app.main:event_stream:110 - Agent Activity — intent: agent_complete — Identified: laptop
2026-05-17 23:42:05.404 | INFO     | app.main:event_stream:110 - Agent Activity — market: agent_start — Searching across platforms...
2026-05-17 23:42:05.412 | INFO     | app.main:event_stream:110 - Agent Activity — reddit: agent_start — Scanning Reddit discussions...
2026-05-17 23:42:05.421 | INFO     | app.main:event_stream:110 - Agent Activity — youtube: agent_start — Analyzing YouTube reviews...
2026-05-17 23:42:05.433 | INFO     | app.agents.graph:market_node:43 - Graph: Running market node
2026-05-17 23:42:05.436 | INFO     | app.agents.market_agent:run_market_agent:69 - Market agent searching: 'laptop 32GB RAM under 170000 INR India buy'
2026-05-17 23:42:05.439 | INFO     | app.services.search_service:search_products:43 - Searching products via Serper API: laptop 32GB RAM under 170000 INR India buy
2026-05-17 23:42:05.467 | INFO     | app.agents.graph:reddit_node:57 - Graph: Running reddit node
2026-05-17 23:42:05.501 | INFO     | app.agents.reddit_agent.reddit_agent:run_reddit_agent:98 - Reddit Agent: Searching ['GadgetsIndia', 'IndianGaming', 'LaptopDealsIndia'] for 'laptop review India'
2026-05-17 23:42:05.508 | INFO     | app.agents.graph:youtube_node:69 - Graph: Running youtube node
2026-05-17 23:42:05.518 | INFO     | app.agents.youtube_agent.youtube_agent:run_youtube_agent:38 - YouTube Agent: Searching for 'laptop' from trusted channels
2026-05-17 23:42:12.914 | INFO     | app.services.search_service:search_products:90 - Serper API returned 10 results.
2026-05-17 23:42:16.247 | INFO     | app.agents.reddit_agent.reddit_agent:run_reddit_agent:106 - Fetching thread: indian youtubers for laptop reviews : r/IndianGaming - Reddit
2026-05-17 23:42:19.777 | INFO     | app.agents.reddit_agent.reddit_agent:run_reddit_agent:106 - Fetching thread: What laptop brand has better after sales service? : r/IndianGaming
2026-05-17 23:42:23.450 | INFO     | app.agents.reddit_agent.reddit_agent:run_reddit_agent:106 - Fetching thread: LAPTOP REVIEW : r/GadgetsIndia - Reddit
2026-05-17 23:42:25.383 | INFO     | app.agents.youtube_agent.youtube_agent:run_youtube_agent:49 - Fetching transcript for video: I Bought This Budget Laptop - Testing Time ! - YouTube
2026-05-17 23:42:25.384 | WARNING  | app.agents.youtube_agent.transcript_extractor:extract_and_clean_transcript:35 - Transcript extraction failed for video Igfn6OHftwE: type object 'YouTubeTranscriptApi' has no attribute 'list_transcripts'
2026-05-17 23:42:25.385 | INFO     | app.agents.youtube_agent.youtube_agent:run_youtube_agent:49 - Fetching transcript for video: These Laptops Are Built Like a Tank! Ft Asus ExpertBook P-Series
2026-05-17 23:42:25.385 | WARNING  | app.agents.youtube_agent.transcript_extractor:extract_and_clean_transcript:35 - Transcript extraction failed for video 2ZXBYfRkH_c: type object 'YouTubeTranscriptApi' has no attribute 'list_transcripts'
2026-05-17 23:42:25.386 | INFO     | app.agents.youtube_agent.youtube_agent:run_youtube_agent:49 - Fetching transcript for video: Asus Expertbook P1 Long-Term Review 40 Days Later - YouTube
2026-05-17 23:42:25.386 | WARNING  | app.agents.youtube_agent.transcript_extractor:extract_and_clean_transcript:35 - Transcript extraction failed for video e-mY5-5zMlc: type object 'YouTubeTranscriptApi' has no attribute 'list_transcripts'
2026-05-17 23:42:25.390 | INFO     | app.main:event_stream:110 - Agent Activity — reddit: agent_complete — Analyzed 3 Reddit threads
2026-05-17 23:42:25.392 | INFO     | app.main:event_stream:110 - Agent Activity — youtube: agent_complete — Analyzed 0 YouTube videos
2026-05-17 23:42:36.975 | DEBUG    | app.agents.market_agent:run_market_agent:108 - Market chain raw response: ```json
{
  "products": [
    {
      "name": "Dell 32gb Ram Laptop Core I7",
      "brand": "Dell",
      "model": "",
      "price": 82490,
      "currency": "INR",
      "platform": "Amazon",
      "specs": {},
      "rating": 4.0,
      "url": "https://www.amazon.in/dell-32gb-ram-laptop-core-i7/
2026-05-17 23:42:38.258 | INFO     | app.main:event_stream:110 - Agent Activity — market: agent_complete — Found 3 products
2026-05-17 23:42:38.267 | INFO     | app.main:event_stream:110 - Agent Activity — system: token — 
2026-05-17 23:42:38.271 | INFO     | app.main:event_stream:110 - Agent Activity — system: token — 
2026-05-17 23:42:38.274 | INFO     | app.main:event_stream:110 - Agent Activity — system: token — 
2026-05-17 23:42:38.278 | INFO     | app.main:event_stream:110 - Agent Activity — system: token — 
2026-05-17 23:42:38.282 | INFO     | app.main:event_stream:110 - Agent Activity — system: token — 
2026-05-17 23:42:38.290 | INFO     | app.main:event_stream:110 - Agent Activity — system: token — 
2026-05-17 23:42:38.294 | INFO     | app.main:event_stream:110 - Agent Activity — system: token — 
2026-05-17 23:42:38.299 | INFO     | app.main:event_stream:110 - Agent Activity — system: token — 
2026-05-17 23:42:38.308 | INFO     | app.main:event_stream:110 - Agent Activity — system: token — 
2026-05-17 23:42:38.314 | INFO     | app.main:event_stream:110 - Agent Activity — system: token — 
2026-05-17 23:42:38.319 | INFO     | app.main:event_stream:110 - Agent Activity — system: token — 
2026-05-17 23:42:38.325 | INFO     | app.main:event_stream:110 - Agent Activity — system: token — 
2026-05-17 23:42:38.329 | INFO     | app.main:event_stream:110 - Agent Activity — system: token — 
2026-05-17 23:42:38.332 | INFO     | app.main:event_stream:110 - Agent Activity — system: token — 
2026-05-17 23:42:38.336 | INFO     | app.main:event_stream:110 - Agent Activity — system: token — 
2026-05-17 23:42:38.341 | INFO     | app.main:event_stream:110 - Agent Activity — system: token — 
2026-05-17 23:42:38.345 | INFO     | app.main:event_stream:110 - Agent Activity — system: token — 
2026-05-17 23:42:38.365 | INFO     | app.main:event_stream:110 - Agent Activity — system: token — 
2026-05-17 23:42:38.378 | INFO     | app.main:event_stream:110 - Agent Activity — system: token — 
2026-05-17 23:42:38.382 | INFO     | app.main:event_stream:110 - Agent Activity — system: token — 
2026-05-17 23:42:38.400 | INFO     | app.main:event_stream:110 - Agent Activity — system: token — 
2026-05-17 23:42:38.415 | INFO     | app.main:event_stream:110 - Agent Activity — system: token — 
2026-05-17 23:42:38.432 | INFO     | app.main:event_stream:110 - Agent Activity — system: token — 
2026-05-17 23:42:38.450 | INFO     | app.main:event_stream:110 - Agent Activity — system: token — 
2026-05-17 23:42:38.458 | INFO     | app.main:event_stream:110 - Agent Activity — system: token — 
2026-05-17 23:42:38.462 | INFO     | app.main:event_stream:110 - Agent Activity — system: token — 
2026-05-17 23:42:38.466 | INFO     | app.main:event_stream:110 - Agent Activity — system: token — 
2026-05-17 23:42:38.472 | INFO     | app.main:event_stream:110 - Agent Activity — system: token — 
2026-05-17 23:42:38.476 | INFO     | app.main:event_stream:110 - Agent Activity — system: token — 
2026-05-17 23:42:38.481 | INFO     | app.main:event_stream:110 - Agent Activity — system: token — 
2026-05-17 23:42:38.490 | INFO     | app.main:event_stream:110 - Agent Activity — system: token — 
2026-05-17 23:42:38.495 | INFO     | app.main:event_stream:110 - Agent Activity — system: token — 
2026-05-17 23:42:38.500 | INFO     | app.main:event_stream:110 - Agent Activity — system: token — 
2026-05-17 23:42:38.507 | INFO     | app.main:event_stream:110 - Agent Activity — system: token — 
2026-05-17 23:42:38.510 | INFO     | app.main:event_stream:110 - Agent Activity — system: token — 
2026-05-17 23:42:38.514 | INFO     | app.main:event_stream:110 - Agent Activity — system: token — 
2026-05-17 23:42:38.517 | INFO     | app.main:event_stream:110 - Agent Activity — system: token — 
2026-05-17 23:42:38.522 | INFO     | app.main:event_stream:110 - Agent Activity — system: token — 
2026-05-17 23:42:38.528 | INFO     | app.main:event_stream:110 - Agent Activity — system: token — 
2026-05-17 23:42:38.532 | INFO     | app.main:event_stream:110 - Agent Activity — system: token — 
2026-05-17 23:42:38.538 | INFO     | app.main:event_stream:110 - Agent Activity — system: token — 
2026-05-17 23:42:38.548 | INFO     | app.main:event_stream:110 - Agent Activity — system: token — 
2026-05-17 23:42:38.566 | INFO     | app.main:event_stream:110 - Agent Activity — system: token — 
2026-05-17 23:42:38.574 | INFO     | app.main:event_stream:110 - Agent Activity — system: token — 
2026-05-17 23:42:38.578 | INFO     | app.main:event_stream:110 - Agent Activity — system: token — 
2026-05-17 23:42:38.582 | INFO     | app.main:event_stream:110 - Agent Activity — system: token — 
2026-05-17 23:42:38.599 | INFO     | app.main:event_stream:110 - Agent Activity — system: token — 
2026-05-17 23:42:38.607 | INFO     | app.main:event_stream:110 - Agent Activity — system: token — 
2026-05-17 23:42:38.612 | INFO     | app.main:event_stream:110 - Agent Activity — system: token — 
2026-05-17 23:42:38.621 | INFO     | app.main:event_stream:110 - Agent Activity — system: token — 
2026-05-17 23:42:38.647 | INFO     | app.main:event_stream:110 - Agent Activity — system: token — 
2026-05-17 23:42:38.665 | INFO     | app.main:event_stream:110 - Agent Activity — system: token — 
2026-05-17 23:42:38.671 | INFO     | app.main:event_stream:110 - Agent Activity — system: token — 
2026-05-17 23:42:38.676 | INFO     | app.main:event_stream:110 - Agent Activity — system: token — 
2026-05-17 23:42:38.685 | INFO     | app.main:event_stream:110 - Agent Activity — system: token — 
2026-05-17 23:42:38.691 | INFO     | app.main:event_stream:110 - Agent Activity — system: token — 
2026-05-17 23:42:38.696 | INFO     | app.main:event_stream:110 - Agent Activity — system: token — 
2026-05-17 23:42:38.699 | INFO     | app.main:event_stream:110 - Agent Activity — system: token — 
2026-05-17 23:42:38.704 | INFO     | app.main:event_stream:110 - Agent Activity — system: token — 
2026-05-17 23:42:38.708 | INFO     | app.main:event_stream:110 - Agent Activity — system: token — 
2026-05-17 23:42:38.716 | INFO     | app.main:event_stream:110 - Agent Activity — system: token — 
2026-05-17 23:42:38.733 | INFO     | app.main:event_stream:110 - Agent Activity — system: token — 
2026-05-17 23:42:38.739 | INFO     | app.main:event_stream:110 - Agent Activity — system: token — 
2026-05-17 23:42:38.747 | INFO     | app.main:event_stream:110 - Agent Activity — system: token — 
2026-05-17 23:42:38.751 | INFO     | app.main:event_stream:110 - Agent Activity — system: token — 
2026-05-17 23:42:38.760 | INFO     | app.main:event_stream:110 - Agent Activity — system: token — 
2026-05-17 23:42:38.765 | INFO     | app.main:event_stream:110 - Agent Activity — system: token — 
2026-05-17 23:42:38.787 | INFO     | app.main:event_stream:110 - Agent Activity — system: token — 
2026-05-17 23:42:38.797 | INFO     | app.main:event_stream:110 - Agent Activity — system: token — 
2026-05-17 23:42:38.806 | INFO     | app.main:event_stream:110 - Agent Activity — system: token — 
2026-05-17 23:42:38.810 | INFO     | app.main:event_stream:110 - Agent Activity — system: token — 
2026-05-17 23:42:38.814 | INFO     | app.main:event_stream:110 - Agent Activity — system: token — 
2026-05-17 23:42:38.817 | INFO     | app.main:event_stream:110 - Agent Activity — system: token — 
2026-05-17 23:42:38.823 | INFO     | app.main:event_stream:110 - Agent Activity — system: token — 
2026-05-17 23:42:38.828 | INFO     | app.main:event_stream:110 - Agent Activity — system: token — 
2026-05-17 23:42:38.832 | INFO     | app.main:event_stream:110 - Agent Activity — system: token — 
2026-05-17 23:42:38.841 | INFO     | app.main:event_stream:110 - Agent Activity — system: token — 
2026-05-17 23:42:38.846 | INFO     | app.main:event_stream:110 - Agent Activity — system: token — 
2026-05-17 23:42:38.854 | INFO     | app.main:event_stream:110 - Agent Activity — system: token — 
2026-05-17 23:42:38.861 | INFO     | app.main:event_stream:110 - Agent Activity — system: token — 
2026-05-17 23:42:38.865 | INFO     | app.main:event_stream:110 - Agent Activity — system: token — 
2026-05-17 23:42:38.869 | INFO     | app.main:event_stream:110 - Agent Activity — system: token — 
2026-05-17 23:42:38.874 | INFO     | app.main:event_stream:110 - Agent Activity — system: token — 
2026-05-17 23:42:38.878 | INFO     | app.main:event_stream:110 - Agent Activity — system: token — 
2026-05-17 23:42:38.881 | INFO     | app.main:event_stream:110 - Agent Activity — system: token — 
2026-05-17 23:42:38.898 | INFO     | app.main:event_stream:110 - Agent Activity — system: token — 
2026-05-17 23:42:38.911 | INFO     | app.main:event_stream:110 - Agent Activity — system: token — 
2026-05-17 23:42:38.929 | INFO     | app.main:event_stream:110 - Agent Activity — system: token — 
2026-05-17 23:42:38.946 | INFO     | app.main:event_stream:110 - Agent Activity — system: token — 
2026-05-17 23:42:38.952 | INFO     | app.main:event_stream:110 - Agent Activity — system: token — 
2026-05-17 23:42:38.960 | INFO     | app.main:event_stream:110 - Agent Activity — system: token — 
2026-05-17 23:42:38.965 | INFO     | app.main:event_stream:110 - Agent Activity — system: token — 
2026-05-17 23:42:38.982 | INFO     | app.main:event_stream:110 - Agent Activity — system: token — 
2026-05-17 23:42:38.986 | INFO     | app.main:event_stream:110 - Agent Activity — system: token — 
2026-05-17 23:42:38.992 | INFO     | app.main:event_stream:110 - Agent Activity — system: token — 
2026-05-17 23:42:38.997 | INFO     | app.main:event_stream:110 - Agent Activity — system: token — 
2026-05-17 23:42:39.001 | INFO     | app.main:event_stream:110 - Agent Activity — system: token — 
2026-05-17 23:42:39.006 | INFO     | app.main:event_stream:110 - Agent Activity — system: token — 
2026-05-17 23:42:39.010 | INFO     | app.main:event_stream:110 - Agent Activity — system: token — 
2026-05-17 23:42:39.014 | INFO     | app.main:event_stream:110 - Agent Activity — system: token — 
2026-05-17 23:42:39.032 | INFO     | app.main:event_stream:110 - Agent Activity — system: token — 
2026-05-17 23:42:39.044 | INFO     | app.main:event_stream:110 - Agent Activity — system: token — 
2026-05-17 23:42:39.049 | INFO     | app.main:event_stream:110 - Agent Activity — system: token — 
2026-05-17 23:42:39.054 | INFO     | app.main:event_stream:110 - Agent Activity — system: token — 
2026-05-17 23:42:39.059 | INFO     | app.main:event_stream:110 - Agent Activity — system: token — 
2026-05-17 23:42:39.063 | INFO     | app.main:event_stream:110 - Agent Activity — system: token — 
2026-05-17 23:42:39.073 | INFO     | app.main:event_stream:110 - Agent Activity — system: token — 
2026-05-17 23:42:39.088 | INFO     | app.main:event_stream:110 - Agent Activity — system: token — 
2026-05-17 23:42:39.092 | INFO     | app.main:event_stream:110 - Agent Activity — system: token — 
2026-05-17 23:42:39.101 | INFO     | app.main:event_stream:110 - Agent Activity — system: token — 
2026-05-17 23:42:39.107 | INFO     | app.main:event_stream:110 - Agent Activity — system: token — 
2026-05-17 23:42:39.111 | INFO     | app.main:event_stream:110 - Agent Activity — system: token — 
2026-05-17 23:42:39.133 | INFO     | app.main:event_stream:110 - Agent Activity — system: token — 
2026-05-17 23:42:39.147 | INFO     | app.main:event_stream:110 - Agent Activity — system: token — 
2026-05-17 23:42:39.168 | INFO     | app.main:event_stream:110 - Agent Activity — system: token — 
2026-05-17 23:42:39.172 | INFO     | app.main:event_stream:110 - Agent Activity — system: token — 
2026-05-17 23:42:39.179 | INFO     | app.main:event_stream:110 - Agent Activity — system: token — 
2026-05-17 23:42:39.182 | INFO     | app.main:event_stream:110 - Agent Activity — system: token — 
2026-05-17 23:42:39.190 | INFO     | app.main:event_stream:110 - Agent Activity — system: token — 
2026-05-17 23:42:39.198 | INFO     | app.main:event_stream:110 - Agent Activity — system: token — 
2026-05-17 23:42:39.217 | INFO     | app.main:event_stream:110 - Agent Activity — system: token — 
2026-05-17 23:42:39.232 | INFO     | app.main:event_stream:110 - Agent Activity — system: token — 
2026-05-17 23:42:39.239 | INFO     | app.main:event_stream:110 - Agent Activity — system: token — 
2026-05-17 23:42:39.247 | INFO     | app.main:event_stream:110 - Agent Activity — system: token — 
2026-05-17 23:42:39.266 | INFO     | app.main:event_stream:110 - Agent Activity — system: token — 
2026-05-17 23:42:39.276 | INFO     | app.main:event_stream:110 - Agent Activity — system: token — 
2026-05-17 23:42:39.283 | INFO     | app.main:event_stream:110 - Agent Activity — system: token — 
2026-05-17 23:42:39.308 | INFO     | app.main:event_stream:110 - Agent Activity — system: token — 
2026-05-17 23:42:39.313 | INFO     | app.main:event_stream:110 - Agent Activity — system: token — 
2026-05-17 23:42:39.327 | INFO     | app.main:event_stream:110 - Agent Activity — system: token — 
2026-05-17 23:42:39.340 | INFO     | app.main:event_stream:110 - Agent Activity — system: token — 
2026-05-17 23:42:39.353 | INFO     | app.main:event_stream:110 - Agent Activity — system: token — 
2026-05-17 23:42:39.370 | INFO     | app.main:event_stream:110 - Agent Activity — system: token — 
2026-05-17 23:42:39.392 | INFO     | app.main:event_stream:110 - Agent Activity — system: token — 
2026-05-17 23:42:39.399 | INFO     | app.main:event_stream:110 - Agent Activity — system: token — 
2026-05-17 23:42:39.408 | INFO     | app.main:event_stream:110 - Agent Activity — system: token — 
2026-05-17 23:42:39.428 | INFO     | app.main:event_stream:110 - Agent Activity — system: token — 
2026-05-17 23:42:39.432 | INFO     | app.main:event_stream:110 - Agent Activity — system: token — 
2026-05-17 23:42:39.443 | INFO     | app.main:event_stream:110 - Agent Activity — system: token — 
2026-05-17 23:42:39.450 | INFO     | app.main:event_stream:110 - Agent Activity — system: token — 
2026-05-17 23:42:39.492 | INFO     | app.main:event_stream:110 - Agent Activity — system: token — 
2026-05-17 23:42:39.522 | INFO     | app.main:event_stream:110 - Agent Activity — system: token — 
2026-05-17 23:42:39.541 | INFO     | app.main:event_stream:110 - Agent Activity — system: token — 
2026-05-17 23:42:39.556 | INFO     | app.main:event_stream:110 - Agent Activity — system: token — 
2026-05-17 23:42:39.564 | INFO     | app.main:event_stream:110 - Agent Activity — system: token — 
2026-05-17 23:42:39.612 | INFO     | app.main:event_stream:110 - Agent Activity — system: token — 
2026-05-17 23:42:39.629 | INFO     | app.main:event_stream:110 - Agent Activity — system: token — 
2026-05-17 23:42:39.663 | INFO     | app.main:event_stream:110 - Agent Activity — system: token — 
2026-05-17 23:42:39.674 | INFO     | app.main:event_stream:110 - Agent Activity — system: token — 
2026-05-17 23:42:39.679 | INFO     | app.main:event_stream:110 - Agent Activity — system: token — 
2026-05-17 23:42:39.692 | INFO     | app.main:event_stream:110 - Agent Activity — system: token — 
2026-05-17 23:42:39.735 | INFO     | app.main:event_stream:110 - Agent Activity — system: token — 
2026-05-17 23:42:39.744 | INFO     | app.main:event_stream:110 - Agent Activity — system: token — 
2026-05-17 23:42:39.753 | INFO     | app.main:event_stream:110 - Agent Activity — system: token — 
2026-05-17 23:42:39.765 | INFO     | app.main:event_stream:110 - Agent Activity — system: token — 
2026-05-17 23:42:39.772 | INFO     | app.main:event_stream:110 - Agent Activity — system: token — 
2026-05-17 23:42:39.782 | INFO     | app.main:event_stream:110 - Agent Activity — system: token — 
2026-05-17 23:42:39.788 | INFO     | app.main:event_stream:110 - Agent Activity — system: token — 
2026-05-17 23:42:39.794 | INFO     | app.main:event_stream:110 - Agent Activity — system: token — 
2026-05-17 23:42:39.802 | INFO     | app.main:event_stream:110 - Agent Activity — system: token — 
2026-05-17 23:42:39.830 | INFO     | app.main:event_stream:110 - Agent Activity — system: token — 
2026-05-17 23:42:39.845 | INFO     | app.main:event_stream:110 - Agent Activity — system: token — 
2026-05-17 23:42:39.872 | INFO     | app.main:event_stream:110 - Agent Activity — system: token — 
2026-05-17 23:42:39.898 | INFO     | app.main:event_stream:110 - Agent Activity — system: token — 
2026-05-17 23:42:39.902 | INFO     | app.main:event_stream:110 - Agent Activity — system: token — 
2026-05-17 23:42:39.909 | INFO     | app.main:event_stream:110 - Agent Activity — system: token — 
2026-05-17 23:42:39.914 | INFO     | app.main:event_stream:110 - Agent Activity — system: token — 
2026-05-17 23:42:39.918 | INFO     | app.main:event_stream:110 - Agent Activity — system: token — 
2026-05-17 23:42:39.923 | INFO     | app.main:event_stream:110 - Agent Activity — system: token — 
2026-05-17 23:42:39.928 | INFO     | app.main:event_stream:110 - Agent Activity — system: token — 
2026-05-17 23:42:39.932 | INFO     | app.main:event_stream:110 - Agent Activity — system: token — 
2026-05-17 23:42:39.939 | INFO     | app.main:event_stream:110 - Agent Activity — system: token — 
2026-05-17 23:42:39.945 | INFO     | app.main:event_stream:110 - Agent Activity — system: token — 
2026-05-17 23:42:39.950 | INFO     | app.main:event_stream:110 - Agent Activity — system: token — 
2026-05-17 23:42:39.956 | INFO     | app.main:event_stream:110 - Agent Activity — system: token — 
2026-05-17 23:42:39.960 | INFO     | app.main:event_stream:110 - Agent Activity — system: token — 
2026-05-17 23:42:39.965 | INFO     | app.main:event_stream:110 - Agent Activity — system: token — 
2026-05-17 23:42:39.970 | INFO     | app.main:event_stream:110 - Agent Activity — system: token — 
2026-05-17 23:42:39.975 | INFO     | app.main:event_stream:110 - Agent Activity — system: token — 
2026-05-17 23:42:39.983 | INFO     | app.main:event_stream:110 - Agent Activity — system: token — 
2026-05-17 23:42:39.998 | INFO     | app.main:event_stream:110 - Agent Activity — system: token — 
2026-05-17 23:42:40.005 | INFO     | app.main:event_stream:110 - Agent Activity — system: token — 
2026-05-17 23:42:40.009 | INFO     | app.main:event_stream:110 - Agent Activity — system: token — 
2026-05-17 23:42:40.014 | INFO     | app.main:event_stream:110 - Agent Activity — system: token — 
2026-05-17 23:42:40.018 | INFO     | app.main:event_stream:110 - Agent Activity — system: token — 
2026-05-17 23:42:40.022 | INFO     | app.main:event_stream:110 - Agent Activity — system: token — 
2026-05-17 23:42:40.026 | INFO     | app.main:event_stream:110 - Agent Activity — system: token — 
2026-05-17 23:42:40.031 | INFO     | app.main:event_stream:110 - Agent Activity — system: token — 
2026-05-17 23:42:40.048 | INFO     | app.main:event_stream:110 - Agent Activity — system: token — 
2026-05-17 23:42:40.060 | INFO     | app.main:event_stream:110 - Agent Activity — system: token — 
2026-05-17 23:42:40.070 | INFO     | app.main:event_stream:110 - Agent Activity — system: token — 
2026-05-17 23:42:40.081 | INFO     | app.main:event_stream:110 - Agent Activity — system: final_result — Research complete! See the dashboard for details.
2026-05-17 23:42:40.090 | INFO     | app.main:event_stream:110 - Agent Activity — system: done — 
2026-05-17 23:51:50.897 | INFO     | app.main:chat:86 - User queried: Best coding laptops with 32GB RAM
2026-05-17 23:51:50.902 | INFO     | app.main:event_stream:110 - Agent Activity — intent: agent_start — Understanding your requirements...
2026-05-17 23:51:50.908 | INFO     | app.agents.graph:intent_node:28 - Graph: Running intent node
2026-05-17 23:51:59.139 | DEBUG    | app.agents.intent_agent:run_intent_agent:58 - Intent chain raw response: {
    "product_category": "laptop",
    "product_name": null,
    "specifications": ["32GB RAM"],
    "budget_range": {"min_price": 0, "max_price": 999999, "currency": "INR"},
    "usage_context": "general",
    "brand_preferences": [],
    "urgency": "can_wait",
    "is_specific_product": false,
  
2026-05-17 23:51:59.141 | INFO     | app.agents.intent_agent:run_intent_agent:63 - Intent extracted: category=laptop, specific=False, complete=False, confidence=0.8
2026-05-17 23:51:59.146 | INFO     | app.main:event_stream:110 - Agent Activity — intent: agent_complete — Identified: laptop
2026-05-17 23:51:59.148 | INFO     | app.main:event_stream:110 - Agent Activity — intent: followup_needed — I need a bit more info: What is your budget for the laptop?
2026-05-17 23:51:59.150 | INFO     | app.main:event_stream:110 - Agent Activity — system: token — 
2026-05-17 23:51:59.152 | INFO     | app.main:event_stream:110 - Agent Activity — system: token — 
2026-05-17 23:51:59.154 | INFO     | app.main:event_stream:110 - Agent Activity — system: token — 
2026-05-17 23:51:59.160 | INFO     | app.main:event_stream:110 - Agent Activity — system: token — 
2026-05-17 23:51:59.163 | INFO     | app.main:event_stream:110 - Agent Activity — system: token — 
2026-05-17 23:51:59.166 | INFO     | app.main:event_stream:110 - Agent Activity — system: token — 
2026-05-17 23:51:59.169 | INFO     | app.main:event_stream:110 - Agent Activity — system: token — 
2026-05-17 23:51:59.175 | INFO     | app.main:event_stream:110 - Agent Activity — system: token — 
2026-05-17 23:51:59.178 | INFO     | app.main:event_stream:110 - Agent Activity — system: token — 
2026-05-17 23:51:59.182 | INFO     | app.main:event_stream:110 - Agent Activity — system: token — 
2026-05-17 23:51:59.184 | INFO     | app.main:event_stream:110 - Agent Activity — system: token — 
2026-05-17 23:51:59.186 | INFO     | app.main:event_stream:110 - Agent Activity — system: token — 
2026-05-17 23:51:59.187 | INFO     | app.main:event_stream:110 - Agent Activity — system: done — 
2026-05-17 23:53:21.737 | INFO     | app.main:chat:86 - User queried: 160000
2026-05-17 23:53:21.739 | INFO     | app.main:event_stream:110 - Agent Activity — intent: agent_start — Understanding your requirements...
2026-05-17 23:53:21.743 | INFO     | app.agents.graph:intent_node:28 - Graph: Running intent node
2026-05-17 23:53:24.879 | DEBUG    | app.agents.intent_agent:run_intent_agent:58 - Intent chain raw response: {
  "product_category": "laptop",
  "product_name": null,
  "specifications": ["32GB RAM"],
  "budget_range": {"min_price": 160000, "max_price": 160000, "currency": "INR"},
  "usage_context": "general",
  "brand_preferences": [],
  "urgency": "can_wait",
  "is_specific_product": false,
  "is_complet
2026-05-17 23:53:24.880 | INFO     | app.agents.intent_agent:run_intent_agent:63 - Intent extracted: category=laptop, specific=False, complete=True, confidence=0.8
2026-05-17 23:53:24.882 | INFO     | app.main:event_stream:110 - Agent Activity — intent: agent_complete — Identified: laptop
2026-05-17 23:53:24.883 | INFO     | app.main:event_stream:110 - Agent Activity — market: agent_start — Searching across platforms...
2026-05-17 23:53:24.884 | INFO     | app.main:event_stream:110 - Agent Activity — reddit: agent_start — Scanning Reddit discussions...
2026-05-17 23:53:24.885 | INFO     | app.main:event_stream:110 - Agent Activity — youtube: agent_start — Analyzing YouTube reviews...
2026-05-17 23:53:24.889 | INFO     | app.agents.graph:market_node:43 - Graph: Running market node
2026-05-17 23:53:24.889 | INFO     | app.agents.market_agent:run_market_agent:69 - Market agent searching: 'laptop 32GB RAM under 160000 INR India buy'
2026-05-17 23:53:24.890 | INFO     | app.services.search_service:search_products:43 - Searching products via Serper API: laptop 32GB RAM under 160000 INR India buy
2026-05-17 23:53:24.891 | INFO     | app.agents.graph:reddit_node:57 - Graph: Running reddit node
2026-05-17 23:53:24.892 | INFO     | app.agents.reddit_agent.reddit_agent:run_reddit_agent:98 - Reddit Agent: Searching ['GadgetsIndia', 'IndianGaming', 'LaptopDealsIndia'] for 'laptop review India'
2026-05-17 23:53:24.894 | INFO     | app.agents.graph:youtube_node:69 - Graph: Running youtube node
2026-05-17 23:53:24.896 | INFO     | app.agents.youtube_agent.youtube_agent:run_youtube_agent:38 - YouTube Agent: Searching for 'laptop' from trusted channels
2026-05-17 23:53:26.977 | INFO     | app.agents.reddit_agent.reddit_agent:run_reddit_agent:106 - Fetching thread: indian youtubers for laptop reviews : r/IndianGaming - Reddit
2026-05-17 23:53:28.317 | INFO     | app.agents.reddit_agent.reddit_agent:run_reddit_agent:106 - Fetching thread: What laptop brand has better after sales service? : r/IndianGaming
2026-05-17 23:53:30.788 | INFO     | app.agents.reddit_agent.reddit_agent:run_reddit_agent:106 - Fetching thread: LAPTOP REVIEW : r/GadgetsIndia - Reddit
2026-05-17 23:53:32.572 | INFO     | app.services.search_service:search_products:90 - Serper API returned 10 results.
2026-05-17 23:53:32.583 | INFO     | app.agents.youtube_agent.youtube_agent:run_youtube_agent:49 - Fetching transcript for video: These Laptops Are Built Like a Tank! Ft Asus ExpertBook P-Series
2026-05-17 23:53:32.586 | WARNING  | app.agents.youtube_agent.transcript_extractor:extract_and_clean_transcript:35 - Transcript extraction failed for video 2ZXBYfRkH_c: type object 'YouTubeTranscriptApi' has no attribute 'list_transcripts'
2026-05-17 23:53:32.591 | INFO     | app.agents.youtube_agent.youtube_agent:run_youtube_agent:49 - Fetching transcript for video: Windows vs Macbook Gaming , Video Editing , Coding & Students ...
2026-05-17 23:53:32.595 | WARNING  | app.agents.youtube_agent.transcript_extractor:extract_and_clean_transcript:35 - Transcript extraction failed for video 2OyvJx0CyiA: type object 'YouTubeTranscriptApi' has no attribute 'list_transcripts'
2026-05-17 23:53:32.597 | INFO     | app.agents.youtube_agent.youtube_agent:run_youtube_agent:49 - Fetching transcript for video: Apple MacBook Air M5 Review – Most Underrated Laptop - YouTube
2026-05-17 23:53:32.599 | WARNING  | app.agents.youtube_agent.transcript_extractor:extract_and_clean_transcript:35 - Transcript extraction failed for video plseXyqDNrA: type object 'YouTubeTranscriptApi' has no attribute 'list_transcripts'
2026-05-17 23:53:32.605 | INFO     | app.main:event_stream:110 - Agent Activity — reddit: agent_complete — Analyzed 3 Reddit threads
2026-05-17 23:53:46.495 | DEBUG    | app.agents.market_agent:run_market_agent:108 - Market chain raw response: ```json
{
  "products": [
    {
      "name": "Dell Laptop I7 32gb Ram 1tb Ssd",
      "brand": "Dell",
      "model": "",
      "price": 157990,
      "currency": "INR",
      "platform": "Amazon",
      "specs": {},
      "rating": 4.04,
      "url": "https://www.amazon.in/s?k=dell+laptop+i7+32gb+
2026-05-17 23:53:46.496 | ERROR    | app.agents.market_agent:run_market_agent:139 - Market agent analysis error: Expecting ',' delimiter: line 77 column 6 (char 2839)
2026-05-17 23:53:46.499 | INFO     | app.main:event_stream:110 - Agent Activity — youtube: agent_complete — Analyzed 0 YouTube videos
2026-05-17 23:53:46.500 | INFO     | app.main:event_stream:110 - Agent Activity — market: agent_complete — Found 0 products
2026-05-17 23:53:46.503 | INFO     | app.main:event_stream:110 - Agent Activity — system: token — 
2026-05-17 23:53:46.505 | INFO     | app.main:event_stream:110 - Agent Activity — system: token — 
2026-05-17 23:53:46.506 | INFO     | app.main:event_stream:110 - Agent Activity — system: token — 
2026-05-17 23:53:46.508 | INFO     | app.main:event_stream:110 - Agent Activity — system: token — 
2026-05-17 23:53:46.509 | INFO     | app.main:event_stream:110 - Agent Activity — system: token — 
2026-05-17 23:53:46.510 | INFO     | app.main:event_stream:110 - Agent Activity — system: token — 
2026-05-17 23:53:46.511 | INFO     | app.main:event_stream:110 - Agent Activity — system: token — 
2026-05-17 23:53:46.513 | INFO     | app.main:event_stream:110 - Agent Activity — system: token — 
2026-05-17 23:53:46.514 | INFO     | app.main:event_stream:110 - Agent Activity — system: token — 
2026-05-17 23:53:46.515 | INFO     | app.main:event_stream:110 - Agent Activity — system: token — 
2026-05-17 23:53:46.515 | INFO     | app.main:event_stream:110 - Agent Activity — system: token — 
2026-05-17 23:53:46.517 | INFO     | app.main:event_stream:110 - Agent Activity — system: token — 
2026-05-17 23:53:46.518 | INFO     | app.main:event_stream:110 - Agent Activity — system: token — 
2026-05-17 23:53:46.520 | INFO     | app.main:event_stream:110 - Agent Activity — system: token — 
2026-05-17 23:53:46.521 | INFO     | app.main:event_stream:110 - Agent Activity — system: token — 
2026-05-17 23:53:46.521 | INFO     | app.main:event_stream:110 - Agent Activity — system: token — 
2026-05-17 23:53:46.522 | INFO     | app.main:event_stream:110 - Agent Activity — system: token — 
2026-05-17 23:53:46.523 | INFO     | app.main:event_stream:110 - Agent Activity — system: token — 
2026-05-17 23:53:46.524 | INFO     | app.main:event_stream:110 - Agent Activity — system: token — 
2026-05-17 23:53:46.524 | INFO     | app.main:event_stream:110 - Agent Activity — system: token — 
2026-05-17 23:53:46.526 | INFO     | app.main:event_stream:110 - Agent Activity — system: token — 
2026-05-17 23:53:46.527 | INFO     | app.main:event_stream:110 - Agent Activity — system: token — 
2026-05-17 23:53:46.528 | INFO     | app.main:event_stream:110 - Agent Activity — system: token — 
2026-05-17 23:53:46.530 | INFO     | app.main:event_stream:110 - Agent Activity — system: token — 
2026-05-17 23:53:46.532 | INFO     | app.main:event_stream:110 - Agent Activity — system: token — 
2026-05-17 23:53:46.533 | INFO     | app.main:event_stream:110 - Agent Activity — system: token — 
2026-05-17 23:53:46.534 | INFO     | app.main:event_stream:110 - Agent Activity — system: done — 
2026-05-17 23:53:57.043 | INFO     | app.main:chat:86 - User queried: 160000 INR
2026-05-17 23:53:57.045 | INFO     | app.main:event_stream:110 - Agent Activity — intent: agent_start — Understanding your requirements...
2026-05-17 23:53:57.047 | INFO     | app.agents.graph:intent_node:28 - Graph: Running intent node
2026-05-17 23:53:59.405 | DEBUG    | app.agents.intent_agent:run_intent_agent:58 - Intent chain raw response: {
    "product_category": "laptop",
    "product_name": null,
    "specifications": ["32GB RAM"],
    "budget_range": {"min_price": 160000, "max_price": 160000, "currency": "INR"},
    "usage_context": "general",
    "brand_preferences": [],
    "urgency": "can_wait",
    "is_specific_product": fals
2026-05-17 23:53:59.405 | INFO     | app.agents.intent_agent:run_intent_agent:63 - Intent extracted: category=laptop, specific=False, complete=True, confidence=1.0
2026-05-17 23:53:59.409 | INFO     | app.main:event_stream:110 - Agent Activity — intent: agent_complete — Identified: laptop
2026-05-17 23:53:59.411 | INFO     | app.main:event_stream:110 - Agent Activity — market: agent_start — Searching across platforms...
2026-05-17 23:53:59.413 | INFO     | app.main:event_stream:110 - Agent Activity — reddit: agent_start — Scanning Reddit discussions...
2026-05-17 23:53:59.415 | INFO     | app.main:event_stream:110 - Agent Activity — youtube: agent_start — Analyzing YouTube reviews...
2026-05-17 23:53:59.418 | INFO     | app.agents.graph:market_node:43 - Graph: Running market node
2026-05-17 23:53:59.419 | INFO     | app.agents.market_agent:run_market_agent:69 - Market agent searching: 'laptop 32GB RAM under 160000 INR India buy'
2026-05-17 23:53:59.421 | INFO     | app.services.search_service:search_products:43 - Searching products via Serper API: laptop 32GB RAM under 160000 INR India buy
2026-05-17 23:53:59.422 | INFO     | app.agents.graph:reddit_node:57 - Graph: Running reddit node
2026-05-17 23:53:59.424 | INFO     | app.agents.reddit_agent.reddit_agent:run_reddit_agent:98 - Reddit Agent: Searching ['GadgetsIndia', 'IndianGaming', 'LaptopDealsIndia'] for 'laptop review India'
2026-05-17 23:53:59.431 | INFO     | app.agents.graph:youtube_node:69 - Graph: Running youtube node
2026-05-17 23:53:59.436 | INFO     | app.agents.youtube_agent.youtube_agent:run_youtube_agent:38 - YouTube Agent: Searching for 'laptop' from trusted channels
2026-05-17 23:54:01.958 | INFO     | app.agents.reddit_agent.reddit_agent:run_reddit_agent:106 - Fetching thread: indian youtubers for laptop reviews : r/IndianGaming - Reddit
2026-05-17 23:54:03.685 | INFO     | app.agents.reddit_agent.reddit_agent:run_reddit_agent:106 - Fetching thread: What laptop brand has better after sales service? : r/IndianGaming
2026-05-17 23:54:05.721 | INFO     | app.agents.reddit_agent.reddit_agent:run_reddit_agent:106 - Fetching thread: LAPTOP REVIEW : r/GadgetsIndia - Reddit
2026-05-17 23:54:07.365 | INFO     | app.services.search_service:search_products:90 - Serper API returned 10 results.
2026-05-17 23:54:07.386 | INFO     | app.agents.youtube_agent.youtube_agent:run_youtube_agent:49 - Fetching transcript for video: These Laptops Are Built Like a Tank! Ft Asus ExpertBook P-Series
2026-05-17 23:54:07.389 | WARNING  | app.agents.youtube_agent.transcript_extractor:extract_and_clean_transcript:35 - Transcript extraction failed for video 2ZXBYfRkH_c: type object 'YouTubeTranscriptApi' has no attribute 'list_transcripts'
2026-05-17 23:54:07.393 | INFO     | app.agents.youtube_agent.youtube_agent:run_youtube_agent:49 - Fetching transcript for video: Windows vs Macbook Gaming , Video Editing , Coding & Students ...
2026-05-17 23:54:07.395 | WARNING  | app.agents.youtube_agent.transcript_extractor:extract_and_clean_transcript:35 - Transcript extraction failed for video 2OyvJx0CyiA: type object 'YouTubeTranscriptApi' has no attribute 'list_transcripts'
2026-05-17 23:54:07.399 | INFO     | app.agents.youtube_agent.youtube_agent:run_youtube_agent:49 - Fetching transcript for video: Apple MacBook Air M5 Review – Most Underrated Laptop - YouTube
2026-05-17 23:54:07.400 | WARNING  | app.agents.youtube_agent.transcript_extractor:extract_and_clean_transcript:35 - Transcript extraction failed for video plseXyqDNrA: type object 'YouTubeTranscriptApi' has no attribute 'list_transcripts'
2026-05-17 23:54:07.411 | INFO     | app.main:event_stream:110 - Agent Activity — reddit: agent_complete — Analyzed 3 Reddit threads
2026-05-17 23:54:20.522 | DEBUG    | app.agents.market_agent:run_market_agent:108 - Market chain raw response: ```json
{
  "products": [
    {
      "name": "Dell Laptop I7 32gb Ram 1tb Ssd",
      "brand": "Dell",
      "model": "",
      "price": 157990,
      "currency": "INR",
      "platform": "Amazon",
      "specs": {},
      "rating": 4.04,
      "url": "https://www.amazon.in/s?k=dell+laptop+i7+32gb+
2026-05-17 23:54:20.524 | ERROR    | app.agents.market_agent:run_market_agent:139 - Market agent analysis error: Expecting ',' delimiter: line 77 column 6 (char 2888)
2026-05-17 23:54:20.526 | INFO     | app.main:event_stream:110 - Agent Activity — youtube: agent_complete — Analyzed 0 YouTube videos
2026-05-17 23:54:20.528 | INFO     | app.main:event_stream:110 - Agent Activity — market: agent_complete — Found 0 products
2026-05-17 23:54:20.530 | INFO     | app.main:event_stream:110 - Agent Activity — system: token — 
2026-05-17 23:54:20.531 | INFO     | app.main:event_stream:110 - Agent Activity — system: token — 
2026-05-17 23:54:20.533 | INFO     | app.main:event_stream:110 - Agent Activity — system: token — 
2026-05-17 23:54:20.536 | INFO     | app.main:event_stream:110 - Agent Activity — system: token — 
2026-05-17 23:54:20.539 | INFO     | app.main:event_stream:110 - Agent Activity — system: token — 
2026-05-17 23:54:20.541 | INFO     | app.main:event_stream:110 - Agent Activity — system: token — 
2026-05-17 23:54:20.543 | INFO     | app.main:event_stream:110 - Agent Activity — system: token — 
2026-05-17 23:54:20.549 | INFO     | app.main:event_stream:110 - Agent Activity — system: token — 
2026-05-17 23:54:20.552 | INFO     | app.main:event_stream:110 - Agent Activity — system: token — 
2026-05-17 23:54:20.563 | INFO     | app.main:event_stream:110 - Agent Activity — system: token — 
2026-05-17 23:54:20.565 | INFO     | app.main:event_stream:110 - Agent Activity — system: token — 
2026-05-17 23:54:20.566 | INFO     | app.main:event_stream:110 - Agent Activity — system: token — 
2026-05-17 23:54:20.569 | INFO     | app.main:event_stream:110 - Agent Activity — system: token — 
2026-05-17 23:54:20.572 | INFO     | app.main:event_stream:110 - Agent Activity — system: token — 
2026-05-17 23:54:20.575 | INFO     | app.main:event_stream:110 - Agent Activity — system: token — 
2026-05-17 23:54:20.577 | INFO     | app.main:event_stream:110 - Agent Activity — system: token — 
2026-05-17 23:54:20.579 | INFO     | app.main:event_stream:110 - Agent Activity — system: token — 
2026-05-17 23:54:20.580 | INFO     | app.main:event_stream:110 - Agent Activity — system: token — 
2026-05-17 23:54:20.582 | INFO     | app.main:event_stream:110 - Agent Activity — system: token — 
2026-05-17 23:54:20.584 | INFO     | app.main:event_stream:110 - Agent Activity — system: token — 
2026-05-17 23:54:20.589 | INFO     | app.main:event_stream:110 - Agent Activity — system: token — 
2026-05-17 23:54:20.591 | INFO     | app.main:event_stream:110 - Agent Activity — system: token — 
2026-05-17 23:54:20.594 | INFO     | app.main:event_stream:110 - Agent Activity — system: token — 
2026-05-17 23:54:20.597 | INFO     | app.main:event_stream:110 - Agent Activity — system: token — 
2026-05-17 23:54:20.599 | INFO     | app.main:event_stream:110 - Agent Activity — system: token — 
2026-05-17 23:54:20.601 | INFO     | app.main:event_stream:110 - Agent Activity — system: token — 
2026-05-17 23:54:20.605 | INFO     | app.main:event_stream:110 - Agent Activity — system: done — 
2026-05-18 00:00:25.355 | INFO     | app.main:lifespan:42 - 👋 VeriBuy Backend shutting down
2026-05-18 00:04:20.960 | INFO     | app.main:lifespan:32 - 🚀 VeriBuy Backend starting...
2026-05-18 00:04:20.961 | INFO     | app.main:lifespan:37 - ✅ Ollama connected — model: qwen3:0.6b
2026-05-18 00:04:48.676 | INFO     | app.main:chat:86 - User queried: Ergonomic chairs for long remote work
2026-05-18 00:04:48.707 | INFO     | app.main:event_stream:110 - Agent Activity — intent: agent_start — Understanding your requirements...
2026-05-18 00:04:48.717 | INFO     | app.agents.graph:intent_node:28 - Graph: Running intent node
2026-05-18 00:04:52.072 | DEBUG    | app.agents.intent_agent:run_intent_agent:58 - Intent chain raw response: {
  "product_category": "chair",
  "product_name": null,
  "specifications": [],
  "budget_range": {"min_price": 0, "max_price": 999999, "currency": "INR"},
  "usage_context": "remote work",
  "brand_preferences": [],
  "urgency": "can_wait",
  "is_specific_product": false,
  "is_complete": false,
 
2026-05-18 00:04:52.072 | INFO     | app.agents.intent_agent:run_intent_agent:63 - Intent extracted: category=chair, specific=False, complete=False, confidence=0.8
2026-05-18 00:04:52.077 | INFO     | app.main:event_stream:110 - Agent Activity — intent: agent_complete — Identified: chair
2026-05-18 00:04:52.079 | INFO     | app.main:event_stream:110 - Agent Activity — intent: followup_needed — I need a bit more info: What is your budget for the ergonomic chair?
2026-05-18 00:04:52.080 | INFO     | app.main:event_stream:110 - Agent Activity — system: token — 
2026-05-18 00:04:52.082 | INFO     | app.main:event_stream:110 - Agent Activity — system: token — 
2026-05-18 00:04:52.083 | INFO     | app.main:event_stream:110 - Agent Activity — system: token — 
2026-05-18 00:04:52.084 | INFO     | app.main:event_stream:110 - Agent Activity — system: token — 
2026-05-18 00:04:52.085 | INFO     | app.main:event_stream:110 - Agent Activity — system: token — 
2026-05-18 00:04:52.086 | INFO     | app.main:event_stream:110 - Agent Activity — system: token — 
2026-05-18 00:04:52.088 | INFO     | app.main:event_stream:110 - Agent Activity — system: token — 
2026-05-18 00:04:52.091 | INFO     | app.main:event_stream:110 - Agent Activity — system: token — 
2026-05-18 00:04:52.093 | INFO     | app.main:event_stream:110 - Agent Activity — system: token — 
2026-05-18 00:04:52.095 | INFO     | app.main:event_stream:110 - Agent Activity — system: token — 
2026-05-18 00:04:52.096 | INFO     | app.main:event_stream:110 - Agent Activity — system: token — 
2026-05-18 00:04:52.098 | INFO     | app.main:event_stream:110 - Agent Activity — system: token — 
2026-05-18 00:04:52.099 | INFO     | app.main:event_stream:110 - Agent Activity — system: token — 
2026-05-18 00:04:52.100 | INFO     | app.main:event_stream:110 - Agent Activity — system: token — 
2026-05-18 00:04:52.102 | INFO     | app.main:event_stream:110 - Agent Activity — system: token — 
2026-05-18 00:04:52.104 | INFO     | app.main:event_stream:110 - Agent Activity — system: done — 
2026-05-18 00:05:03.457 | INFO     | app.main:chat:86 - User queried: 5000 INR is my budget
2026-05-18 00:05:03.460 | INFO     | app.main:event_stream:110 - Agent Activity — intent: agent_start — Understanding your requirements...
2026-05-18 00:05:03.465 | INFO     | app.agents.graph:intent_node:28 - Graph: Running intent node
2026-05-18 00:05:06.042 | DEBUG    | app.agents.intent_agent:run_intent_agent:58 - Intent chain raw response: {
  "product_category": "ergonomic chair",
  "product_name": null,
  "specifications": [],
  "budget_range": {"min_price": 5000, "max_price": 5000, "currency": "INR"},
  "usage_context": "remote work",
  "brand_preferences": [],
  "urgency": "can_wait",
  "is_specific_product": false,
  "is_complete
2026-05-18 00:05:06.043 | INFO     | app.agents.intent_agent:run_intent_agent:63 - Intent extracted: category=ergonomic chair, specific=False, complete=True, confidence=0.8
2026-05-18 00:05:06.046 | INFO     | app.main:event_stream:110 - Agent Activity — intent: agent_complete — Identified: ergonomic chair
2026-05-18 00:05:06.047 | INFO     | app.main:event_stream:110 - Agent Activity — market: agent_start — Searching across platforms...
2026-05-18 00:05:06.048 | INFO     | app.main:event_stream:110 - Agent Activity — reddit: agent_start — Scanning Reddit discussions...
2026-05-18 00:05:06.049 | INFO     | app.main:event_stream:110 - Agent Activity — youtube: agent_start — Analyzing YouTube reviews...
2026-05-18 00:05:06.052 | INFO     | app.agents.graph:market_node:43 - Graph: Running market node
2026-05-18 00:05:06.053 | INFO     | app.agents.market_agent:run_market_agent:69 - Market agent searching: 'ergonomic chair for remote work under 5000 INR India buy'
2026-05-18 00:05:06.054 | INFO     | app.services.search_service:search_products:43 - Searching products via Serper API: ergonomic chair for remote work under 5000 INR India buy
2026-05-18 00:05:06.055 | INFO     | app.agents.graph:reddit_node:57 - Graph: Running reddit node
2026-05-18 00:05:06.057 | INFO     | app.agents.reddit_agent.reddit_agent:run_reddit_agent:98 - Reddit Agent: Searching ['GadgetsIndia', 'IndiaTech', 'india'] for 'ergonomic chair remote work review India'
2026-05-18 00:05:06.060 | INFO     | app.agents.graph:youtube_node:69 - Graph: Running youtube node
2026-05-18 00:05:06.065 | INFO     | app.agents.youtube_agent.youtube_agent:run_youtube_agent:38 - YouTube Agent: Searching for 'ergonomic chair for remote work' from trusted channels
2026-05-18 00:05:08.034 | INFO     | app.main:event_stream:110 - Agent Activity — youtube: agent_complete — Analyzed 0 YouTube videos
2026-05-18 00:05:08.415 | INFO     | app.services.search_service:search_products:90 - Serper API returned 10 results.
2026-05-18 00:05:08.952 | INFO     | app.main:event_stream:110 - Agent Activity — reddit: agent_complete — Analyzed 0 Reddit threads
2026-05-18 00:05:21.513 | DEBUG    | app.agents.market_agent:run_market_agent:108 - Market chain raw response: {
    "products": [
        {
            "name": "ASTRIDE Octave BIFMA Certified Ergonomic Office Chair for Work | 2D ...",
            "brand": "",
            "model": "",
            "price": 32225,
            "currency": "INR",
            "platform": "Amazon",
            "specs": {},
       
2026-05-18 00:05:21.516 | ERROR    | app.agents.market_agent:run_market_agent:139 - Market agent analysis error: Expecting ',' delimiter: line 100 column 24 (char 3779)
2026-05-18 00:05:21.518 | INFO     | app.main:event_stream:110 - Agent Activity — market: agent_complete — Found 0 products
2026-05-18 00:05:21.520 | INFO     | app.main:event_stream:110 - Agent Activity — system: token — 
2026-05-18 00:05:21.522 | INFO     | app.main:event_stream:110 - Agent Activity — system: token — 
2026-05-18 00:05:21.523 | INFO     | app.main:event_stream:110 - Agent Activity — system: token — 
2026-05-18 00:05:21.524 | INFO     | app.main:event_stream:110 - Agent Activity — system: token — 
2026-05-18 00:05:21.525 | INFO     | app.main:event_stream:110 - Agent Activity — system: token — 
2026-05-18 00:05:21.526 | INFO     | app.main:event_stream:110 - Agent Activity — system: token — 
2026-05-18 00:05:21.528 | INFO     | app.main:event_stream:110 - Agent Activity — system: token — 
2026-05-18 00:05:21.529 | INFO     | app.main:event_stream:110 - Agent Activity — system: token — 
2026-05-18 00:05:21.530 | INFO     | app.main:event_stream:110 - Agent Activity — system: token — 
2026-05-18 00:05:21.532 | INFO     | app.main:event_stream:110 - Agent Activity — system: token — 
2026-05-18 00:05:21.534 | INFO     | app.main:event_stream:110 - Agent Activity — system: token — 
2026-05-18 00:05:21.536 | INFO     | app.main:event_stream:110 - Agent Activity — system: token — 
2026-05-18 00:05:21.538 | INFO     | app.main:event_stream:110 - Agent Activity — system: token — 
2026-05-18 00:05:21.540 | INFO     | app.main:event_stream:110 - Agent Activity — system: token — 
2026-05-18 00:05:21.541 | INFO     | app.main:event_stream:110 - Agent Activity — system: token — 
2026-05-18 00:05:21.543 | INFO     | app.main:event_stream:110 - Agent Activity — system: token — 
2026-05-18 00:05:21.544 | INFO     | app.main:event_stream:110 - Agent Activity — system: token — 
2026-05-18 00:05:21.546 | INFO     | app.main:event_stream:110 - Agent Activity — system: token — 
2026-05-18 00:05:21.547 | INFO     | app.main:event_stream:110 - Agent Activity — system: token — 
2026-05-18 00:05:21.549 | INFO     | app.main:event_stream:110 - Agent Activity — system: token — 
2026-05-18 00:05:21.551 | INFO     | app.main:event_stream:110 - Agent Activity — system: token — 
2026-05-18 00:05:21.553 | INFO     | app.main:event_stream:110 - Agent Activity — system: token — 
2026-05-18 00:05:21.555 | INFO     | app.main:event_stream:110 - Agent Activity — system: token — 
2026-05-18 00:05:21.557 | INFO     | app.main:event_stream:110 - Agent Activity — system: token — 
2026-05-18 00:05:21.559 | INFO     | app.main:event_stream:110 - Agent Activity — system: token — 
2026-05-18 00:05:21.561 | INFO     | app.main:event_stream:110 - Agent Activity — system: token — 
2026-05-18 00:05:21.563 | INFO     | app.main:event_stream:110 - Agent Activity — system: done — 
2026-05-18 00:05:51.461 | INFO     | app.main:chat:86 - User queried: Ergonomic chairs for long remote work under 5000 INR
2026-05-18 00:05:51.466 | INFO     | app.main:event_stream:110 - Agent Activity — intent: agent_start — Understanding your requirements...
2026-05-18 00:05:51.471 | INFO     | app.agents.graph:intent_node:28 - Graph: Running intent node
2026-05-18 00:05:53.816 | DEBUG    | app.agents.intent_agent:run_intent_agent:58 - Intent chain raw response: {
  "product_category": "ergonomic chair",
  "product_name": null,
  "specifications": [],
  "budget_range": {"min_price": 0, "max_price": 5000, "currency": "INR"},
  "usage_context": "remote work",
  "brand_preferences": [],
  "urgency": "immediate",
  "is_specific_product": false,
  "is_complete":
2026-05-18 00:05:53.816 | INFO     | app.agents.intent_agent:run_intent_agent:63 - Intent extracted: category=ergonomic chair, specific=False, complete=True, confidence=1.0
2026-05-18 00:05:53.820 | INFO     | app.main:event_stream:110 - Agent Activity — intent: agent_complete — Identified: ergonomic chair
2026-05-18 00:05:53.821 | INFO     | app.main:event_stream:110 - Agent Activity — market: agent_start — Searching across platforms...
2026-05-18 00:05:53.822 | INFO     | app.main:event_stream:110 - Agent Activity — reddit: agent_start — Scanning Reddit discussions...
2026-05-18 00:05:53.824 | INFO     | app.main:event_stream:110 - Agent Activity — youtube: agent_start — Analyzing YouTube reviews...
2026-05-18 00:05:53.827 | INFO     | app.agents.graph:market_node:43 - Graph: Running market node
2026-05-18 00:05:53.828 | INFO     | app.agents.market_agent:run_market_agent:69 - Market agent searching: 'ergonomic chair for remote work under 5000 INR India buy'
2026-05-18 00:05:53.830 | INFO     | app.services.search_service:search_products:43 - Searching products via Serper API: ergonomic chair for remote work under 5000 INR India buy
2026-05-18 00:05:53.831 | INFO     | app.agents.graph:reddit_node:57 - Graph: Running reddit node
2026-05-18 00:05:53.833 | INFO     | app.agents.reddit_agent.reddit_agent:run_reddit_agent:98 - Reddit Agent: Searching ['GadgetsIndia', 'IndiaTech', 'india'] for 'ergonomic chair remote work review India'
2026-05-18 00:05:53.835 | INFO     | app.agents.graph:youtube_node:69 - Graph: Running youtube node
2026-05-18 00:05:53.838 | INFO     | app.agents.youtube_agent.youtube_agent:run_youtube_agent:38 - YouTube Agent: Searching for 'ergonomic chair for remote work' from trusted channels
2026-05-18 00:05:55.840 | INFO     | app.main:event_stream:110 - Agent Activity — youtube: agent_complete — Analyzed 0 YouTube videos
2026-05-18 00:05:55.869 | INFO     | app.main:event_stream:110 - Agent Activity — reddit: agent_complete — Analyzed 0 Reddit threads
2026-05-18 00:05:56.100 | INFO     | app.services.search_service:search_products:90 - Serper API returned 10 results.
2026-05-18 00:06:08.450 | DEBUG    | app.agents.market_agent:run_market_agent:108 - Market chain raw response: {
  "products": [
    {
      "name": "ASTRIDE Octave BIFMA Certified Ergonomic Office Chair for Work | 2D",
      "brand": "",
      "model": "",
      "price": 32225,
      "currency": "INR",
      "platform": "Amazon",
      "specs": {},
      "rating": null,
      "url": "https://www.amazon.in/e
2026-05-18 00:06:08.451 | ERROR    | app.agents.market_agent:run_market_agent:139 - Market agent analysis error: Expecting ',' delimiter: line 100 column 18 (char 3391)
2026-05-18 00:06:08.452 | INFO     | app.main:event_stream:110 - Agent Activity — market: agent_complete — Found 0 products
2026-05-18 00:06:08.454 | INFO     | app.main:event_stream:110 - Agent Activity — system: token — 
2026-05-18 00:06:08.456 | INFO     | app.main:event_stream:110 - Agent Activity — system: token — 
2026-05-18 00:06:08.457 | INFO     | app.main:event_stream:110 - Agent Activity — system: token — 
2026-05-18 00:06:08.459 | INFO     | app.main:event_stream:110 - Agent Activity — system: token — 
2026-05-18 00:06:08.460 | INFO     | app.main:event_stream:110 - Agent Activity — system: token — 
2026-05-18 00:06:08.461 | INFO     | app.main:event_stream:110 - Agent Activity — system: token — 
2026-05-18 00:06:08.463 | INFO     | app.main:event_stream:110 - Agent Activity — system: token — 
2026-05-18 00:06:08.464 | INFO     | app.main:event_stream:110 - Agent Activity — system: token — 
2026-05-18 00:06:08.466 | INFO     | app.main:event_stream:110 - Agent Activity — system: token — 
2026-05-18 00:06:08.468 | INFO     | app.main:event_stream:110 - Agent Activity — system: token — 
2026-05-18 00:06:08.470 | INFO     | app.main:event_stream:110 - Agent Activity — system: token — 
2026-05-18 00:06:08.472 | INFO     | app.main:event_stream:110 - Agent Activity — system: token — 
2026-05-18 00:06:08.474 | INFO     | app.main:event_stream:110 - Agent Activity — system: token — 
2026-05-18 00:06:08.477 | INFO     | app.main:event_stream:110 - Agent Activity — system: token — 
2026-05-18 00:06:08.480 | INFO     | app.main:event_stream:110 - Agent Activity — system: token — 
2026-05-18 00:06:08.483 | INFO     | app.main:event_stream:110 - Agent Activity — system: token — 
2026-05-18 00:06:08.485 | INFO     | app.main:event_stream:110 - Agent Activity — system: token — 
2026-05-18 00:06:08.488 | INFO     | app.main:event_stream:110 - Agent Activity — system: token — 
2026-05-18 00:06:08.490 | INFO     | app.main:event_stream:110 - Agent Activity — system: token — 
2026-05-18 00:06:08.492 | INFO     | app.main:event_stream:110 - Agent Activity — system: token — 
2026-05-18 00:06:08.496 | INFO     | app.main:event_stream:110 - Agent Activity — system: token — 
2026-05-18 00:06:08.498 | INFO     | app.main:event_stream:110 - Agent Activity — system: token — 
2026-05-18 00:06:08.501 | INFO     | app.main:event_stream:110 - Agent Activity — system: token — 
2026-05-18 00:06:08.503 | INFO     | app.main:event_stream:110 - Agent Activity — system: token — 
2026-05-18 00:06:08.505 | INFO     | app.main:event_stream:110 - Agent Activity — system: token — 
2026-05-18 00:06:08.508 | INFO     | app.main:event_stream:110 - Agent Activity — system: token — 
2026-05-18 00:06:08.510 | INFO     | app.main:event_stream:110 - Agent Activity — system: done — 
2026-05-18 00:08:16.069 | INFO     | app.main:lifespan:42 - 👋 VeriBuy Backend shutting down
2026-05-18 00:08:17.779 | INFO     | app.main:lifespan:32 - 🚀 VeriBuy Backend starting...
2026-05-18 00:08:17.780 | INFO     | app.main:lifespan:37 - ✅ Ollama connected — model: qwen3:0.6b
2026-05-18 00:08:34.600 | INFO     | app.main:lifespan:42 - 👋 VeriBuy Backend shutting down
2026-05-18 00:08:36.183 | INFO     | app.main:lifespan:32 - 🚀 VeriBuy Backend starting...
2026-05-18 00:08:36.183 | INFO     | app.main:lifespan:37 - ✅ Ollama connected — model: qwen3:0.6b
2026-05-18 00:08:52.170 | INFO     | app.main:lifespan:42 - 👋 VeriBuy Backend shutting down
2026-05-18 00:08:53.605 | INFO     | app.main:lifespan:32 - 🚀 VeriBuy Backend starting...
2026-05-18 00:08:53.606 | INFO     | app.main:lifespan:37 - ✅ Ollama connected — model: qwen3:0.6b
2026-05-18 00:12:03.668 | INFO     | app.main:chat:86 - User queried: Best coding laptops with 32GB RAM
2026-05-18 00:12:03.680 | INFO     | app.main:event_stream:110 - Agent Activity — intent: agent_start — Understanding your requirements...
2026-05-18 00:12:03.688 | INFO     | app.agents.graph:intent_node:28 - Graph: Running intent node
2026-05-18 00:12:07.069 | DEBUG    | app.agents.intent_agent:run_intent_agent:58 - Intent chain raw response: {
    "product_category": "laptop",
    "product_name": null,
    "specifications": ["32GB RAM"],
    "budget_range": {"min_price": 0, "max_price": 999999, "currency": "INR"},
    "usage_context": "gaming",
    "brand_preferences": [],
    "urgency": "can_wait",
    "is_specific_product": false,
   
2026-05-18 00:12:07.070 | INFO     | app.agents.intent_agent:run_intent_agent:63 - Intent extracted: category=laptop, specific=False, complete=False, confidence=0.8
2026-05-18 00:12:07.074 | INFO     | app.main:event_stream:110 - Agent Activity — intent: agent_complete — Identified: laptop
2026-05-18 00:12:07.075 | INFO     | app.main:event_stream:110 - Agent Activity — intent: followup_needed — I need a bit more info: What is your budget for the laptop?
2026-05-18 00:12:07.076 | INFO     | app.main:event_stream:110 - Agent Activity — system: token — 
2026-05-18 00:12:07.078 | INFO     | app.main:event_stream:110 - Agent Activity — system: token — 
2026-05-18 00:12:07.079 | INFO     | app.main:event_stream:110 - Agent Activity — system: token — 
2026-05-18 00:12:07.081 | INFO     | app.main:event_stream:110 - Agent Activity — system: token — 
2026-05-18 00:12:07.082 | INFO     | app.main:event_stream:110 - Agent Activity — system: token — 
2026-05-18 00:12:07.083 | INFO     | app.main:event_stream:110 - Agent Activity — system: token — 
2026-05-18 00:12:07.085 | INFO     | app.main:event_stream:110 - Agent Activity — system: token — 
2026-05-18 00:12:07.088 | INFO     | app.main:event_stream:110 - Agent Activity — system: token — 
2026-05-18 00:12:07.089 | INFO     | app.main:event_stream:110 - Agent Activity — system: token — 
2026-05-18 00:12:07.091 | INFO     | app.main:event_stream:110 - Agent Activity — system: token — 
2026-05-18 00:12:07.093 | INFO     | app.main:event_stream:110 - Agent Activity — system: token — 
2026-05-18 00:12:07.095 | INFO     | app.main:event_stream:110 - Agent Activity — system: token — 
2026-05-18 00:12:07.097 | INFO     | app.main:event_stream:110 - Agent Activity — system: done — 
2026-05-18 00:12:13.829 | INFO     | app.main:chat:86 - User queried: 170000 INR
2026-05-18 00:12:13.832 | INFO     | app.main:event_stream:110 - Agent Activity — intent: agent_start — Understanding your requirements...
2026-05-18 00:12:13.836 | INFO     | app.agents.graph:intent_node:28 - Graph: Running intent node
2026-05-18 00:12:16.611 | DEBUG    | app.agents.intent_agent:run_intent_agent:58 - Intent chain raw response: {
    "product_category": "laptop",
    "product_name": null,
    "specifications": ["32GB RAM"],
    "budget_range": {"min_price": 170000, "max_price": 170000, "currency": "INR"},
    "usage_context": "general",
    "brand_preferences": [],
    "urgency": "can_wait",
    "is_specific_product": fals
2026-05-18 00:12:16.611 | INFO     | app.agents.intent_agent:run_intent_agent:63 - Intent extracted: category=laptop, specific=False, complete=True, confidence=1.0
2026-05-18 00:12:16.616 | INFO     | app.main:event_stream:110 - Agent Activity — intent: agent_complete — Identified: laptop
2026-05-18 00:12:16.617 | INFO     | app.main:event_stream:110 - Agent Activity — market: agent_start — Searching across platforms...
2026-05-18 00:12:16.618 | INFO     | app.main:event_stream:110 - Agent Activity — reddit: agent_start — Scanning Reddit discussions...
2026-05-18 00:12:16.619 | INFO     | app.main:event_stream:110 - Agent Activity — youtube: agent_start — Analyzing YouTube reviews...
2026-05-18 00:12:16.623 | INFO     | app.agents.graph:market_node:43 - Graph: Running market node
2026-05-18 00:12:16.624 | INFO     | app.agents.market_agent:run_market_agent:69 - Market agent searching: 'laptop 32GB RAM under 170000 INR India buy'
2026-05-18 00:12:16.625 | INFO     | app.services.search_service:search_products:43 - Searching products via Serper API: laptop 32GB RAM under 170000 INR India buy
2026-05-18 00:12:16.627 | INFO     | app.agents.graph:reddit_node:57 - Graph: Running reddit node
2026-05-18 00:12:16.629 | INFO     | app.agents.reddit_agent.reddit_agent:run_reddit_agent:106 - Reddit Agent: Searching ['GadgetsIndia', 'IndianGaming', 'LaptopDealsIndia', 'SuggestALaptop'] for 'laptop review India'
2026-05-18 00:12:16.633 | INFO     | app.agents.graph:youtube_node:69 - Graph: Running youtube node
2026-05-18 00:12:16.637 | INFO     | app.agents.youtube_agent.youtube_agent:run_youtube_agent:38 - YouTube Agent: Searching for 'laptop' from trusted channels
2026-05-18 00:12:18.560 | INFO     | app.agents.reddit_agent.reddit_agent:run_reddit_agent:114 - Fetching thread: Need Laptop Suggestions and Reviews from users for this laptop.
2026-05-18 00:12:19.719 | INFO     | app.agents.reddit_agent.reddit_agent:run_reddit_agent:114 - Fetching thread: The worst choice I ever made was buying a Gigabyte laptop in India
2026-05-18 00:12:21.071 | INFO     | app.agents.reddit_agent.reddit_agent:run_reddit_agent:114 - Fetching thread: Recently bought a laptop from r/lestic. Review after 10 days - Reddit
2026-05-18 00:12:22.149 | INFO     | app.services.search_service:search_products:90 - Serper API returned 10 results.
2026-05-18 00:12:22.160 | INFO     | app.main:event_stream:110 - Agent Activity — reddit: agent_complete — Analyzed 3 Reddit threads
2026-05-18 00:12:35.578 | DEBUG    | app.agents.market_agent:run_market_agent:108 - Market chain raw response: {
  "products": [
    {
      "name": "Dell 32gb Ram Laptop Core I7",
      "brand": "Dell",
      "model": "",
      "price": 82490,
      "currency": "INR",
      "platform": "Amazon",
      "specs": {},
      "rating": 4.0,
      "url": "https://www.amazon.in/dell-32gb-ram-laptop-core-i7/s?k=dell
2026-05-18 00:12:36.639 | INFO     | app.main:event_stream:110 - Agent Activity — youtube: agent_complete — Analyzed 0 YouTube videos
2026-05-18 00:12:36.640 | INFO     | app.main:event_stream:110 - Agent Activity — market: agent_complete — Found 3 products
2026-05-18 00:12:36.643 | INFO     | app.main:event_stream:110 - Agent Activity — system: token — 
2026-05-18 00:12:36.643 | INFO     | app.main:event_stream:110 - Agent Activity — system: token — 
2026-05-18 00:12:36.644 | INFO     | app.main:event_stream:110 - Agent Activity — system: token — 
2026-05-18 00:12:36.646 | INFO     | app.main:event_stream:110 - Agent Activity — system: token — 
2026-05-18 00:12:36.647 | INFO     | app.main:event_stream:110 - Agent Activity — system: token — 
2026-05-18 00:12:36.649 | INFO     | app.main:event_stream:110 - Agent Activity — system: token — 
2026-05-18 00:12:36.651 | INFO     | app.main:event_stream:110 - Agent Activity — system: token — 
2026-05-18 00:12:36.654 | INFO     | app.main:event_stream:110 - Agent Activity — system: token — 
2026-05-18 00:12:36.656 | INFO     | app.main:event_stream:110 - Agent Activity — system: token — 
2026-05-18 00:12:36.657 | INFO     | app.main:event_stream:110 - Agent Activity — system: token — 
2026-05-18 00:12:36.658 | INFO     | app.main:event_stream:110 - Agent Activity — system: token — 
2026-05-18 00:12:36.659 | INFO     | app.main:event_stream:110 - Agent Activity — system: token — 
2026-05-18 00:12:36.660 | INFO     | app.main:event_stream:110 - Agent Activity — system: token — 
2026-05-18 00:12:36.661 | INFO     | app.main:event_stream:110 - Agent Activity — system: token — 
2026-05-18 00:12:36.662 | INFO     | app.main:event_stream:110 - Agent Activity — system: token — 
2026-05-18 00:12:36.663 | INFO     | app.main:event_stream:110 - Agent Activity — system: token — 
2026-05-18 00:12:36.664 | INFO     | app.main:event_stream:110 - Agent Activity — system: token — 
2026-05-18 00:12:36.665 | INFO     | app.main:event_stream:110 - Agent Activity — system: token — 
2026-05-18 00:12:36.667 | INFO     | app.main:event_stream:110 - Agent Activity — system: token — 
2026-05-18 00:12:36.669 | INFO     | app.main:event_stream:110 - Agent Activity — system: token — 
2026-05-18 00:12:36.673 | INFO     | app.main:event_stream:110 - Agent Activity — system: token — 
2026-05-18 00:12:36.676 | INFO     | app.main:event_stream:110 - Agent Activity — system: token — 
2026-05-18 00:12:36.677 | INFO     | app.main:event_stream:110 - Agent Activity — system: token — 
2026-05-18 00:12:36.678 | INFO     | app.main:event_stream:110 - Agent Activity — system: token — 
2026-05-18 00:12:36.679 | INFO     | app.main:event_stream:110 - Agent Activity — system: token — 
2026-05-18 00:12:36.680 | INFO     | app.main:event_stream:110 - Agent Activity — system: token — 
2026-05-18 00:12:36.681 | INFO     | app.main:event_stream:110 - Agent Activity — system: token — 
2026-05-18 00:12:36.681 | INFO     | app.main:event_stream:110 - Agent Activity — system: token — 
2026-05-18 00:12:36.682 | INFO     | app.main:event_stream:110 - Agent Activity — system: token — 
2026-05-18 00:12:36.682 | INFO     | app.main:event_stream:110 - Agent Activity — system: token — 
2026-05-18 00:12:36.685 | INFO     | app.main:event_stream:110 - Agent Activity — system: token — 
2026-05-18 00:12:36.687 | INFO     | app.main:event_stream:110 - Agent Activity — system: token — 
2026-05-18 00:12:36.688 | INFO     | app.main:event_stream:110 - Agent Activity — system: token — 
2026-05-18 00:12:36.690 | INFO     | app.main:event_stream:110 - Agent Activity — system: token — 
2026-05-18 00:12:36.691 | INFO     | app.main:event_stream:110 - Agent Activity — system: token — 
2026-05-18 00:12:36.692 | INFO     | app.main:event_stream:110 - Agent Activity — system: token — 
2026-05-18 00:12:36.694 | INFO     | app.main:event_stream:110 - Agent Activity — system: token — 
2026-05-18 00:12:36.695 | INFO     | app.main:event_stream:110 - Agent Activity — system: token — 
2026-05-18 00:12:36.696 | INFO     | app.main:event_stream:110 - Agent Activity — system: token — 
2026-05-18 00:12:36.697 | INFO     | app.main:event_stream:110 - Agent Activity — system: token — 
2026-05-18 00:12:36.698 | INFO     | app.main:event_stream:110 - Agent Activity — system: token — 
2026-05-18 00:12:36.700 | INFO     | app.main:event_stream:110 - Agent Activity — system: token — 
2026-05-18 00:12:36.702 | INFO     | app.main:event_stream:110 - Agent Activity — system: token — 
2026-05-18 00:12:36.703 | INFO     | app.main:event_stream:110 - Agent Activity — system: token — 
2026-05-18 00:12:36.704 | INFO     | app.main:event_stream:110 - Agent Activity — system: token — 
2026-05-18 00:12:36.705 | INFO     | app.main:event_stream:110 - Agent Activity — system: token — 
2026-05-18 00:12:36.706 | INFO     | app.main:event_stream:110 - Agent Activity — system: token — 
2026-05-18 00:12:36.706 | INFO     | app.main:event_stream:110 - Agent Activity — system: token — 
2026-05-18 00:12:36.707 | INFO     | app.main:event_stream:110 - Agent Activity — system: token — 
2026-05-18 00:12:36.708 | INFO     | app.main:event_stream:110 - Agent Activity — system: token — 
2026-05-18 00:12:36.708 | INFO     | app.main:event_stream:110 - Agent Activity — system: token — 
2026-05-18 00:12:36.709 | INFO     | app.main:event_stream:110 - Agent Activity — system: token — 
2026-05-18 00:12:36.711 | INFO     | app.main:event_stream:110 - Agent Activity — system: token — 
2026-05-18 00:12:36.711 | INFO     | app.main:event_stream:110 - Agent Activity — system: token — 
2026-05-18 00:12:36.712 | INFO     | app.main:event_stream:110 - Agent Activity — system: token — 
2026-05-18 00:12:36.712 | INFO     | app.main:event_stream:110 - Agent Activity — system: token — 
2026-05-18 00:12:36.713 | INFO     | app.main:event_stream:110 - Agent Activity — system: token — 
2026-05-18 00:12:36.714 | INFO     | app.main:event_stream:110 - Agent Activity — system: token — 
2026-05-18 00:12:36.714 | INFO     | app.main:event_stream:110 - Agent Activity — system: token — 
2026-05-18 00:12:36.715 | INFO     | app.main:event_stream:110 - Agent Activity — system: token — 
2026-05-18 00:12:36.716 | INFO     | app.main:event_stream:110 - Agent Activity — system: token — 
2026-05-18 00:12:36.716 | INFO     | app.main:event_stream:110 - Agent Activity — system: token — 
2026-05-18 00:12:36.717 | INFO     | app.main:event_stream:110 - Agent Activity — system: token — 
2026-05-18 00:12:36.718 | INFO     | app.main:event_stream:110 - Agent Activity — system: token — 
2026-05-18 00:12:36.719 | INFO     | app.main:event_stream:110 - Agent Activity — system: token — 
2026-05-18 00:12:36.720 | INFO     | app.main:event_stream:110 - Agent Activity — system: token — 
2026-05-18 00:12:36.721 | INFO     | app.main:event_stream:110 - Agent Activity — system: token — 
2026-05-18 00:12:36.722 | INFO     | app.main:event_stream:110 - Agent Activity — system: token — 
2026-05-18 00:12:36.723 | INFO     | app.main:event_stream:110 - Agent Activity — system: token — 
2026-05-18 00:12:36.724 | INFO     | app.main:event_stream:110 - Agent Activity — system: token — 
2026-05-18 00:12:36.724 | INFO     | app.main:event_stream:110 - Agent Activity — system: token — 
2026-05-18 00:12:36.725 | INFO     | app.main:event_stream:110 - Agent Activity — system: token — 
2026-05-18 00:12:36.726 | INFO     | app.main:event_stream:110 - Agent Activity — system: token — 
2026-05-18 00:12:36.726 | INFO     | app.main:event_stream:110 - Agent Activity — system: token — 
2026-05-18 00:12:36.727 | INFO     | app.main:event_stream:110 - Agent Activity — system: token — 
2026-05-18 00:12:36.727 | INFO     | app.main:event_stream:110 - Agent Activity — system: token — 
2026-05-18 00:12:36.728 | INFO     | app.main:event_stream:110 - Agent Activity — system: token — 
2026-05-18 00:12:36.728 | INFO     | app.main:event_stream:110 - Agent Activity — system: token — 
2026-05-18 00:12:36.729 | INFO     | app.main:event_stream:110 - Agent Activity — system: token — 
2026-05-18 00:12:36.729 | INFO     | app.main:event_stream:110 - Agent Activity — system: token — 
2026-05-18 00:12:36.730 | INFO     | app.main:event_stream:110 - Agent Activity — system: token — 
2026-05-18 00:12:36.731 | INFO     | app.main:event_stream:110 - Agent Activity — system: token — 
2026-05-18 00:12:36.731 | INFO     | app.main:event_stream:110 - Agent Activity — system: token — 
2026-05-18 00:12:36.732 | INFO     | app.main:event_stream:110 - Agent Activity — system: token — 
2026-05-18 00:12:36.732 | INFO     | app.main:event_stream:110 - Agent Activity — system: token — 
2026-05-18 00:12:36.733 | INFO     | app.main:event_stream:110 - Agent Activity — system: token — 
2026-05-18 00:12:36.734 | INFO     | app.main:event_stream:110 - Agent Activity — system: token — 
2026-05-18 00:12:36.735 | INFO     | app.main:event_stream:110 - Agent Activity — system: token — 
2026-05-18 00:12:36.736 | INFO     | app.main:event_stream:110 - Agent Activity — system: token — 
2026-05-18 00:12:36.737 | INFO     | app.main:event_stream:110 - Agent Activity — system: token — 
2026-05-18 00:12:36.738 | INFO     | app.main:event_stream:110 - Agent Activity — system: token — 
2026-05-18 00:12:36.738 | INFO     | app.main:event_stream:110 - Agent Activity — system: token — 
2026-05-18 00:12:36.739 | INFO     | app.main:event_stream:110 - Agent Activity — system: token — 
2026-05-18 00:12:36.739 | INFO     | app.main:event_stream:110 - Agent Activity — system: token — 
2026-05-18 00:12:36.740 | INFO     | app.main:event_stream:110 - Agent Activity — system: token — 
2026-05-18 00:12:36.740 | INFO     | app.main:event_stream:110 - Agent Activity — system: token — 
2026-05-18 00:12:36.741 | INFO     | app.main:event_stream:110 - Agent Activity — system: token — 
2026-05-18 00:12:36.741 | INFO     | app.main:event_stream:110 - Agent Activity — system: token — 
2026-05-18 00:12:36.742 | INFO     | app.main:event_stream:110 - Agent Activity — system: token — 
2026-05-18 00:12:36.742 | INFO     | app.main:event_stream:110 - Agent Activity — system: token — 
2026-05-18 00:12:36.742 | INFO     | app.main:event_stream:110 - Agent Activity — system: token — 
2026-05-18 00:12:36.743 | INFO     | app.main:event_stream:110 - Agent Activity — system: token — 
2026-05-18 00:12:36.743 | INFO     | app.main:event_stream:110 - Agent Activity — system: token — 
2026-05-18 00:12:36.744 | INFO     | app.main:event_stream:110 - Agent Activity — system: token — 
2026-05-18 00:12:36.744 | INFO     | app.main:event_stream:110 - Agent Activity — system: token — 
2026-05-18 00:12:36.745 | INFO     | app.main:event_stream:110 - Agent Activity — system: token — 
2026-05-18 00:12:36.745 | INFO     | app.main:event_stream:110 - Agent Activity — system: token — 
2026-05-18 00:12:36.746 | INFO     | app.main:event_stream:110 - Agent Activity — system: token — 
2026-05-18 00:12:36.746 | INFO     | app.main:event_stream:110 - Agent Activity — system: token — 
2026-05-18 00:12:36.747 | INFO     | app.main:event_stream:110 - Agent Activity — system: token — 
2026-05-18 00:12:36.747 | INFO     | app.main:event_stream:110 - Agent Activity — system: token — 
2026-05-18 00:12:36.748 | INFO     | app.main:event_stream:110 - Agent Activity — system: token — 
2026-05-18 00:12:36.748 | INFO     | app.main:event_stream:110 - Agent Activity — system: token — 
2026-05-18 00:12:36.749 | INFO     | app.main:event_stream:110 - Agent Activity — system: token — 
2026-05-18 00:12:36.749 | INFO     | app.main:event_stream:110 - Agent Activity — system: token — 
2026-05-18 00:12:36.751 | INFO     | app.main:event_stream:110 - Agent Activity — system: token — 
2026-05-18 00:12:36.752 | INFO     | app.main:event_stream:110 - Agent Activity — system: token — 
2026-05-18 00:12:36.753 | INFO     | app.main:event_stream:110 - Agent Activity — system: token — 
2026-05-18 00:12:36.754 | INFO     | app.main:event_stream:110 - Agent Activity — system: token — 
2026-05-18 00:12:36.754 | INFO     | app.main:event_stream:110 - Agent Activity — system: token — 
2026-05-18 00:12:36.755 | INFO     | app.main:event_stream:110 - Agent Activity — system: token — 
2026-05-18 00:12:36.755 | INFO     | app.main:event_stream:110 - Agent Activity — system: token — 
2026-05-18 00:12:36.756 | INFO     | app.main:event_stream:110 - Agent Activity — system: token — 
2026-05-18 00:12:36.756 | INFO     | app.main:event_stream:110 - Agent Activity — system: token — 
2026-05-18 00:12:36.757 | INFO     | app.main:event_stream:110 - Agent Activity — system: token — 
2026-05-18 00:12:36.757 | INFO     | app.main:event_stream:110 - Agent Activity — system: token — 
2026-05-18 00:12:36.758 | INFO     | app.main:event_stream:110 - Agent Activity — system: token — 
2026-05-18 00:12:36.758 | INFO     | app.main:event_stream:110 - Agent Activity — system: token — 
2026-05-18 00:12:36.759 | INFO     | app.main:event_stream:110 - Agent Activity — system: token — 
2026-05-18 00:12:36.759 | INFO     | app.main:event_stream:110 - Agent Activity — system: token — 
2026-05-18 00:12:36.760 | INFO     | app.main:event_stream:110 - Agent Activity — system: token — 
2026-05-18 00:12:36.760 | INFO     | app.main:event_stream:110 - Agent Activity — system: token — 
2026-05-18 00:12:36.761 | INFO     | app.main:event_stream:110 - Agent Activity — system: token — 
2026-05-18 00:12:36.761 | INFO     | app.main:event_stream:110 - Agent Activity — system: token — 
2026-05-18 00:12:36.762 | INFO     | app.main:event_stream:110 - Agent Activity — system: token — 
2026-05-18 00:12:36.762 | INFO     | app.main:event_stream:110 - Agent Activity — system: token — 
2026-05-18 00:12:36.763 | INFO     | app.main:event_stream:110 - Agent Activity — system: token — 
2026-05-18 00:12:36.763 | INFO     | app.main:event_stream:110 - Agent Activity — system: token — 
2026-05-18 00:12:36.764 | INFO     | app.main:event_stream:110 - Agent Activity — system: token — 
2026-05-18 00:12:36.764 | INFO     | app.main:event_stream:110 - Agent Activity — system: token — 
2026-05-18 00:12:36.765 | INFO     | app.main:event_stream:110 - Agent Activity — system: token — 
2026-05-18 00:12:36.765 | INFO     | app.main:event_stream:110 - Agent Activity — system: token — 
2026-05-18 00:12:36.766 | INFO     | app.main:event_stream:110 - Agent Activity — system: token — 
2026-05-18 00:12:36.768 | INFO     | app.main:event_stream:110 - Agent Activity — system: token — 
2026-05-18 00:12:36.768 | INFO     | app.main:event_stream:110 - Agent Activity — system: token — 
2026-05-18 00:12:36.769 | INFO     | app.main:event_stream:110 - Agent Activity — system: token — 
2026-05-18 00:12:36.770 | INFO     | app.main:event_stream:110 - Agent Activity — system: token — 
2026-05-18 00:12:36.771 | INFO     | app.main:event_stream:110 - Agent Activity — system: token — 
2026-05-18 00:12:36.771 | INFO     | app.main:event_stream:110 - Agent Activity — system: token — 
2026-05-18 00:12:36.772 | INFO     | app.main:event_stream:110 - Agent Activity — system: token — 
2026-05-18 00:12:36.773 | INFO     | app.main:event_stream:110 - Agent Activity — system: token — 
2026-05-18 00:12:36.773 | INFO     | app.main:event_stream:110 - Agent Activity — system: final_result — Research complete! See the dashboard for details.
2026-05-18 00:12:36.774 | INFO     | app.main:event_stream:110 - Agent Activity — system: done — 
2026-05-18 00:13:19.759 | INFO     | app.main:chat:86 - User queried: Best coding laptops with 32GB RAM
2026-05-18 00:13:19.762 | INFO     | app.main:event_stream:110 - Agent Activity — intent: agent_start — Understanding your requirements...
2026-05-18 00:13:19.766 | INFO     | app.agents.graph:intent_node:28 - Graph: Running intent node
2026-05-18 00:13:22.695 | DEBUG    | app.agents.intent_agent:run_intent_agent:58 - Intent chain raw response: {
    "product_category": "laptop",
    "product_name": null,
    "specifications": ["32GB RAM"],
    "budget_range": {"min_price": 0, "max_price": 999999, "currency": "INR"},
    "usage_context": "gaming",
    "brand_preferences": [],
    "urgency": "can_wait",
    "is_specific_product": false,
   
2026-05-18 00:13:22.696 | INFO     | app.agents.intent_agent:run_intent_agent:63 - Intent extracted: category=laptop, specific=False, complete=False, confidence=0.8
2026-05-18 00:13:22.700 | INFO     | app.main:event_stream:110 - Agent Activity — intent: agent_complete — Identified: laptop
2026-05-18 00:13:22.701 | INFO     | app.main:event_stream:110 - Agent Activity — intent: followup_needed — I need a bit more info: What is your budget for the laptop?
2026-05-18 00:13:22.705 | INFO     | app.main:event_stream:110 - Agent Activity — system: token — 
2026-05-18 00:13:22.709 | INFO     | app.main:event_stream:110 - Agent Activity — system: token — 
2026-05-18 00:13:22.712 | INFO     | app.main:event_stream:110 - Agent Activity — system: token — 
2026-05-18 00:13:22.715 | INFO     | app.main:event_stream:110 - Agent Activity — system: token — 
2026-05-18 00:13:22.719 | INFO     | app.main:event_stream:110 - Agent Activity — system: token — 
2026-05-18 00:13:22.725 | INFO     | app.main:event_stream:110 - Agent Activity — system: token — 
2026-05-18 00:13:22.736 | INFO     | app.main:event_stream:110 - Agent Activity — system: token — 
2026-05-18 00:13:22.738 | INFO     | app.main:event_stream:110 - Agent Activity — system: token — 
2026-05-18 00:13:22.741 | INFO     | app.main:event_stream:110 - Agent Activity — system: token — 
2026-05-18 00:13:22.745 | INFO     | app.main:event_stream:110 - Agent Activity — system: token — 
2026-05-18 00:13:22.749 | INFO     | app.main:event_stream:110 - Agent Activity — system: token — 
2026-05-18 00:13:22.752 | INFO     | app.main:event_stream:110 - Agent Activity — system: token — 
2026-05-18 00:13:22.757 | INFO     | app.main:event_stream:110 - Agent Activity — system: done — 
2026-05-18 00:13:28.607 | INFO     | app.main:chat:86 - User queried: 100000 INR
2026-05-18 00:13:28.609 | INFO     | app.main:event_stream:110 - Agent Activity — intent: agent_start — Understanding your requirements...
2026-05-18 00:13:28.613 | INFO     | app.agents.graph:intent_node:28 - Graph: Running intent node
2026-05-18 00:13:30.997 | DEBUG    | app.agents.intent_agent:run_intent_agent:58 - Intent chain raw response: {
    "product_category": "laptop",
    "product_name": null,
    "specifications": ["32GB RAM"],
    "budget_range": {"min_price": 100000, "max_price": 100000, "currency": "INR"},
    "usage_context": "general",
    "brand_preferences": [],
    "urgency": "can_wait",
    "is_specific_product": fals
2026-05-18 00:13:30.997 | INFO     | app.agents.intent_agent:run_intent_agent:63 - Intent extracted: category=laptop, specific=False, complete=True, confidence=0.8
2026-05-18 00:13:31.000 | INFO     | app.main:event_stream:110 - Agent Activity — intent: agent_complete — Identified: laptop
2026-05-18 00:13:31.001 | INFO     | app.main:event_stream:110 - Agent Activity — market: agent_start — Searching across platforms...
2026-05-18 00:13:31.002 | INFO     | app.main:event_stream:110 - Agent Activity — reddit: agent_start — Scanning Reddit discussions...
2026-05-18 00:13:31.003 | INFO     | app.main:event_stream:110 - Agent Activity — youtube: agent_start — Analyzing YouTube reviews...
2026-05-18 00:13:31.006 | INFO     | app.agents.graph:market_node:43 - Graph: Running market node
2026-05-18 00:13:31.007 | INFO     | app.agents.market_agent:run_market_agent:69 - Market agent searching: 'laptop 32GB RAM under 100000 INR India buy'
2026-05-18 00:13:31.009 | INFO     | app.services.search_service:search_products:43 - Searching products via Serper API: laptop 32GB RAM under 100000 INR India buy
2026-05-18 00:13:31.011 | INFO     | app.agents.graph:reddit_node:57 - Graph: Running reddit node
2026-05-18 00:13:31.014 | INFO     | app.agents.reddit_agent.reddit_agent:run_reddit_agent:106 - Reddit Agent: Searching ['GadgetsIndia', 'IndianGaming', 'LaptopDealsIndia', 'SuggestALaptop'] for 'laptop review India'
2026-05-18 00:13:31.018 | INFO     | app.agents.graph:youtube_node:69 - Graph: Running youtube node
2026-05-18 00:13:31.021 | INFO     | app.agents.youtube_agent.youtube_agent:run_youtube_agent:38 - YouTube Agent: Searching for 'laptop' from trusted channels
2026-05-18 00:13:32.998 | INFO     | app.services.search_service:search_products:90 - Serper API returned 10 results.
2026-05-18 00:13:33.536 | INFO     | app.agents.reddit_agent.reddit_agent:run_reddit_agent:114 - Fetching thread: Need Laptop Suggestions and Reviews from users for this laptop.
2026-05-18 00:13:34.515 | INFO     | app.agents.reddit_agent.reddit_agent:run_reddit_agent:114 - Fetching thread: The worst choice I ever made was buying a Gigabyte laptop in India
2026-05-18 00:13:36.262 | INFO     | app.agents.reddit_agent.reddit_agent:run_reddit_agent:114 - Fetching thread: Recently bought a laptop from r/lestic. Review after 10 days - Reddit
2026-05-18 00:13:37.321 | INFO     | app.main:event_stream:110 - Agent Activity — reddit: agent_complete — Analyzed 3 Reddit threads
2026-05-18 00:13:37.325 | INFO     | app.main:event_stream:110 - Agent Activity — youtube: agent_complete — Analyzed 0 YouTube videos
2026-05-18 00:13:49.057 | DEBUG    | app.agents.market_agent:run_market_agent:108 - Market chain raw response: {
  "products": [
    {
      "name": "ASUS Zenbook 14 (2026),Intel Core Ultra 9 285H,Intel Arc iGPU,32GB RAM,1TB SSD,OLED,Touchscreen,14\"(35.5 cm),Win 11,M365 Basic(1Y)* Office 24,Foggy Silver,1.28 ...",
      "brand": "ASUS",
      "model": "Zenbook 14 (2026)",
      "price": 871990,
      "curre
2026-05-18 00:13:49.607 | INFO     | app.main:event_stream:110 - Agent Activity — market: agent_complete — Found 2 products
2026-05-18 00:13:49.608 | INFO     | app.main:event_stream:110 - Agent Activity — system: token — 
2026-05-18 00:13:49.609 | INFO     | app.main:event_stream:110 - Agent Activity — system: token — 
2026-05-18 00:13:49.610 | INFO     | app.main:event_stream:110 - Agent Activity — system: token — 
2026-05-18 00:13:49.610 | INFO     | app.main:event_stream:110 - Agent Activity — system: token — 
2026-05-18 00:13:49.611 | INFO     | app.main:event_stream:110 - Agent Activity — system: token — 
2026-05-18 00:13:49.612 | INFO     | app.main:event_stream:110 - Agent Activity — system: token — 
2026-05-18 00:13:49.612 | INFO     | app.main:event_stream:110 - Agent Activity — system: token — 
2026-05-18 00:13:49.613 | INFO     | app.main:event_stream:110 - Agent Activity — system: token — 
2026-05-18 00:13:49.614 | INFO     | app.main:event_stream:110 - Agent Activity — system: token — 
2026-05-18 00:13:49.615 | INFO     | app.main:event_stream:110 - Agent Activity — system: token — 
2026-05-18 00:13:49.616 | INFO     | app.main:event_stream:110 - Agent Activity — system: token — 
2026-05-18 00:13:49.617 | INFO     | app.main:event_stream:110 - Agent Activity — system: token — 
2026-05-18 00:13:49.618 | INFO     | app.main:event_stream:110 - Agent Activity — system: token — 
2026-05-18 00:13:49.619 | INFO     | app.main:event_stream:110 - Agent Activity — system: token — 
2026-05-18 00:13:49.620 | INFO     | app.main:event_stream:110 - Agent Activity — system: token — 
2026-05-18 00:13:49.622 | INFO     | app.main:event_stream:110 - Agent Activity — system: token — 
2026-05-18 00:13:49.623 | INFO     | app.main:event_stream:110 - Agent Activity — system: token — 
2026-05-18 00:13:49.625 | INFO     | app.main:event_stream:110 - Agent Activity — system: token — 
2026-05-18 00:13:49.627 | INFO     | app.main:event_stream:110 - Agent Activity — system: token — 
2026-05-18 00:13:49.628 | INFO     | app.main:event_stream:110 - Agent Activity — system: token — 
2026-05-18 00:13:49.629 | INFO     | app.main:event_stream:110 - Agent Activity — system: token — 
2026-05-18 00:13:49.630 | INFO     | app.main:event_stream:110 - Agent Activity — system: token — 
2026-05-18 00:13:49.631 | INFO     | app.main:event_stream:110 - Agent Activity — system: token — 
2026-05-18 00:13:49.631 | INFO     | app.main:event_stream:110 - Agent Activity — system: token — 
2026-05-18 00:13:49.632 | INFO     | app.main:event_stream:110 - Agent Activity — system: token — 
2026-05-18 00:13:49.633 | INFO     | app.main:event_stream:110 - Agent Activity — system: token — 
2026-05-18 00:13:49.634 | INFO     | app.main:event_stream:110 - Agent Activity — system: token — 
2026-05-18 00:13:49.634 | INFO     | app.main:event_stream:110 - Agent Activity — system: token — 
2026-05-18 00:13:49.636 | INFO     | app.main:event_stream:110 - Agent Activity — system: token — 
2026-05-18 00:13:49.637 | INFO     | app.main:event_stream:110 - Agent Activity — system: token — 
2026-05-18 00:13:49.637 | INFO     | app.main:event_stream:110 - Agent Activity — system: token — 
2026-05-18 00:13:49.638 | INFO     | app.main:event_stream:110 - Agent Activity — system: token — 
2026-05-18 00:13:49.639 | INFO     | app.main:event_stream:110 - Agent Activity — system: token — 
2026-05-18 00:13:49.640 | INFO     | app.main:event_stream:110 - Agent Activity — system: token — 
2026-05-18 00:13:49.641 | INFO     | app.main:event_stream:110 - Agent Activity — system: token — 
2026-05-18 00:13:49.642 | INFO     | app.main:event_stream:110 - Agent Activity — system: token — 
2026-05-18 00:13:49.643 | INFO     | app.main:event_stream:110 - Agent Activity — system: token — 
2026-05-18 00:13:49.644 | INFO     | app.main:event_stream:110 - Agent Activity — system: token — 
2026-05-18 00:13:49.645 | INFO     | app.main:event_stream:110 - Agent Activity — system: token — 
2026-05-18 00:13:49.646 | INFO     | app.main:event_stream:110 - Agent Activity — system: token — 
2026-05-18 00:13:49.646 | INFO     | app.main:event_stream:110 - Agent Activity — system: token — 
2026-05-18 00:13:49.647 | INFO     | app.main:event_stream:110 - Agent Activity — system: token — 
2026-05-18 00:13:49.648 | INFO     | app.main:event_stream:110 - Agent Activity — system: token — 
2026-05-18 00:13:49.649 | INFO     | app.main:event_stream:110 - Agent Activity — system: token — 
2026-05-18 00:13:49.650 | INFO     | app.main:event_stream:110 - Agent Activity — system: token — 
2026-05-18 00:13:49.650 | INFO     | app.main:event_stream:110 - Agent Activity — system: token — 
2026-05-18 00:13:49.651 | INFO     | app.main:event_stream:110 - Agent Activity — system: token — 
2026-05-18 00:13:49.652 | INFO     | app.main:event_stream:110 - Agent Activity — system: token — 
2026-05-18 00:13:49.652 | INFO     | app.main:event_stream:110 - Agent Activity — system: token — 
2026-05-18 00:13:49.653 | INFO     | app.main:event_stream:110 - Agent Activity — system: token — 
2026-05-18 00:13:49.653 | INFO     | app.main:event_stream:110 - Agent Activity — system: token — 
2026-05-18 00:13:49.654 | INFO     | app.main:event_stream:110 - Agent Activity — system: token — 
2026-05-18 00:13:49.654 | INFO     | app.main:event_stream:110 - Agent Activity — system: token — 
2026-05-18 00:13:49.654 | INFO     | app.main:event_stream:110 - Agent Activity — system: token — 
2026-05-18 00:13:49.655 | INFO     | app.main:event_stream:110 - Agent Activity — system: token — 
2026-05-18 00:13:49.655 | INFO     | app.main:event_stream:110 - Agent Activity — system: token — 
2026-05-18 00:13:49.656 | INFO     | app.main:event_stream:110 - Agent Activity — system: token — 
2026-05-18 00:13:49.656 | INFO     | app.main:event_stream:110 - Agent Activity — system: token — 
2026-05-18 00:13:49.657 | INFO     | app.main:event_stream:110 - Agent Activity — system: token — 
2026-05-18 00:13:49.658 | INFO     | app.main:event_stream:110 - Agent Activity — system: token — 
2026-05-18 00:13:49.658 | INFO     | app.main:event_stream:110 - Agent Activity — system: token — 
2026-05-18 00:13:49.659 | INFO     | app.main:event_stream:110 - Agent Activity — system: token — 
2026-05-18 00:13:49.659 | INFO     | app.main:event_stream:110 - Agent Activity — system: token — 
2026-05-18 00:13:49.660 | INFO     | app.main:event_stream:110 - Agent Activity — system: token — 
2026-05-18 00:13:49.660 | INFO     | app.main:event_stream:110 - Agent Activity — system: token — 
2026-05-18 00:13:49.661 | INFO     | app.main:event_stream:110 - Agent Activity — system: token — 
2026-05-18 00:13:49.661 | INFO     | app.main:event_stream:110 - Agent Activity — system: token — 
2026-05-18 00:13:49.661 | INFO     | app.main:event_stream:110 - Agent Activity — system: token — 
2026-05-18 00:13:49.662 | INFO     | app.main:event_stream:110 - Agent Activity — system: token — 
2026-05-18 00:13:49.663 | INFO     | app.main:event_stream:110 - Agent Activity — system: token — 
2026-05-18 00:13:49.663 | INFO     | app.main:event_stream:110 - Agent Activity — system: token — 
2026-05-18 00:13:49.664 | INFO     | app.main:event_stream:110 - Agent Activity — system: token — 
2026-05-18 00:13:49.664 | INFO     | app.main:event_stream:110 - Agent Activity — system: token — 
2026-05-18 00:13:49.665 | INFO     | app.main:event_stream:110 - Agent Activity — system: token — 
2026-05-18 00:13:49.665 | INFO     | app.main:event_stream:110 - Agent Activity — system: token — 
2026-05-18 00:13:49.665 | INFO     | app.main:event_stream:110 - Agent Activity — system: token — 
2026-05-18 00:13:49.666 | INFO     | app.main:event_stream:110 - Agent Activity — system: token — 
2026-05-18 00:13:49.666 | INFO     | app.main:event_stream:110 - Agent Activity — system: token — 
2026-05-18 00:13:49.667 | INFO     | app.main:event_stream:110 - Agent Activity — system: token — 
2026-05-18 00:13:49.667 | INFO     | app.main:event_stream:110 - Agent Activity — system: token — 
2026-05-18 00:13:49.668 | INFO     | app.main:event_stream:110 - Agent Activity — system: token — 
2026-05-18 00:13:49.668 | INFO     | app.main:event_stream:110 - Agent Activity — system: token — 
2026-05-18 00:13:49.669 | INFO     | app.main:event_stream:110 - Agent Activity — system: token — 
2026-05-18 00:13:49.670 | INFO     | app.main:event_stream:110 - Agent Activity — system: token — 
2026-05-18 00:13:49.671 | INFO     | app.main:event_stream:110 - Agent Activity — system: token — 
2026-05-18 00:13:49.671 | INFO     | app.main:event_stream:110 - Agent Activity — system: token — 
2026-05-18 00:13:49.672 | INFO     | app.main:event_stream:110 - Agent Activity — system: token — 
2026-05-18 00:13:49.673 | INFO     | app.main:event_stream:110 - Agent Activity — system: token — 
2026-05-18 00:13:49.673 | INFO     | app.main:event_stream:110 - Agent Activity — system: token — 
2026-05-18 00:13:49.674 | INFO     | app.main:event_stream:110 - Agent Activity — system: token — 
2026-05-18 00:13:49.674 | INFO     | app.main:event_stream:110 - Agent Activity — system: token — 
2026-05-18 00:13:49.674 | INFO     | app.main:event_stream:110 - Agent Activity — system: token — 
2026-05-18 00:13:49.675 | INFO     | app.main:event_stream:110 - Agent Activity — system: token — 
2026-05-18 00:13:49.675 | INFO     | app.main:event_stream:110 - Agent Activity — system: token — 
2026-05-18 00:13:49.675 | INFO     | app.main:event_stream:110 - Agent Activity — system: token — 
2026-05-18 00:13:49.676 | INFO     | app.main:event_stream:110 - Agent Activity — system: token — 
2026-05-18 00:13:49.676 | INFO     | app.main:event_stream:110 - Agent Activity — system: token — 
2026-05-18 00:13:49.677 | INFO     | app.main:event_stream:110 - Agent Activity — system: token — 
2026-05-18 00:13:49.679 | INFO     | app.main:event_stream:110 - Agent Activity — system: token — 
2026-05-18 00:13:49.680 | INFO     | app.main:event_stream:110 - Agent Activity — system: token — 
2026-05-18 00:13:49.681 | INFO     | app.main:event_stream:110 - Agent Activity — system: token — 
2026-05-18 00:13:49.682 | INFO     | app.main:event_stream:110 - Agent Activity — system: token — 
2026-05-18 00:13:49.684 | INFO     | app.main:event_stream:110 - Agent Activity — system: token — 
2026-05-18 00:13:49.685 | INFO     | app.main:event_stream:110 - Agent Activity — system: token — 
2026-05-18 00:13:49.686 | INFO     | app.main:event_stream:110 - Agent Activity — system: token — 
2026-05-18 00:13:49.689 | INFO     | app.main:event_stream:110 - Agent Activity — system: token — 
2026-05-18 00:13:49.691 | INFO     | app.main:event_stream:110 - Agent Activity — system: token — 
2026-05-18 00:13:49.692 | INFO     | app.main:event_stream:110 - Agent Activity — system: token — 
2026-05-18 00:13:49.692 | INFO     | app.main:event_stream:110 - Agent Activity — system: token — 
2026-05-18 00:13:49.693 | INFO     | app.main:event_stream:110 - Agent Activity — system: token — 
2026-05-18 00:13:49.693 | INFO     | app.main:event_stream:110 - Agent Activity — system: token — 
2026-05-18 00:13:49.693 | INFO     | app.main:event_stream:110 - Agent Activity — system: token — 
2026-05-18 00:13:49.693 | INFO     | app.main:event_stream:110 - Agent Activity — system: token — 
2026-05-18 00:13:49.694 | INFO     | app.main:event_stream:110 - Agent Activity — system: token — 
2026-05-18 00:13:49.694 | INFO     | app.main:event_stream:110 - Agent Activity — system: token — 
2026-05-18 00:13:49.694 | INFO     | app.main:event_stream:110 - Agent Activity — system: token — 
2026-05-18 00:13:49.694 | INFO     | app.main:event_stream:110 - Agent Activity — system: token — 
2026-05-18 00:13:49.695 | INFO     | app.main:event_stream:110 - Agent Activity — system: token — 
2026-05-18 00:13:49.695 | INFO     | app.main:event_stream:110 - Agent Activity — system: token — 
2026-05-18 00:13:49.695 | INFO     | app.main:event_stream:110 - Agent Activity — system: token — 
2026-05-18 00:13:49.695 | INFO     | app.main:event_stream:110 - Agent Activity — system: token — 
2026-05-18 00:13:49.696 | INFO     | app.main:event_stream:110 - Agent Activity — system: token — 
2026-05-18 00:13:49.696 | INFO     | app.main:event_stream:110 - Agent Activity — system: token — 
2026-05-18 00:13:49.696 | INFO     | app.main:event_stream:110 - Agent Activity — system: token — 
2026-05-18 00:13:49.697 | INFO     | app.main:event_stream:110 - Agent Activity — system: token — 
2026-05-18 00:13:49.697 | INFO     | app.main:event_stream:110 - Agent Activity — system: token — 
2026-05-18 00:13:49.697 | INFO     | app.main:event_stream:110 - Agent Activity — system: token — 
2026-05-18 00:13:49.697 | INFO     | app.main:event_stream:110 - Agent Activity — system: token — 
2026-05-18 00:13:49.698 | INFO     | app.main:event_stream:110 - Agent Activity — system: token — 
2026-05-18 00:13:49.698 | INFO     | app.main:event_stream:110 - Agent Activity — system: token — 
2026-05-18 00:13:49.698 | INFO     | app.main:event_stream:110 - Agent Activity — system: token — 
2026-05-18 00:13:49.698 | INFO     | app.main:event_stream:110 - Agent Activity — system: token — 
2026-05-18 00:13:49.699 | INFO     | app.main:event_stream:110 - Agent Activity — system: token — 
2026-05-18 00:13:49.699 | INFO     | app.main:event_stream:110 - Agent Activity — system: token — 
2026-05-18 00:13:49.700 | INFO     | app.main:event_stream:110 - Agent Activity — system: token — 
2026-05-18 00:13:49.700 | INFO     | app.main:event_stream:110 - Agent Activity — system: token — 
2026-05-18 00:13:49.700 | INFO     | app.main:event_stream:110 - Agent Activity — system: token — 
2026-05-18 00:13:49.701 | INFO     | app.main:event_stream:110 - Agent Activity — system: token — 
2026-05-18 00:13:49.701 | INFO     | app.main:event_stream:110 - Agent Activity — system: token — 
2026-05-18 00:13:49.701 | INFO     | app.main:event_stream:110 - Agent Activity — system: token — 
2026-05-18 00:13:49.702 | INFO     | app.main:event_stream:110 - Agent Activity — system: token — 
2026-05-18 00:13:49.702 | INFO     | app.main:event_stream:110 - Agent Activity — system: token — 
2026-05-18 00:13:49.704 | INFO     | app.main:event_stream:110 - Agent Activity — system: token — 
2026-05-18 00:13:49.704 | INFO     | app.main:event_stream:110 - Agent Activity — system: token — 
2026-05-18 00:13:49.705 | INFO     | app.main:event_stream:110 - Agent Activity — system: token — 
2026-05-18 00:13:49.706 | INFO     | app.main:event_stream:110 - Agent Activity — system: token — 
2026-05-18 00:13:49.706 | INFO     | app.main:event_stream:110 - Agent Activity — system: token — 
2026-05-18 00:13:49.707 | INFO     | app.main:event_stream:110 - Agent Activity — system: token — 
2026-05-18 00:13:49.707 | INFO     | app.main:event_stream:110 - Agent Activity — system: token — 
2026-05-18 00:13:49.707 | INFO     | app.main:event_stream:110 - Agent Activity — system: token — 
2026-05-18 00:13:49.708 | INFO     | app.main:event_stream:110 - Agent Activity — system: token — 
2026-05-18 00:13:49.708 | INFO     | app.main:event_stream:110 - Agent Activity — system: token — 
2026-05-18 00:13:49.708 | INFO     | app.main:event_stream:110 - Agent Activity — system: token — 
2026-05-18 00:13:49.708 | INFO     | app.main:event_stream:110 - Agent Activity — system: token — 
2026-05-18 00:13:49.709 | INFO     | app.main:event_stream:110 - Agent Activity — system: token — 
2026-05-18 00:13:49.709 | INFO     | app.main:event_stream:110 - Agent Activity — system: token — 
2026-05-18 00:13:49.709 | INFO     | app.main:event_stream:110 - Agent Activity — system: token — 
2026-05-18 00:13:49.710 | INFO     | app.main:event_stream:110 - Agent Activity — system: token — 
2026-05-18 00:13:49.710 | INFO     | app.main:event_stream:110 - Agent Activity — system: token — 
2026-05-18 00:13:49.710 | INFO     | app.main:event_stream:110 - Agent Activity — system: token — 
2026-05-18 00:13:49.711 | INFO     | app.main:event_stream:110 - Agent Activity — system: token — 
2026-05-18 00:13:49.711 | INFO     | app.main:event_stream:110 - Agent Activity — system: token — 
2026-05-18 00:13:49.711 | INFO     | app.main:event_stream:110 - Agent Activity — system: token — 
2026-05-18 00:13:49.712 | INFO     | app.main:event_stream:110 - Agent Activity — system: token — 
2026-05-18 00:13:49.712 | INFO     | app.main:event_stream:110 - Agent Activity — system: token — 
2026-05-18 00:13:49.712 | INFO     | app.main:event_stream:110 - Agent Activity — system: token — 
2026-05-18 00:13:49.713 | INFO     | app.main:event_stream:110 - Agent Activity — system: token — 
2026-05-18 00:13:49.713 | INFO     | app.main:event_stream:110 - Agent Activity — system: token — 
2026-05-18 00:13:49.714 | INFO     | app.main:event_stream:110 - Agent Activity — system: token — 
2026-05-18 00:13:49.714 | INFO     | app.main:event_stream:110 - Agent Activity — system: token — 
2026-05-18 00:13:49.714 | INFO     | app.main:event_stream:110 - Agent Activity — system: token — 
2026-05-18 00:13:49.715 | INFO     | app.main:event_stream:110 - Agent Activity — system: token — 
2026-05-18 00:13:49.715 | INFO     | app.main:event_stream:110 - Agent Activity — system: token — 
2026-05-18 00:13:49.715 | INFO     | app.main:event_stream:110 - Agent Activity — system: token — 
2026-05-18 00:13:49.715 | INFO     | app.main:event_stream:110 - Agent Activity — system: token — 
2026-05-18 00:13:49.716 | INFO     | app.main:event_stream:110 - Agent Activity — system: token — 
2026-05-18 00:13:49.716 | INFO     | app.main:event_stream:110 - Agent Activity — system: token — 
2026-05-18 00:13:49.716 | INFO     | app.main:event_stream:110 - Agent Activity — system: token — 
2026-05-18 00:13:49.717 | INFO     | app.main:event_stream:110 - Agent Activity — system: token — 
2026-05-18 00:13:49.717 | INFO     | app.main:event_stream:110 - Agent Activity — system: token — 
2026-05-18 00:13:49.717 | INFO     | app.main:event_stream:110 - Agent Activity — system: token — 
2026-05-18 00:13:49.718 | INFO     | app.main:event_stream:110 - Agent Activity — system: token — 
2026-05-18 00:13:49.718 | INFO     | app.main:event_stream:110 - Agent Activity — system: token — 
2026-05-18 00:13:49.720 | INFO     | app.main:event_stream:110 - Agent Activity — system: token — 
2026-05-18 00:13:49.721 | INFO     | app.main:event_stream:110 - Agent Activity — system: token — 
2026-05-18 00:13:49.722 | INFO     | app.main:event_stream:110 - Agent Activity — system: token — 
2026-05-18 00:13:49.723 | INFO     | app.main:event_stream:110 - Agent Activity — system: token — 
2026-05-18 00:13:49.723 | INFO     | app.main:event_stream:110 - Agent Activity — system: token — 
2026-05-18 00:13:49.724 | INFO     | app.main:event_stream:110 - Agent Activity — system: token — 
2026-05-18 00:13:49.725 | INFO     | app.main:event_stream:110 - Agent Activity — system: token — 
2026-05-18 00:13:49.726 | INFO     | app.main:event_stream:110 - Agent Activity — system: token — 
2026-05-18 00:13:49.726 | INFO     | app.main:event_stream:110 - Agent Activity — system: token — 
2026-05-18 00:13:49.727 | INFO     | app.main:event_stream:110 - Agent Activity — system: token — 
2026-05-18 00:13:49.727 | INFO     | app.main:event_stream:110 - Agent Activity — system: token — 
2026-05-18 00:13:49.728 | INFO     | app.main:event_stream:110 - Agent Activity — system: token — 
2026-05-18 00:13:49.728 | INFO     | app.main:event_stream:110 - Agent Activity — system: token — 
2026-05-18 00:13:49.728 | INFO     | app.main:event_stream:110 - Agent Activity — system: token — 
2026-05-18 00:13:49.728 | INFO     | app.main:event_stream:110 - Agent Activity — system: token — 
2026-05-18 00:13:49.729 | INFO     | app.main:event_stream:110 - Agent Activity — system: token — 
2026-05-18 00:13:49.729 | INFO     | app.main:event_stream:110 - Agent Activity — system: token — 
2026-05-18 00:13:49.729 | INFO     | app.main:event_stream:110 - Agent Activity — system: token — 
2026-05-18 00:13:49.730 | INFO     | app.main:event_stream:110 - Agent Activity — system: token — 
2026-05-18 00:13:49.730 | INFO     | app.main:event_stream:110 - Agent Activity — system: token — 
2026-05-18 00:13:49.730 | INFO     | app.main:event_stream:110 - Agent Activity — system: token — 
2026-05-18 00:13:49.730 | INFO     | app.main:event_stream:110 - Agent Activity — system: token — 
2026-05-18 00:13:49.731 | INFO     | app.main:event_stream:110 - Agent Activity — system: token — 
2026-05-18 00:13:49.731 | INFO     | app.main:event_stream:110 - Agent Activity — system: token — 
2026-05-18 00:13:49.731 | INFO     | app.main:event_stream:110 - Agent Activity — system: token — 
2026-05-18 00:13:49.731 | INFO     | app.main:event_stream:110 - Agent Activity — system: token — 
2026-05-18 00:13:49.731 | INFO     | app.main:event_stream:110 - Agent Activity — system: token — 
2026-05-18 00:13:49.732 | INFO     | app.main:event_stream:110 - Agent Activity — system: token — 
2026-05-18 00:13:49.732 | INFO     | app.main:event_stream:110 - Agent Activity — system: token — 
2026-05-18 00:13:49.733 | INFO     | app.main:event_stream:110 - Agent Activity — system: token — 
2026-05-18 00:13:49.733 | INFO     | app.main:event_stream:110 - Agent Activity — system: token — 
2026-05-18 00:13:49.733 | INFO     | app.main:event_stream:110 - Agent Activity — system: token — 
2026-05-18 00:13:49.733 | INFO     | app.main:event_stream:110 - Agent Activity — system: token — 
2026-05-18 00:13:49.734 | INFO     | app.main:event_stream:110 - Agent Activity — system: token — 
2026-05-18 00:13:49.734 | INFO     | app.main:event_stream:110 - Agent Activity — system: token — 
2026-05-18 00:13:49.735 | INFO     | app.main:event_stream:110 - Agent Activity — system: token — 
2026-05-18 00:13:49.735 | INFO     | app.main:event_stream:110 - Agent Activity — system: token — 
2026-05-18 00:13:49.737 | INFO     | app.main:event_stream:110 - Agent Activity — system: token — 
2026-05-18 00:13:49.738 | INFO     | app.main:event_stream:110 - Agent Activity — system: token — 
2026-05-18 00:13:49.739 | INFO     | app.main:event_stream:110 - Agent Activity — system: token — 
2026-05-18 00:13:49.742 | INFO     | app.main:event_stream:110 - Agent Activity — system: token — 
2026-05-18 00:13:49.742 | INFO     | app.main:event_stream:110 - Agent Activity — system: token — 
2026-05-18 00:13:49.743 | INFO     | app.main:event_stream:110 - Agent Activity — system: token — 
2026-05-18 00:13:49.743 | INFO     | app.main:event_stream:110 - Agent Activity — system: token — 
2026-05-18 00:13:49.744 | INFO     | app.main:event_stream:110 - Agent Activity — system: token — 
2026-05-18 00:13:49.744 | INFO     | app.main:event_stream:110 - Agent Activity — system: token — 
2026-05-18 00:13:49.744 | INFO     | app.main:event_stream:110 - Agent Activity — system: token — 
2026-05-18 00:13:49.745 | INFO     | app.main:event_stream:110 - Agent Activity — system: final_result — Research complete! See the dashboard for details.
2026-05-18 00:13:49.746 | INFO     | app.main:event_stream:110 - Agent Activity — system: done — 
2026-05-18 00:16:06.672 | INFO     | app.main:lifespan:42 - 👋 VeriBuy Backend shutting down
2026-05-18 00:42:21.114 | INFO     | app.main:lifespan:32 - 🚀 VeriBuy Backend starting...
2026-05-18 00:42:21.116 | INFO     | app.main:lifespan:37 - ✅ Ollama connected — model: qwen3:0.6b
2026-05-18 00:46:46.590 | INFO     | app.main:lifespan:32 - 🚀 VeriBuy Backend starting...
2026-05-18 00:46:46.590 | INFO     | app.main:lifespan:37 - ✅ Ollama connected — model: qwen3:0.6b
2026-05-18 00:47:29.832 | INFO     | app.main:chat:86 - User queried: Espresso machines for beginners
2026-05-18 00:47:29.862 | INFO     | app.main:event_stream:110 - Agent Activity — intent: agent_start — Understanding your requirements...
2026-05-18 00:47:29.885 | INFO     | app.agents.graph:intent_node:28 - Graph: Running intent node
2026-05-18 00:47:35.806 | DEBUG    | app.agents.intent_agent:run_intent_agent:58 - Intent chain raw response: {
  "product_category": "espresso machine",
  "product_name": null,
  "specifications": [],
  "budget_range": {"min_price": 0, "max_price": 999999, "currency": "INR"},
  "usage_context": "beginners",
  "brand_preferences": [],
  "urgency": "can_wait",
  "is_specific_product": false,
  "is_complete":
2026-05-18 00:47:35.808 | INFO     | app.agents.intent_agent:run_intent_agent:63 - Intent extracted: category=espresso machine, specific=False, complete=False, confidence=0.8
2026-05-18 00:47:35.815 | INFO     | app.main:event_stream:110 - Agent Activity — intent: agent_complete — Identified: espresso machine
2026-05-18 00:47:35.819 | INFO     | app.main:event_stream:110 - Agent Activity — intent: followup_needed — I need a bit more info: What is your budget for the espresso machine?
2026-05-18 00:47:35.822 | INFO     | app.main:event_stream:110 - Agent Activity — system: token — 
2026-05-18 00:47:35.824 | INFO     | app.main:event_stream:110 - Agent Activity — system: token — 
2026-05-18 00:47:35.826 | INFO     | app.main:event_stream:110 - Agent Activity — system: token — 
2026-05-18 00:47:35.829 | INFO     | app.main:event_stream:110 - Agent Activity — system: token — 
2026-05-18 00:47:35.830 | INFO     | app.main:event_stream:110 - Agent Activity — system: token — 
2026-05-18 00:47:35.832 | INFO     | app.main:event_stream:110 - Agent Activity — system: token — 
2026-05-18 00:47:35.834 | INFO     | app.main:event_stream:110 - Agent Activity — system: token — 
2026-05-18 00:47:35.837 | INFO     | app.main:event_stream:110 - Agent Activity — system: token — 
2026-05-18 00:47:35.840 | INFO     | app.main:event_stream:110 - Agent Activity — system: token — 
2026-05-18 00:47:35.842 | INFO     | app.main:event_stream:110 - Agent Activity — system: token — 
2026-05-18 00:47:35.844 | INFO     | app.main:event_stream:110 - Agent Activity — system: token — 
2026-05-18 00:47:35.846 | INFO     | app.main:event_stream:110 - Agent Activity — system: token — 
2026-05-18 00:47:35.848 | INFO     | app.main:event_stream:110 - Agent Activity — system: token — 
2026-05-18 00:47:35.849 | INFO     | app.main:event_stream:110 - Agent Activity — system: token — 
2026-05-18 00:47:35.850 | INFO     | app.main:event_stream:110 - Agent Activity — system: token — 
2026-05-18 00:47:35.853 | INFO     | app.main:event_stream:110 - Agent Activity — system: done — 
2026-05-18 00:47:46.338 | INFO     | app.main:chat:86 - User queried: 200000 INR
2026-05-18 00:47:46.341 | INFO     | app.main:event_stream:110 - Agent Activity — intent: agent_start — Understanding your requirements...
2026-05-18 00:47:46.346 | INFO     | app.agents.graph:intent_node:28 - Graph: Running intent node
2026-05-18 00:47:49.465 | DEBUG    | app.agents.intent_agent:run_intent_agent:58 - Intent chain raw response: {
    "product_category": "espresso machine",
    "product_name": null,
    "specifications": [],
    "budget_range": {"min_price": 200000, "max_price": 200000, "currency": "INR"},
    "usage_context": "beginner",
    "brand_preferences": [],
    "urgency": "can_wait",
    "is_specific_product": fal
2026-05-18 00:47:49.466 | INFO     | app.agents.intent_agent:run_intent_agent:63 - Intent extracted: category=espresso machine, specific=False, complete=True, confidence=0.8
2026-05-18 00:47:49.470 | INFO     | app.main:event_stream:110 - Agent Activity — intent: agent_complete — Identified: espresso machine
2026-05-18 00:47:49.471 | INFO     | app.main:event_stream:110 - Agent Activity — market: agent_start — Searching across platforms...
2026-05-18 00:47:49.472 | INFO     | app.main:event_stream:110 - Agent Activity — reddit: agent_start — Scanning Reddit discussions...
2026-05-18 00:47:49.473 | INFO     | app.main:event_stream:110 - Agent Activity — youtube: agent_start — Analyzing YouTube reviews...
2026-05-18 00:47:49.474 | INFO     | app.agents.graph:market_node:43 - Graph: Running market node
2026-05-18 00:47:49.475 | INFO     | app.agents.market_agent:run_market_agent:69 - Market agent searching: 'espresso machine for beginner under 200000 INR India buy'
2026-05-18 00:47:49.475 | INFO     | app.services.search_service:search_products:43 - Searching products via Serper API: espresso machine for beginner under 200000 INR India buy
2026-05-18 00:47:49.476 | INFO     | app.agents.graph:reddit_node:57 - Graph: Running reddit node
2026-05-18 00:47:49.477 | INFO     | app.agents.reddit_agent.reddit_agent:run_reddit_agent:106 - Reddit Agent: Searching ['IndianFood', 'espresso', 'Coffee'] for 'espresso machine beginner review India'
2026-05-18 00:47:49.479 | INFO     | app.agents.graph:youtube_node:69 - Graph: Running youtube node
2026-05-18 00:47:49.480 | INFO     | app.agents.youtube_agent.youtube_agent:run_youtube_agent:38 - YouTube Agent: Searching for 'espresso machine for beginner' from trusted channels
2026-05-18 00:47:51.710 | INFO     | app.agents.reddit_agent.reddit_agent:run_reddit_agent:114 - Fetching thread: Looking for an espresso maker in India for about 15K ? Any reviews ...
2026-05-18 00:47:52.588 | INFO     | app.agents.reddit_agent.reddit_agent:run_reddit_agent:114 - Fetching thread: Espresso machine purchase - India : r/espresso - Reddit
2026-05-18 00:47:53.669 | INFO     | app.agents.reddit_agent.reddit_agent:run_reddit_agent:114 - Fetching thread: Espresso Machine and Grinder in India - Reddit
2026-05-18 00:47:54.838 | INFO     | app.agents.youtube_agent.youtube_agent:run_youtube_agent:49 - Fetching transcript for video: Best Entry Level Espresso Machines 2025 – Our Top Picks for ...
2026-05-18 00:47:54.838 | WARNING  | app.agents.youtube_agent.transcript_extractor:extract_and_clean_transcript:35 - Transcript extraction failed for video miNqgmVH9I0: type object 'YouTubeTranscriptApi' has no attribute 'list_transcripts'
2026-05-18 00:47:54.839 | INFO     | app.services.search_service:search_products:90 - Serper API returned 10 results.
2026-05-18 00:47:54.845 | INFO     | app.main:event_stream:110 - Agent Activity — reddit: agent_complete — Analyzed 3 Reddit threads
2026-05-18 00:48:04.633 | DEBUG    | app.agents.market_agent:run_market_agent:108 - Market chain raw response: {
  "products": [
    {
      "name": "STARELO 5pcs 12mm Latching Push Button Switch Black Shell with Aluminum Housing",
      "brand": "",
      "model": "",
      "price": 0,
      "currency": "INR",
      "platform": "Amazon",
      "specs": {},
      "rating": null,
      "url": "https://www.ama
2026-05-18 00:48:06.167 | INFO     | app.main:event_stream:110 - Agent Activity — youtube: agent_complete — Analyzed 0 YouTube videos
2026-05-18 00:48:06.168 | INFO     | app.main:event_stream:110 - Agent Activity — market: agent_complete — Found 4 products
2026-05-18 00:48:06.169 | INFO     | app.main:event_stream:110 - Agent Activity — system: token — 
2026-05-18 00:48:06.170 | INFO     | app.main:event_stream:110 - Agent Activity — system: token — 
2026-05-18 00:48:06.170 | INFO     | app.main:event_stream:110 - Agent Activity — system: token — 
2026-05-18 00:48:06.171 | INFO     | app.main:event_stream:110 - Agent Activity — system: token — 
2026-05-18 00:48:06.171 | INFO     | app.main:event_stream:110 - Agent Activity — system: token — 
2026-05-18 00:48:06.172 | INFO     | app.main:event_stream:110 - Agent Activity — system: token — 
2026-05-18 00:48:06.172 | INFO     | app.main:event_stream:110 - Agent Activity — system: token — 
2026-05-18 00:48:06.173 | INFO     | app.main:event_stream:110 - Agent Activity — system: token — 
2026-05-18 00:48:06.173 | INFO     | app.main:event_stream:110 - Agent Activity — system: token — 
2026-05-18 00:48:06.173 | INFO     | app.main:event_stream:110 - Agent Activity — system: token — 
2026-05-18 00:48:06.174 | INFO     | app.main:event_stream:110 - Agent Activity — system: token — 
2026-05-18 00:48:06.174 | INFO     | app.main:event_stream:110 - Agent Activity — system: token — 
2026-05-18 00:48:06.174 | INFO     | app.main:event_stream:110 - Agent Activity — system: token — 
2026-05-18 00:48:06.175 | INFO     | app.main:event_stream:110 - Agent Activity — system: token — 
2026-05-18 00:48:06.175 | INFO     | app.main:event_stream:110 - Agent Activity — system: token — 
2026-05-18 00:48:06.176 | INFO     | app.main:event_stream:110 - Agent Activity — system: token — 
2026-05-18 00:48:06.176 | INFO     | app.main:event_stream:110 - Agent Activity — system: token — 
2026-05-18 00:48:06.176 | INFO     | app.main:event_stream:110 - Agent Activity — system: token — 
2026-05-18 00:48:06.177 | INFO     | app.main:event_stream:110 - Agent Activity — system: token — 
2026-05-18 00:48:06.177 | INFO     | app.main:event_stream:110 - Agent Activity — system: token — 
2026-05-18 00:48:06.177 | INFO     | app.main:event_stream:110 - Agent Activity — system: token — 
2026-05-18 00:48:06.178 | INFO     | app.main:event_stream:110 - Agent Activity — system: token — 
2026-05-18 00:48:06.178 | INFO     | app.main:event_stream:110 - Agent Activity — system: token — 
2026-05-18 00:48:06.179 | INFO     | app.main:event_stream:110 - Agent Activity — system: token — 
2026-05-18 00:48:06.179 | INFO     | app.main:event_stream:110 - Agent Activity — system: token — 
2026-05-18 00:48:06.180 | INFO     | app.main:event_stream:110 - Agent Activity — system: token — 
2026-05-18 00:48:06.181 | INFO     | app.main:event_stream:110 - Agent Activity — system: token — 
2026-05-18 00:48:06.182 | INFO     | app.main:event_stream:110 - Agent Activity — system: token — 
2026-05-18 00:48:06.182 | INFO     | app.main:event_stream:110 - Agent Activity — system: token — 
2026-05-18 00:48:06.183 | INFO     | app.main:event_stream:110 - Agent Activity — system: token — 
2026-05-18 00:48:06.184 | INFO     | app.main:event_stream:110 - Agent Activity — system: token — 
2026-05-18 00:48:06.184 | INFO     | app.main:event_stream:110 - Agent Activity — system: token — 
2026-05-18 00:48:06.184 | INFO     | app.main:event_stream:110 - Agent Activity — system: token — 
2026-05-18 00:48:06.185 | INFO     | app.main:event_stream:110 - Agent Activity — system: token — 
2026-05-18 00:48:06.185 | INFO     | app.main:event_stream:110 - Agent Activity — system: token — 
2026-05-18 00:48:06.186 | INFO     | app.main:event_stream:110 - Agent Activity — system: token — 
2026-05-18 00:48:06.187 | INFO     | app.main:event_stream:110 - Agent Activity — system: token — 
2026-05-18 00:48:06.188 | INFO     | app.main:event_stream:110 - Agent Activity — system: token — 
2026-05-18 00:48:06.188 | INFO     | app.main:event_stream:110 - Agent Activity — system: token — 
2026-05-18 00:48:06.189 | INFO     | app.main:event_stream:110 - Agent Activity — system: token — 
2026-05-18 00:48:06.189 | INFO     | app.main:event_stream:110 - Agent Activity — system: token — 
2026-05-18 00:48:06.189 | INFO     | app.main:event_stream:110 - Agent Activity — system: token — 
2026-05-18 00:48:06.190 | INFO     | app.main:event_stream:110 - Agent Activity — system: token — 
2026-05-18 00:48:06.190 | INFO     | app.main:event_stream:110 - Agent Activity — system: token — 
2026-05-18 00:48:06.191 | INFO     | app.main:event_stream:110 - Agent Activity — system: token — 
2026-05-18 00:48:06.192 | INFO     | app.main:event_stream:110 - Agent Activity — system: token — 
2026-05-18 00:48:06.192 | INFO     | app.main:event_stream:110 - Agent Activity — system: token — 
2026-05-18 00:48:06.193 | INFO     | app.main:event_stream:110 - Agent Activity — system: token — 
2026-05-18 00:48:06.193 | INFO     | app.main:event_stream:110 - Agent Activity — system: token — 
2026-05-18 00:48:06.193 | INFO     | app.main:event_stream:110 - Agent Activity — system: token — 
2026-05-18 00:48:06.194 | INFO     | app.main:event_stream:110 - Agent Activity — system: token — 
2026-05-18 00:48:06.194 | INFO     | app.main:event_stream:110 - Agent Activity — system: token — 
2026-05-18 00:48:06.194 | INFO     | app.main:event_stream:110 - Agent Activity — system: token — 
2026-05-18 00:48:06.195 | INFO     | app.main:event_stream:110 - Agent Activity — system: token — 
2026-05-18 00:48:06.195 | INFO     | app.main:event_stream:110 - Agent Activity — system: token — 
2026-05-18 00:48:06.195 | INFO     | app.main:event_stream:110 - Agent Activity — system: token — 
2026-05-18 00:48:06.196 | INFO     | app.main:event_stream:110 - Agent Activity — system: token — 
2026-05-18 00:48:06.198 | INFO     | app.main:event_stream:110 - Agent Activity — system: token — 
2026-05-18 00:48:06.199 | INFO     | app.main:event_stream:110 - Agent Activity — system: token — 
2026-05-18 00:48:06.200 | INFO     | app.main:event_stream:110 - Agent Activity — system: token — 
2026-05-18 00:48:06.201 | INFO     | app.main:event_stream:110 - Agent Activity — system: token — 
2026-05-18 00:48:06.201 | INFO     | app.main:event_stream:110 - Agent Activity — system: token — 
2026-05-18 00:48:06.202 | INFO     | app.main:event_stream:110 - Agent Activity — system: token — 
2026-05-18 00:48:06.203 | INFO     | app.main:event_stream:110 - Agent Activity — system: token — 
2026-05-18 00:48:06.203 | INFO     | app.main:event_stream:110 - Agent Activity — system: token — 
2026-05-18 00:48:06.204 | INFO     | app.main:event_stream:110 - Agent Activity — system: token — 
2026-05-18 00:48:06.204 | INFO     | app.main:event_stream:110 - Agent Activity — system: token — 
2026-05-18 00:48:06.205 | INFO     | app.main:event_stream:110 - Agent Activity — system: token — 
2026-05-18 00:48:06.205 | INFO     | app.main:event_stream:110 - Agent Activity — system: token — 
2026-05-18 00:48:06.205 | INFO     | app.main:event_stream:110 - Agent Activity — system: token — 
2026-05-18 00:48:06.206 | INFO     | app.main:event_stream:110 - Agent Activity — system: token — 
2026-05-18 00:48:06.206 | INFO     | app.main:event_stream:110 - Agent Activity — system: token — 
2026-05-18 00:48:06.207 | INFO     | app.main:event_stream:110 - Agent Activity — system: token — 
2026-05-18 00:48:06.207 | INFO     | app.main:event_stream:110 - Agent Activity — system: token — 
2026-05-18 00:48:06.208 | INFO     | app.main:event_stream:110 - Agent Activity — system: token — 
2026-05-18 00:48:06.209 | INFO     | app.main:event_stream:110 - Agent Activity — system: token — 
2026-05-18 00:48:06.209 | INFO     | app.main:event_stream:110 - Agent Activity — system: token — 
2026-05-18 00:48:06.210 | INFO     | app.main:event_stream:110 - Agent Activity — system: token — 
2026-05-18 00:48:06.210 | INFO     | app.main:event_stream:110 - Agent Activity — system: token — 
2026-05-18 00:48:06.211 | INFO     | app.main:event_stream:110 - Agent Activity — system: token — 
2026-05-18 00:48:06.212 | INFO     | app.main:event_stream:110 - Agent Activity — system: token — 
2026-05-18 00:48:06.214 | INFO     | app.main:event_stream:110 - Agent Activity — system: token — 
2026-05-18 00:48:06.215 | INFO     | app.main:event_stream:110 - Agent Activity — system: token — 
2026-05-18 00:48:06.216 | INFO     | app.main:event_stream:110 - Agent Activity — system: token — 
2026-05-18 00:48:06.217 | INFO     | app.main:event_stream:110 - Agent Activity — system: token — 
2026-05-18 00:48:06.217 | INFO     | app.main:event_stream:110 - Agent Activity — system: token — 
2026-05-18 00:48:06.218 | INFO     | app.main:event_stream:110 - Agent Activity — system: token — 
2026-05-18 00:48:06.219 | INFO     | app.main:event_stream:110 - Agent Activity — system: token — 
2026-05-18 00:48:06.220 | INFO     | app.main:event_stream:110 - Agent Activity — system: token — 
2026-05-18 00:48:06.220 | INFO     | app.main:event_stream:110 - Agent Activity — system: token — 
2026-05-18 00:48:06.221 | INFO     | app.main:event_stream:110 - Agent Activity — system: token — 
2026-05-18 00:48:06.221 | INFO     | app.main:event_stream:110 - Agent Activity — system: token — 
2026-05-18 00:48:06.222 | INFO     | app.main:event_stream:110 - Agent Activity — system: token — 
2026-05-18 00:48:06.222 | INFO     | app.main:event_stream:110 - Agent Activity — system: token — 
2026-05-18 00:48:06.223 | INFO     | app.main:event_stream:110 - Agent Activity — system: token — 
2026-05-18 00:48:06.224 | INFO     | app.main:event_stream:110 - Agent Activity — system: token — 
2026-05-18 00:48:06.224 | INFO     | app.main:event_stream:110 - Agent Activity — system: token — 
2026-05-18 00:48:06.225 | INFO     | app.main:event_stream:110 - Agent Activity — system: token — 
2026-05-18 00:48:06.225 | INFO     | app.main:event_stream:110 - Agent Activity — system: token — 
2026-05-18 00:48:06.225 | INFO     | app.main:event_stream:110 - Agent Activity — system: token — 
2026-05-18 00:48:06.226 | INFO     | app.main:event_stream:110 - Agent Activity — system: token — 
2026-05-18 00:48:06.226 | INFO     | app.main:event_stream:110 - Agent Activity — system: token — 
2026-05-18 00:48:06.226 | INFO     | app.main:event_stream:110 - Agent Activity — system: token — 
2026-05-18 00:48:06.227 | INFO     | app.main:event_stream:110 - Agent Activity — system: token — 
2026-05-18 00:48:06.227 | INFO     | app.main:event_stream:110 - Agent Activity — system: token — 
2026-05-18 00:48:06.228 | INFO     | app.main:event_stream:110 - Agent Activity — system: token — 
2026-05-18 00:48:06.228 | INFO     | app.main:event_stream:110 - Agent Activity — system: token — 
2026-05-18 00:48:06.229 | INFO     | app.main:event_stream:110 - Agent Activity — system: token — 
2026-05-18 00:48:06.231 | INFO     | app.main:event_stream:110 - Agent Activity — system: token — 
2026-05-18 00:48:06.232 | INFO     | app.main:event_stream:110 - Agent Activity — system: token — 
2026-05-18 00:48:06.233 | INFO     | app.main:event_stream:110 - Agent Activity — system: token — 
2026-05-18 00:48:06.234 | INFO     | app.main:event_stream:110 - Agent Activity — system: token — 
2026-05-18 00:48:06.234 | INFO     | app.main:event_stream:110 - Agent Activity — system: token — 
2026-05-18 00:48:06.235 | INFO     | app.main:event_stream:110 - Agent Activity — system: token — 
2026-05-18 00:48:06.236 | INFO     | app.main:event_stream:110 - Agent Activity — system: token — 
2026-05-18 00:48:06.237 | INFO     | app.main:event_stream:110 - Agent Activity — system: token — 
2026-05-18 00:48:06.238 | INFO     | app.main:event_stream:110 - Agent Activity — system: token — 
2026-05-18 00:48:06.239 | INFO     | app.main:event_stream:110 - Agent Activity — system: token — 
2026-05-18 00:48:06.239 | INFO     | app.main:event_stream:110 - Agent Activity — system: token — 
2026-05-18 00:48:06.240 | INFO     | app.main:event_stream:110 - Agent Activity — system: token — 
2026-05-18 00:48:06.241 | INFO     | app.main:event_stream:110 - Agent Activity — system: token — 
2026-05-18 00:48:06.241 | INFO     | app.main:event_stream:110 - Agent Activity — system: token — 
2026-05-18 00:48:06.242 | INFO     | app.main:event_stream:110 - Agent Activity — system: token — 
2026-05-18 00:48:06.243 | INFO     | app.main:event_stream:110 - Agent Activity — system: token — 
2026-05-18 00:48:06.243 | INFO     | app.main:event_stream:110 - Agent Activity — system: token — 
2026-05-18 00:48:06.244 | INFO     | app.main:event_stream:110 - Agent Activity — system: token — 
2026-05-18 00:48:06.245 | INFO     | app.main:event_stream:110 - Agent Activity — system: token — 
2026-05-18 00:48:06.246 | INFO     | app.main:event_stream:110 - Agent Activity — system: token — 
2026-05-18 00:48:06.249 | INFO     | app.main:event_stream:110 - Agent Activity — system: token — 
2026-05-18 00:48:06.250 | INFO     | app.main:event_stream:110 - Agent Activity — system: token — 
2026-05-18 00:48:06.252 | INFO     | app.main:event_stream:110 - Agent Activity — system: token — 
2026-05-18 00:48:06.253 | INFO     | app.main:event_stream:110 - Agent Activity — system: token — 
2026-05-18 00:48:06.253 | INFO     | app.main:event_stream:110 - Agent Activity — system: token — 
2026-05-18 00:48:06.254 | INFO     | app.main:event_stream:110 - Agent Activity — system: token — 
2026-05-18 00:48:06.255 | INFO     | app.main:event_stream:110 - Agent Activity — system: token — 
2026-05-18 00:48:06.256 | INFO     | app.main:event_stream:110 - Agent Activity — system: token — 
2026-05-18 00:48:06.256 | INFO     | app.main:event_stream:110 - Agent Activity — system: token — 
2026-05-18 00:48:06.257 | INFO     | app.main:event_stream:110 - Agent Activity — system: token — 
2026-05-18 00:48:06.258 | INFO     | app.main:event_stream:110 - Agent Activity — system: token — 
2026-05-18 00:48:06.259 | INFO     | app.main:event_stream:110 - Agent Activity — system: token — 
2026-05-18 00:48:06.260 | INFO     | app.main:event_stream:110 - Agent Activity — system: token — 
2026-05-18 00:48:06.260 | INFO     | app.main:event_stream:110 - Agent Activity — system: token — 
2026-05-18 00:48:06.261 | INFO     | app.main:event_stream:110 - Agent Activity — system: token — 
2026-05-18 00:48:06.261 | INFO     | app.main:event_stream:110 - Agent Activity — system: token — 
2026-05-18 00:48:06.263 | INFO     | app.main:event_stream:110 - Agent Activity — system: token — 
2026-05-18 00:48:06.265 | INFO     | app.main:event_stream:110 - Agent Activity — system: token — 
2026-05-18 00:48:06.267 | INFO     | app.main:event_stream:110 - Agent Activity — system: token — 
2026-05-18 00:48:06.267 | INFO     | app.main:event_stream:110 - Agent Activity — system: token — 
2026-05-18 00:48:06.268 | INFO     | app.main:event_stream:110 - Agent Activity — system: token — 
2026-05-18 00:48:06.269 | INFO     | app.main:event_stream:110 - Agent Activity — system: token — 
2026-05-18 00:48:06.269 | INFO     | app.main:event_stream:110 - Agent Activity — system: token — 
2026-05-18 00:48:06.269 | INFO     | app.main:event_stream:110 - Agent Activity — system: token — 
2026-05-18 00:48:06.270 | INFO     | app.main:event_stream:110 - Agent Activity — system: token — 
2026-05-18 00:48:06.271 | INFO     | app.main:event_stream:110 - Agent Activity — system: token — 
2026-05-18 00:48:06.272 | INFO     | app.main:event_stream:110 - Agent Activity — system: token — 
2026-05-18 00:48:06.274 | INFO     | app.main:event_stream:110 - Agent Activity — system: token — 
2026-05-18 00:48:06.275 | INFO     | app.main:event_stream:110 - Agent Activity — system: token — 
2026-05-18 00:48:06.276 | INFO     | app.main:event_stream:110 - Agent Activity — system: token — 
2026-05-18 00:48:06.277 | INFO     | app.main:event_stream:110 - Agent Activity — system: token — 
2026-05-18 00:48:06.278 | INFO     | app.main:event_stream:110 - Agent Activity — system: token — 
2026-05-18 00:48:06.278 | INFO     | app.main:event_stream:110 - Agent Activity — system: token — 
2026-05-18 00:48:06.281 | INFO     | app.main:event_stream:110 - Agent Activity — system: token — 
2026-05-18 00:48:06.282 | INFO     | app.main:event_stream:110 - Agent Activity — system: token — 
2026-05-18 00:48:06.284 | INFO     | app.main:event_stream:110 - Agent Activity — system: token — 
2026-05-18 00:48:06.286 | INFO     | app.main:event_stream:110 - Agent Activity — system: token — 
2026-05-18 00:48:06.288 | INFO     | app.main:event_stream:110 - Agent Activity — system: token — 
2026-05-18 00:48:06.290 | INFO     | app.main:event_stream:110 - Agent Activity — system: token — 
2026-05-18 00:48:06.291 | INFO     | app.main:event_stream:110 - Agent Activity — system: token — 
2026-05-18 00:48:06.292 | INFO     | app.main:event_stream:110 - Agent Activity — system: token — 
2026-05-18 00:48:06.294 | INFO     | app.main:event_stream:110 - Agent Activity — system: token — 
2026-05-18 00:48:06.296 | INFO     | app.main:event_stream:110 - Agent Activity — system: token — 
2026-05-18 00:48:06.299 | INFO     | app.main:event_stream:110 - Agent Activity — system: token — 
2026-05-18 00:48:06.300 | INFO     | app.main:event_stream:110 - Agent Activity — system: token — 
2026-05-18 00:48:06.303 | INFO     | app.main:event_stream:110 - Agent Activity — system: token — 
2026-05-18 00:48:06.304 | INFO     | app.main:event_stream:110 - Agent Activity — system: token — 
2026-05-18 00:48:06.305 | INFO     | app.main:event_stream:110 - Agent Activity — system: token — 
2026-05-18 00:48:06.306 | INFO     | app.main:event_stream:110 - Agent Activity — system: token — 
2026-05-18 00:48:06.306 | INFO     | app.main:event_stream:110 - Agent Activity — system: token — 
2026-05-18 00:48:06.308 | INFO     | app.main:event_stream:110 - Agent Activity — system: token — 
2026-05-18 00:48:06.311 | INFO     | app.main:event_stream:110 - Agent Activity — system: token — 
2026-05-18 00:48:06.316 | INFO     | app.main:event_stream:110 - Agent Activity — system: token — 
2026-05-18 00:48:06.319 | INFO     | app.main:event_stream:110 - Agent Activity — system: token — 
2026-05-18 00:48:06.321 | INFO     | app.main:event_stream:110 - Agent Activity — system: token — 
2026-05-18 00:48:06.322 | INFO     | app.main:event_stream:110 - Agent Activity — system: token — 
2026-05-18 00:48:06.322 | INFO     | app.main:event_stream:110 - Agent Activity — system: token — 
2026-05-18 00:48:06.323 | INFO     | app.main:event_stream:110 - Agent Activity — system: token — 
2026-05-18 00:48:06.323 | INFO     | app.main:event_stream:110 - Agent Activity — system: token — 
2026-05-18 00:48:06.323 | INFO     | app.main:event_stream:110 - Agent Activity — system: token — 
2026-05-18 00:48:06.324 | INFO     | app.main:event_stream:110 - Agent Activity — system: token — 
2026-05-18 00:48:06.326 | INFO     | app.main:event_stream:110 - Agent Activity — system: token — 
2026-05-18 00:48:06.327 | INFO     | app.main:event_stream:110 - Agent Activity — system: token — 
2026-05-18 00:48:06.327 | INFO     | app.main:event_stream:110 - Agent Activity — system: token — 
2026-05-18 00:48:06.328 | INFO     | app.main:event_stream:110 - Agent Activity — system: token — 
2026-05-18 00:48:06.328 | INFO     | app.main:event_stream:110 - Agent Activity — system: token — 
2026-05-18 00:48:06.333 | INFO     | app.main:event_stream:110 - Agent Activity — system: token — 
2026-05-18 00:48:06.335 | INFO     | app.main:event_stream:110 - Agent Activity — system: token — 
2026-05-18 00:48:06.337 | INFO     | app.main:event_stream:110 - Agent Activity — system: token — 
2026-05-18 00:48:06.339 | INFO     | app.main:event_stream:110 - Agent Activity — system: token — 
2026-05-18 00:48:06.341 | INFO     | app.main:event_stream:110 - Agent Activity — system: token — 
2026-05-18 00:48:06.342 | INFO     | app.main:event_stream:110 - Agent Activity — system: token — 
2026-05-18 00:48:06.343 | INFO     | app.main:event_stream:110 - Agent Activity — system: token — 
2026-05-18 00:48:06.343 | INFO     | app.main:event_stream:110 - Agent Activity — system: token — 
2026-05-18 00:48:06.344 | INFO     | app.main:event_stream:110 - Agent Activity — system: token — 
2026-05-18 00:48:06.344 | INFO     | app.main:event_stream:110 - Agent Activity — system: token — 
2026-05-18 00:48:06.344 | INFO     | app.main:event_stream:110 - Agent Activity — market: agent_start — Finding cross-platform deals for Breville Bambino Plus Espresso...
2026-05-18 00:48:06.350 | INFO     | app.agents.market_agent:find_best_deals:154 - Finding best deals for: Breville Bambino Plus Espresso Machine
2026-05-18 00:48:09.423 | INFO     | app.services.search_service:search_deals_for_product:131 - Deal search returned 8 results for 'Breville Bambino Plus Espresso Machine'
2026-05-18 00:48:22.202 | INFO     | app.main:event_stream:110 - Agent Activity — market: agent_complete — Found 5 cross-platform deals
2026-05-18 00:48:22.203 | INFO     | app.main:event_stream:110 - Agent Activity — system: final_result — Research complete! See the dashboard for details.
2026-05-18 00:48:22.204 | INFO     | app.main:event_stream:110 - Agent Activity — system: done — 
2026-05-18 00:51:16.239 | INFO     | app.main:lifespan:42 - 👋 VeriBuy Backend shutting down
2026-05-18 00:51:17.928 | INFO     | app.main:lifespan:32 - 🚀 VeriBuy Backend starting...
2026-05-18 00:51:17.929 | INFO     | app.main:lifespan:37 - ✅ Ollama connected — model: qwen3:0.6b
2026-05-18 00:52:11.593 | INFO     | app.main:lifespan:42 - 👋 VeriBuy Backend shutting down
2026-05-18 00:52:13.114 | INFO     | app.main:lifespan:32 - 🚀 VeriBuy Backend starting...
2026-05-18 00:52:13.114 | INFO     | app.main:lifespan:37 - ✅ Ollama connected — model: qwen3:0.6b
2026-05-18 00:53:11.170 | INFO     | app.main:chat:86 - User queried: Espresso machines for beginners
2026-05-18 00:53:11.186 | INFO     | app.main:event_stream:110 - Agent Activity — intent: agent_start — Understanding your requirements...
2026-05-18 00:53:11.202 | INFO     | app.agents.graph:intent_node:28 - Graph: Running intent node
2026-05-18 00:53:14.240 | DEBUG    | app.agents.intent_agent:run_intent_agent:58 - Intent chain raw response: {
  "product_category": "espresso machine",
  "product_name": null,
  "specifications": [],
  "budget_range": {"min_price": 0, "max_price": 999999, "currency": "INR"},
  "usage_context": "general",
  "brand_preferences": [],
  "urgency": "can_wait",
  "is_specific_product": false,
  "is_complete": f
2026-05-18 00:53:14.242 | INFO     | app.agents.intent_agent:run_intent_agent:63 - Intent extracted: category=espresso machine, specific=False, complete=False, confidence=0.8
2026-05-18 00:53:14.246 | INFO     | app.main:event_stream:110 - Agent Activity — intent: agent_complete — Identified: espresso machine
2026-05-18 00:53:14.248 | INFO     | app.main:event_stream:110 - Agent Activity — intent: followup_needed — I need a bit more info: What is your budget for the espresso machine?
2026-05-18 00:53:14.249 | INFO     | app.main:event_stream:110 - Agent Activity — system: token — 
2026-05-18 00:53:14.251 | INFO     | app.main:event_stream:110 - Agent Activity — system: token — 
2026-05-18 00:53:14.252 | INFO     | app.main:event_stream:110 - Agent Activity — system: token — 
2026-05-18 00:53:14.253 | INFO     | app.main:event_stream:110 - Agent Activity — system: token — 
2026-05-18 00:53:14.254 | INFO     | app.main:event_stream:110 - Agent Activity — system: token — 
2026-05-18 00:53:14.256 | INFO     | app.main:event_stream:110 - Agent Activity — system: token — 
2026-05-18 00:53:14.258 | INFO     | app.main:event_stream:110 - Agent Activity — system: token — 
2026-05-18 00:53:14.261 | INFO     | app.main:event_stream:110 - Agent Activity — system: token — 
2026-05-18 00:53:14.264 | INFO     | app.main:event_stream:110 - Agent Activity — system: token — 
2026-05-18 00:53:14.267 | INFO     | app.main:event_stream:110 - Agent Activity — system: token — 
2026-05-18 00:53:14.269 | INFO     | app.main:event_stream:110 - Agent Activity — system: token — 
2026-05-18 00:53:14.272 | INFO     | app.main:event_stream:110 - Agent Activity — system: token — 
2026-05-18 00:53:14.273 | INFO     | app.main:event_stream:110 - Agent Activity — system: token — 
2026-05-18 00:53:14.274 | INFO     | app.main:event_stream:110 - Agent Activity — system: token — 
2026-05-18 00:53:14.276 | INFO     | app.main:event_stream:110 - Agent Activity — system: token — 
2026-05-18 00:53:14.279 | INFO     | app.main:event_stream:110 - Agent Activity — system: done — 
2026-05-18 00:53:20.891 | INFO     | app.main:chat:86 - User queried: 140000 INR
2026-05-18 00:53:20.893 | INFO     | app.main:event_stream:110 - Agent Activity — intent: agent_start — Understanding your requirements...
2026-05-18 00:53:20.898 | INFO     | app.agents.graph:intent_node:28 - Graph: Running intent node
2026-05-18 00:53:23.166 | DEBUG    | app.agents.intent_agent:run_intent_agent:58 - Intent chain raw response: {
    "product_category": "espresso machine",
    "product_name": null,
    "specifications": [],
    "budget_range": {"min_price": 140000, "max_price": 140000, "currency": "INR"},
    "usage_context": "beginners",
    "brand_preferences": [],
    "urgency": "can_wait",
    "is_specific_product": fa
2026-05-18 00:53:23.167 | INFO     | app.agents.intent_agent:run_intent_agent:63 - Intent extracted: category=espresso machine, specific=False, complete=True, confidence=0.8
2026-05-18 00:53:23.171 | INFO     | app.main:event_stream:110 - Agent Activity — intent: agent_complete — Identified: espresso machine
2026-05-18 00:53:23.172 | INFO     | app.main:event_stream:110 - Agent Activity — market: agent_start — Searching across platforms...
2026-05-18 00:53:23.174 | INFO     | app.main:event_stream:110 - Agent Activity — reddit: agent_start — Scanning Reddit discussions...
2026-05-18 00:53:23.176 | INFO     | app.main:event_stream:110 - Agent Activity — youtube: agent_start — Analyzing YouTube reviews...
2026-05-18 00:53:23.179 | INFO     | app.agents.graph:market_node:43 - Graph: Running market node
2026-05-18 00:53:23.181 | INFO     | app.agents.market_agent:run_market_agent:69 - Market agent searching: 'espresso machine for beginners under 140000 INR India buy'
2026-05-18 00:53:23.183 | INFO     | app.services.search_service:search_products:43 - Searching products via Serper API: espresso machine for beginners under 140000 INR India buy
2026-05-18 00:53:23.184 | INFO     | app.agents.graph:reddit_node:57 - Graph: Running reddit node
2026-05-18 00:53:23.186 | INFO     | app.agents.reddit_agent.reddit_agent:run_reddit_agent:106 - Reddit Agent: Searching ['IndianFood', 'espresso', 'Coffee'] for 'espresso machine beginners review India'
2026-05-18 00:53:23.191 | INFO     | app.agents.graph:youtube_node:69 - Graph: Running youtube node
2026-05-18 00:53:23.194 | INFO     | app.agents.youtube_agent.youtube_agent:run_youtube_agent:38 - YouTube Agent: Searching for 'espresso machine for beginners' from trusted channels
2026-05-18 00:53:25.220 | INFO     | app.agents.reddit_agent.reddit_agent:run_reddit_agent:114 - Fetching thread: Looking for an espresso maker in India for about 15K ? Any reviews ...
2026-05-18 00:53:26.168 | INFO     | app.agents.reddit_agent.reddit_agent:run_reddit_agent:114 - Fetching thread: Espresso machine purchase - India : r/espresso - Reddit
2026-05-18 00:53:27.117 | INFO     | app.agents.reddit_agent.reddit_agent:run_reddit_agent:114 - Fetching thread: Espresso Machine and Grinder in India - Reddit
2026-05-18 00:53:27.992 | INFO     | app.agents.youtube_agent.youtube_agent:run_youtube_agent:49 - Fetching transcript for video: Top Beginner Espresso Machines of 2025 (So Far) - YouTube
2026-05-18 00:53:27.993 | WARNING  | app.agents.youtube_agent.transcript_extractor:extract_and_clean_transcript:35 - Transcript extraction failed for video _aZDSdmcCcI: type object 'YouTubeTranscriptApi' has no attribute 'list_transcripts'
2026-05-18 00:53:27.994 | INFO     | app.agents.youtube_agent.youtube_agent:run_youtube_agent:49 - Fetching transcript for video: Best Entry Level Espresso Machines 2025 – Our Top Picks for ...
2026-05-18 00:53:27.995 | WARNING  | app.agents.youtube_agent.transcript_extractor:extract_and_clean_transcript:35 - Transcript extraction failed for video miNqgmVH9I0: type object 'YouTubeTranscriptApi' has no attribute 'list_transcripts'
2026-05-18 00:53:27.995 | INFO     | app.services.search_service:search_products:90 - Serper API returned 3 results.
2026-05-18 00:53:28.004 | INFO     | app.main:event_stream:110 - Agent Activity — reddit: agent_complete — Analyzed 3 Reddit threads
2026-05-18 00:53:32.336 | DEBUG    | app.agents.market_agent:run_market_agent:108 - Market chain raw response: {
  "products": [
    {
      "name": "Automatic Coffee Machine",
      "brand": "Bosch, Wonderchef, Delonghi",
      "model": "",
      "price": 0,
      "currency": "INR",
      "platform": "Amazon",
      "specs": {},
      "rating": null,
      "url": "https://www.amazon.in/Automatic-Coffee-Mach
2026-05-18 00:53:32.340 | INFO     | app.main:event_stream:110 - Agent Activity — youtube: agent_complete — Analyzed 0 YouTube videos
2026-05-18 00:53:32.341 | INFO     | app.main:event_stream:110 - Agent Activity — market: agent_complete — Found 0 products
2026-05-18 00:53:32.344 | INFO     | app.main:event_stream:110 - Agent Activity — system: token — 
2026-05-18 00:53:32.345 | INFO     | app.main:event_stream:110 - Agent Activity — system: token — 
2026-05-18 00:53:32.346 | INFO     | app.main:event_stream:110 - Agent Activity — system: token — 
2026-05-18 00:53:32.347 | INFO     | app.main:event_stream:110 - Agent Activity — system: token — 
2026-05-18 00:53:32.348 | INFO     | app.main:event_stream:110 - Agent Activity — system: token — 
2026-05-18 00:53:32.349 | INFO     | app.main:event_stream:110 - Agent Activity — system: token — 
2026-05-18 00:53:32.350 | INFO     | app.main:event_stream:110 - Agent Activity — system: token — 
2026-05-18 00:53:32.352 | INFO     | app.main:event_stream:110 - Agent Activity — system: token — 
2026-05-18 00:53:32.354 | INFO     | app.main:event_stream:110 - Agent Activity — system: token — 
2026-05-18 00:53:32.356 | INFO     | app.main:event_stream:110 - Agent Activity — system: token — 
2026-05-18 00:53:32.358 | INFO     | app.main:event_stream:110 - Agent Activity — system: token — 
2026-05-18 00:53:32.362 | INFO     | app.main:event_stream:110 - Agent Activity — system: token — 
2026-05-18 00:53:32.364 | INFO     | app.main:event_stream:110 - Agent Activity — system: token — 
2026-05-18 00:53:32.366 | INFO     | app.main:event_stream:110 - Agent Activity — system: token — 
2026-05-18 00:53:32.367 | INFO     | app.main:event_stream:110 - Agent Activity — system: token — 
2026-05-18 00:53:32.368 | INFO     | app.main:event_stream:110 - Agent Activity — system: token — 
2026-05-18 00:53:32.369 | INFO     | app.main:event_stream:110 - Agent Activity — system: token — 
2026-05-18 00:53:32.373 | INFO     | app.main:event_stream:110 - Agent Activity — system: token — 
2026-05-18 00:53:32.376 | INFO     | app.main:event_stream:110 - Agent Activity — system: token — 
2026-05-18 00:53:32.379 | INFO     | app.main:event_stream:110 - Agent Activity — system: token — 
2026-05-18 00:53:32.382 | INFO     | app.main:event_stream:110 - Agent Activity — system: token — 
2026-05-18 00:53:32.385 | INFO     | app.main:event_stream:110 - Agent Activity — system: token — 
2026-05-18 00:53:32.386 | INFO     | app.main:event_stream:110 - Agent Activity — system: token — 
2026-05-18 00:53:32.389 | INFO     | app.main:event_stream:110 - Agent Activity — system: token — 
2026-05-18 00:53:32.392 | INFO     | app.main:event_stream:110 - Agent Activity — system: token — 
2026-05-18 00:53:32.394 | INFO     | app.main:event_stream:110 - Agent Activity — system: token — 
2026-05-18 00:53:32.396 | INFO     | app.main:event_stream:110 - Agent Activity — system: done — 
2026-05-18 00:53:46.074 | INFO     | app.main:chat:86 - User queried: 200000 INR
2026-05-18 00:53:46.076 | INFO     | app.main:event_stream:110 - Agent Activity — intent: agent_start — Understanding your requirements...
2026-05-18 00:53:46.080 | INFO     | app.agents.graph:intent_node:28 - Graph: Running intent node
2026-05-18 00:53:48.418 | DEBUG    | app.agents.intent_agent:run_intent_agent:58 - Intent chain raw response: {
    "product_category": "espresso machine",
    "product_name": null,
    "specifications": [],
    "budget_range": {"min_price": 200000, "max_price": 200000, "currency": "INR"},
    "usage_context": "beginner",
    "brand_preferences": [],
    "urgency": "can_wait",
    "is_specific_product": fal
2026-05-18 00:53:48.418 | INFO     | app.agents.intent_agent:run_intent_agent:63 - Intent extracted: category=espresso machine, specific=False, complete=True, confidence=0.8
2026-05-18 00:53:48.424 | INFO     | app.main:event_stream:110 - Agent Activity — intent: agent_complete — Identified: espresso machine
2026-05-18 00:53:48.426 | INFO     | app.main:event_stream:110 - Agent Activity — market: agent_start — Searching across platforms...
2026-05-18 00:53:48.428 | INFO     | app.main:event_stream:110 - Agent Activity — reddit: agent_start — Scanning Reddit discussions...
2026-05-18 00:53:48.429 | INFO     | app.main:event_stream:110 - Agent Activity — youtube: agent_start — Analyzing YouTube reviews...
2026-05-18 00:53:48.433 | INFO     | app.agents.graph:market_node:43 - Graph: Running market node
2026-05-18 00:53:48.436 | INFO     | app.agents.market_agent:run_market_agent:69 - Market agent searching: 'espresso machine for beginner under 200000 INR India buy'
2026-05-18 00:53:48.444 | INFO     | app.services.search_service:search_products:43 - Searching products via Serper API: espresso machine for beginner under 200000 INR India buy
2026-05-18 00:53:48.446 | INFO     | app.agents.graph:reddit_node:57 - Graph: Running reddit node
2026-05-18 00:53:48.450 | INFO     | app.agents.reddit_agent.reddit_agent:run_reddit_agent:106 - Reddit Agent: Searching ['IndianFood', 'espresso', 'Coffee'] for 'espresso machine beginner review India'
2026-05-18 00:53:48.454 | INFO     | app.agents.graph:youtube_node:69 - Graph: Running youtube node
2026-05-18 00:53:48.460 | INFO     | app.agents.youtube_agent.youtube_agent:run_youtube_agent:38 - YouTube Agent: Searching for 'espresso machine for beginner' from trusted channels
2026-05-18 00:53:50.356 | INFO     | app.services.search_service:search_products:90 - Serper API returned 10 results.
2026-05-18 00:53:50.555 | INFO     | app.agents.reddit_agent.reddit_agent:run_reddit_agent:114 - Fetching thread: Looking for an espresso maker in India for about 15K ? Any reviews ...
2026-05-18 00:53:51.321 | INFO     | app.agents.reddit_agent.reddit_agent:run_reddit_agent:114 - Fetching thread: Espresso machine purchase - India : r/espresso - Reddit
2026-05-18 00:53:52.245 | INFO     | app.agents.reddit_agent.reddit_agent:run_reddit_agent:114 - Fetching thread: Espresso Machine and Grinder in India - Reddit
2026-05-18 00:53:52.792 | INFO     | app.agents.youtube_agent.youtube_agent:run_youtube_agent:49 - Fetching transcript for video: Best Espresso Machines (Beginner to Advanced) | Gear Heads
2026-05-18 00:53:52.792 | WARNING  | app.agents.youtube_agent.transcript_extractor:extract_and_clean_transcript:35 - Transcript extraction failed for video l9sCPE181r4: type object 'YouTubeTranscriptApi' has no attribute 'list_transcripts'
2026-05-18 00:53:52.794 | INFO     | app.main:event_stream:110 - Agent Activity — reddit: agent_complete — Analyzed 3 Reddit threads
2026-05-18 00:54:00.232 | DEBUG    | app.agents.market_agent:run_market_agent:108 - Market chain raw response: After analyzing the search results, I found that there are no products matching the category "espresso machine" within the budget range of 200000.0 to 200000.0 INR. However, I can provide you with a JSON object containing the top 3 products that are closest to the category and budget range. Please n
2026-05-18 00:54:00.233 | INFO     | app.main:event_stream:110 - Agent Activity — youtube: agent_complete — Analyzed 0 YouTube videos
2026-05-18 00:54:00.234 | INFO     | app.main:event_stream:110 - Agent Activity — market: agent_complete — Found 0 products
2026-05-18 00:54:00.235 | INFO     | app.main:event_stream:110 - Agent Activity — system: token — 
2026-05-18 00:54:00.235 | INFO     | app.main:event_stream:110 - Agent Activity — system: token — 
2026-05-18 00:54:00.236 | INFO     | app.main:event_stream:110 - Agent Activity — system: token — 
2026-05-18 00:54:00.236 | INFO     | app.main:event_stream:110 - Agent Activity — system: token — 
2026-05-18 00:54:00.237 | INFO     | app.main:event_stream:110 - Agent Activity — system: token — 
2026-05-18 00:54:00.237 | INFO     | app.main:event_stream:110 - Agent Activity — system: token — 
2026-05-18 00:54:00.238 | INFO     | app.main:event_stream:110 - Agent Activity — system: token — 
2026-05-18 00:54:00.238 | INFO     | app.main:event_stream:110 - Agent Activity — system: token — 
2026-05-18 00:54:00.239 | INFO     | app.main:event_stream:110 - Agent Activity — system: token — 
2026-05-18 00:54:00.240 | INFO     | app.main:event_stream:110 - Agent Activity — system: token — 
2026-05-18 00:54:00.241 | INFO     | app.main:event_stream:110 - Agent Activity — system: token — 
2026-05-18 00:54:00.242 | INFO     | app.main:event_stream:110 - Agent Activity — system: token — 
2026-05-18 00:54:00.242 | INFO     | app.main:event_stream:110 - Agent Activity — system: token — 
2026-05-18 00:54:00.243 | INFO     | app.main:event_stream:110 - Agent Activity — system: token — 
2026-05-18 00:54:00.243 | INFO     | app.main:event_stream:110 - Agent Activity — system: token — 
2026-05-18 00:54:00.244 | INFO     | app.main:event_stream:110 - Agent Activity — system: token — 
2026-05-18 00:54:00.244 | INFO     | app.main:event_stream:110 - Agent Activity — system: token — 
2026-05-18 00:54:00.245 | INFO     | app.main:event_stream:110 - Agent Activity — system: token — 
2026-05-18 00:54:00.245 | INFO     | app.main:event_stream:110 - Agent Activity — system: token — 
2026-05-18 00:54:00.246 | INFO     | app.main:event_stream:110 - Agent Activity — system: token — 
2026-05-18 00:54:00.247 | INFO     | app.main:event_stream:110 - Agent Activity — system: token — 
2026-05-18 00:54:00.248 | INFO     | app.main:event_stream:110 - Agent Activity — system: token — 
2026-05-18 00:54:00.250 | INFO     | app.main:event_stream:110 - Agent Activity — system: token — 
2026-05-18 00:54:00.251 | INFO     | app.main:event_stream:110 - Agent Activity — system: token — 
2026-05-18 00:54:00.252 | INFO     | app.main:event_stream:110 - Agent Activity — system: token — 
2026-05-18 00:54:00.253 | INFO     | app.main:event_stream:110 - Agent Activity — system: token — 
2026-05-18 00:54:00.253 | INFO     | app.main:event_stream:110 - Agent Activity — system: done — 
2026-05-18 00:57:03.470 | INFO     | app.main:chat:86 - User queried: Best coding laptops with 32GB RAM
2026-05-18 00:57:03.472 | INFO     | app.main:event_stream:110 - Agent Activity — intent: agent_start — Understanding your requirements...
2026-05-18 00:57:03.475 | INFO     | app.agents.graph:intent_node:28 - Graph: Running intent node
2026-05-18 00:57:06.481 | DEBUG    | app.agents.intent_agent:run_intent_agent:58 - Intent chain raw response: {
    "product_category": "laptop",
    "product_name": null,
    "specifications": ["32GB RAM"],
    "budget_range": {"min_price": 0, "max_price": 999999, "currency": "INR"},
    "usage_context": "coding",
    "brand_preferences": [],
    "urgency": "can_wait",
    "is_specific_product": false,
   
2026-05-18 00:57:06.482 | INFO     | app.agents.intent_agent:run_intent_agent:63 - Intent extracted: category=laptop, specific=False, complete=False, confidence=0.8
2026-05-18 00:57:06.486 | INFO     | app.main:event_stream:110 - Agent Activity — intent: agent_complete — Identified: laptop
2026-05-18 00:57:06.487 | INFO     | app.main:event_stream:110 - Agent Activity — intent: followup_needed — I need a bit more info: What is your budget for the laptop?
2026-05-18 00:57:06.488 | INFO     | app.main:event_stream:110 - Agent Activity — system: token — 
2026-05-18 00:57:06.489 | INFO     | app.main:event_stream:110 - Agent Activity — system: token — 
2026-05-18 00:57:06.491 | INFO     | app.main:event_stream:110 - Agent Activity — system: token — 
2026-05-18 00:57:06.492 | INFO     | app.main:event_stream:110 - Agent Activity — system: token — 
2026-05-18 00:57:06.494 | INFO     | app.main:event_stream:110 - Agent Activity — system: token — 
2026-05-18 00:57:06.496 | INFO     | app.main:event_stream:110 - Agent Activity — system: token — 
2026-05-18 00:57:06.498 | INFO     | app.main:event_stream:110 - Agent Activity — system: token — 
2026-05-18 00:57:06.501 | INFO     | app.main:event_stream:110 - Agent Activity — system: token — 
2026-05-18 00:57:06.503 | INFO     | app.main:event_stream:110 - Agent Activity — system: token — 
2026-05-18 00:57:06.505 | INFO     | app.main:event_stream:110 - Agent Activity — system: token — 
2026-05-18 00:57:06.507 | INFO     | app.main:event_stream:110 - Agent Activity — system: token — 
2026-05-18 00:57:06.509 | INFO     | app.main:event_stream:110 - Agent Activity — system: token — 
2026-05-18 00:57:06.511 | INFO     | app.main:event_stream:110 - Agent Activity — system: done — 
2026-05-18 00:57:12.135 | INFO     | app.main:chat:86 - User queried: 140000 INR
2026-05-18 00:57:12.137 | INFO     | app.main:event_stream:110 - Agent Activity — intent: agent_start — Understanding your requirements...
2026-05-18 00:57:12.141 | INFO     | app.agents.graph:intent_node:28 - Graph: Running intent node
2026-05-18 00:57:14.601 | DEBUG    | app.agents.intent_agent:run_intent_agent:58 - Intent chain raw response: {
  "product_category": "laptop",
  "product_name": null,
  "specifications": ["32GB RAM"],
  "budget_range": {"min_price": 140000, "max_price": 140000, "currency": "INR"},
  "usage_context": "general",
  "brand_preferences": [],
  "urgency": "can_wait",
  "is_specific_product": false,
  "is_complet
2026-05-18 00:57:14.601 | INFO     | app.agents.intent_agent:run_intent_agent:63 - Intent extracted: category=laptop, specific=False, complete=True, confidence=0.8
2026-05-18 00:57:14.606 | INFO     | app.main:event_stream:110 - Agent Activity — intent: agent_complete — Identified: laptop
2026-05-18 00:57:14.607 | INFO     | app.main:event_stream:110 - Agent Activity — market: agent_start — Searching across platforms...
2026-05-18 00:57:14.608 | INFO     | app.main:event_stream:110 - Agent Activity — reddit: agent_start — Scanning Reddit discussions...
2026-05-18 00:57:14.610 | INFO     | app.main:event_stream:110 - Agent Activity — youtube: agent_start — Analyzing YouTube reviews...
2026-05-18 00:57:14.612 | INFO     | app.agents.graph:market_node:43 - Graph: Running market node
2026-05-18 00:57:14.613 | INFO     | app.agents.market_agent:run_market_agent:69 - Market agent searching: 'laptop 32GB RAM under 140000 INR India buy'
2026-05-18 00:57:14.613 | INFO     | app.services.search_service:search_products:43 - Searching products via Serper API: laptop 32GB RAM under 140000 INR India buy
2026-05-18 00:57:14.616 | INFO     | app.agents.graph:reddit_node:57 - Graph: Running reddit node
2026-05-18 00:57:14.619 | INFO     | app.agents.reddit_agent.reddit_agent:run_reddit_agent:106 - Reddit Agent: Searching ['GadgetsIndia', 'IndianGaming', 'LaptopDealsIndia', 'SuggestALaptop'] for 'laptop review India'
2026-05-18 00:57:14.620 | INFO     | app.agents.graph:youtube_node:69 - Graph: Running youtube node
2026-05-18 00:57:14.624 | INFO     | app.agents.youtube_agent.youtube_agent:run_youtube_agent:38 - YouTube Agent: Searching for 'laptop' from trusted channels
2026-05-18 00:57:16.945 | INFO     | app.main:event_stream:110 - Agent Activity — youtube: agent_complete — Analyzed 0 YouTube videos
2026-05-18 00:57:17.338 | INFO     | app.agents.reddit_agent.reddit_agent:run_reddit_agent:114 - Fetching thread: Need Laptop Suggestions and Reviews from users for this laptop.
2026-05-18 00:57:18.222 | INFO     | app.agents.reddit_agent.reddit_agent:run_reddit_agent:114 - Fetching thread: The worst choice I ever made was buying a Gigabyte laptop in India
2026-05-18 00:57:19.178 | INFO     | app.agents.reddit_agent.reddit_agent:run_reddit_agent:114 - Fetching thread: Recently bought a laptop from r/lestic. Review after 10 days - Reddit
2026-05-18 00:57:20.090 | INFO     | app.services.search_service:search_products:90 - Serper API returned 10 results.
2026-05-18 00:57:20.094 | INFO     | app.main:event_stream:110 - Agent Activity — reddit: agent_complete — Analyzed 3 Reddit threads
2026-05-18 00:57:31.175 | DEBUG    | app.agents.market_agent:run_market_agent:108 - Market chain raw response: {
  "products": [
    {
      "name": "HP OmniBook Ultra AMD Ryzen AI 9 HX 375 Next Gen AI Laptop,(32GB-LPDDR5X Ram,1TB SSD)2.2k ...",
      "brand": "HP",
      "model": "OmniBook Ultra AMD Ryzen AI 9 HX 375",
      "price": 150000,
      "currency": "INR",
      "platform": "Amazon",
      "specs"
2026-05-18 00:57:32.620 | INFO     | app.main:event_stream:110 - Agent Activity — market: agent_complete — Found 4 products
2026-05-18 00:57:32.623 | INFO     | app.main:event_stream:110 - Agent Activity — system: token — 
2026-05-18 00:57:32.623 | INFO     | app.main:event_stream:110 - Agent Activity — system: token — 
2026-05-18 00:57:32.624 | INFO     | app.main:event_stream:110 - Agent Activity — system: token — 
2026-05-18 00:57:32.625 | INFO     | app.main:event_stream:110 - Agent Activity — system: token — 
2026-05-18 00:57:32.626 | INFO     | app.main:event_stream:110 - Agent Activity — system: token — 
2026-05-18 00:57:32.627 | INFO     | app.main:event_stream:110 - Agent Activity — system: token — 
2026-05-18 00:57:32.627 | INFO     | app.main:event_stream:110 - Agent Activity — system: token — 
2026-05-18 00:57:32.629 | INFO     | app.main:event_stream:110 - Agent Activity — system: token — 
2026-05-18 00:57:32.631 | INFO     | app.main:event_stream:110 - Agent Activity — system: token — 
2026-05-18 00:57:32.633 | INFO     | app.main:event_stream:110 - Agent Activity — system: token — 
2026-05-18 00:57:32.635 | INFO     | app.main:event_stream:110 - Agent Activity — system: token — 
2026-05-18 00:57:32.637 | INFO     | app.main:event_stream:110 - Agent Activity — system: token — 
2026-05-18 00:57:32.638 | INFO     | app.main:event_stream:110 - Agent Activity — system: token — 
2026-05-18 00:57:32.639 | INFO     | app.main:event_stream:110 - Agent Activity — system: token — 
2026-05-18 00:57:32.641 | INFO     | app.main:event_stream:110 - Agent Activity — system: token — 
2026-05-18 00:57:32.642 | INFO     | app.main:event_stream:110 - Agent Activity — system: token — 
2026-05-18 00:57:32.644 | INFO     | app.main:event_stream:110 - Agent Activity — system: token — 
2026-05-18 00:57:32.645 | INFO     | app.main:event_stream:110 - Agent Activity — system: token — 
2026-05-18 00:57:32.648 | INFO     | app.main:event_stream:110 - Agent Activity — system: token — 
2026-05-18 00:57:32.650 | INFO     | app.main:event_stream:110 - Agent Activity — system: token — 
2026-05-18 00:57:32.652 | INFO     | app.main:event_stream:110 - Agent Activity — system: token — 
2026-05-18 00:57:32.654 | INFO     | app.main:event_stream:110 - Agent Activity — system: token — 
2026-05-18 00:57:32.655 | INFO     | app.main:event_stream:110 - Agent Activity — system: token — 
2026-05-18 00:57:32.656 | INFO     | app.main:event_stream:110 - Agent Activity — system: token — 
2026-05-18 00:57:32.658 | INFO     | app.main:event_stream:110 - Agent Activity — system: token — 
2026-05-18 00:57:32.659 | INFO     | app.main:event_stream:110 - Agent Activity — system: token — 
2026-05-18 00:57:32.661 | INFO     | app.main:event_stream:110 - Agent Activity — system: token — 
2026-05-18 00:57:32.663 | INFO     | app.main:event_stream:110 - Agent Activity — system: token — 
2026-05-18 00:57:32.665 | INFO     | app.main:event_stream:110 - Agent Activity — system: token — 
2026-05-18 00:57:32.667 | INFO     | app.main:event_stream:110 - Agent Activity — system: token — 
2026-05-18 00:57:32.668 | INFO     | app.main:event_stream:110 - Agent Activity — system: token — 
2026-05-18 00:57:32.670 | INFO     | app.main:event_stream:110 - Agent Activity — system: token — 
2026-05-18 00:57:32.672 | INFO     | app.main:event_stream:110 - Agent Activity — system: token — 
2026-05-18 00:57:32.673 | INFO     | app.main:event_stream:110 - Agent Activity — system: token — 
2026-05-18 00:57:32.675 | INFO     | app.main:event_stream:110 - Agent Activity — system: token — 
2026-05-18 00:57:32.676 | INFO     | app.main:event_stream:110 - Agent Activity — system: token — 
2026-05-18 00:57:32.677 | INFO     | app.main:event_stream:110 - Agent Activity — system: token — 
2026-05-18 00:57:32.678 | INFO     | app.main:event_stream:110 - Agent Activity — system: token — 
2026-05-18 00:57:32.681 | INFO     | app.main:event_stream:110 - Agent Activity — system: token — 
2026-05-18 00:57:32.683 | INFO     | app.main:event_stream:110 - Agent Activity — system: token — 
2026-05-18 00:57:32.684 | INFO     | app.main:event_stream:110 - Agent Activity — system: token — 
2026-05-18 00:57:32.686 | INFO     | app.main:event_stream:110 - Agent Activity — system: token — 
2026-05-18 00:57:32.687 | INFO     | app.main:event_stream:110 - Agent Activity — system: token — 
2026-05-18 00:57:32.688 | INFO     | app.main:event_stream:110 - Agent Activity — system: token — 
2026-05-18 00:57:32.689 | INFO     | app.main:event_stream:110 - Agent Activity — system: token — 
2026-05-18 00:57:32.691 | INFO     | app.main:event_stream:110 - Agent Activity — system: token — 
2026-05-18 00:57:32.691 | INFO     | app.main:event_stream:110 - Agent Activity — system: token — 
2026-05-18 00:57:32.692 | INFO     | app.main:event_stream:110 - Agent Activity — system: token — 
2026-05-18 00:57:32.693 | INFO     | app.main:event_stream:110 - Agent Activity — system: token — 
2026-05-18 00:57:32.694 | INFO     | app.main:event_stream:110 - Agent Activity — system: token — 
2026-05-18 00:57:32.695 | INFO     | app.main:event_stream:110 - Agent Activity — system: token — 
2026-05-18 00:57:32.697 | INFO     | app.main:event_stream:110 - Agent Activity — system: token — 
2026-05-18 00:57:32.699 | INFO     | app.main:event_stream:110 - Agent Activity — system: token — 
2026-05-18 00:57:32.700 | INFO     | app.main:event_stream:110 - Agent Activity — system: token — 
2026-05-18 00:57:32.703 | INFO     | app.main:event_stream:110 - Agent Activity — system: token — 
2026-05-18 00:57:32.704 | INFO     | app.main:event_stream:110 - Agent Activity — system: token — 
2026-05-18 00:57:32.706 | INFO     | app.main:event_stream:110 - Agent Activity — system: token — 
2026-05-18 00:57:32.707 | INFO     | app.main:event_stream:110 - Agent Activity — system: token — 
2026-05-18 00:57:32.708 | INFO     | app.main:event_stream:110 - Agent Activity — system: token — 
2026-05-18 00:57:32.709 | INFO     | app.main:event_stream:110 - Agent Activity — system: token — 
2026-05-18 00:57:32.710 | INFO     | app.main:event_stream:110 - Agent Activity — system: token — 
2026-05-18 00:57:32.712 | INFO     | app.main:event_stream:110 - Agent Activity — system: token — 
2026-05-18 00:57:32.714 | INFO     | app.main:event_stream:110 - Agent Activity — system: token — 
2026-05-18 00:57:32.717 | INFO     | app.main:event_stream:110 - Agent Activity — system: token — 
2026-05-18 00:57:32.718 | INFO     | app.main:event_stream:110 - Agent Activity — system: token — 
2026-05-18 00:57:32.720 | INFO     | app.main:event_stream:110 - Agent Activity — system: token — 
2026-05-18 00:57:32.721 | INFO     | app.main:event_stream:110 - Agent Activity — system: token — 
2026-05-18 00:57:32.723 | INFO     | app.main:event_stream:110 - Agent Activity — system: token — 
2026-05-18 00:57:32.724 | INFO     | app.main:event_stream:110 - Agent Activity — system: token — 
2026-05-18 00:57:32.726 | INFO     | app.main:event_stream:110 - Agent Activity — system: token — 
2026-05-18 00:57:32.727 | INFO     | app.main:event_stream:110 - Agent Activity — system: token — 
2026-05-18 00:57:32.729 | INFO     | app.main:event_stream:110 - Agent Activity — system: token — 
2026-05-18 00:57:32.730 | INFO     | app.main:event_stream:110 - Agent Activity — system: token — 
2026-05-18 00:57:32.731 | INFO     | app.main:event_stream:110 - Agent Activity — system: token — 
2026-05-18 00:57:32.732 | INFO     | app.main:event_stream:110 - Agent Activity — system: token — 
2026-05-18 00:57:32.734 | INFO     | app.main:event_stream:110 - Agent Activity — system: token — 
2026-05-18 00:57:32.735 | INFO     | app.main:event_stream:110 - Agent Activity — system: token — 
2026-05-18 00:57:32.736 | INFO     | app.main:event_stream:110 - Agent Activity — system: token — 
2026-05-18 00:57:32.738 | INFO     | app.main:event_stream:110 - Agent Activity — system: token — 
2026-05-18 00:57:32.739 | INFO     | app.main:event_stream:110 - Agent Activity — system: token — 
2026-05-18 00:57:32.740 | INFO     | app.main:event_stream:110 - Agent Activity — system: token — 
2026-05-18 00:57:32.742 | INFO     | app.main:event_stream:110 - Agent Activity — system: token — 
2026-05-18 00:57:32.744 | INFO     | app.main:event_stream:110 - Agent Activity — system: token — 
2026-05-18 00:57:32.745 | INFO     | app.main:event_stream:110 - Agent Activity — system: token — 
2026-05-18 00:57:32.746 | INFO     | app.main:event_stream:110 - Agent Activity — system: token — 
2026-05-18 00:57:32.747 | INFO     | app.main:event_stream:110 - Agent Activity — system: token — 
2026-05-18 00:57:32.748 | INFO     | app.main:event_stream:110 - Agent Activity — system: token — 
2026-05-18 00:57:32.749 | INFO     | app.main:event_stream:110 - Agent Activity — system: token — 
2026-05-18 00:57:32.749 | INFO     | app.main:event_stream:110 - Agent Activity — system: token — 
2026-05-18 00:57:32.750 | INFO     | app.main:event_stream:110 - Agent Activity — system: token — 
2026-05-18 00:57:32.751 | INFO     | app.main:event_stream:110 - Agent Activity — system: token — 
2026-05-18 00:57:32.752 | INFO     | app.main:event_stream:110 - Agent Activity — system: token — 
2026-05-18 00:57:32.753 | INFO     | app.main:event_stream:110 - Agent Activity — system: token — 
2026-05-18 00:57:32.754 | INFO     | app.main:event_stream:110 - Agent Activity — system: token — 
2026-05-18 00:57:32.755 | INFO     | app.main:event_stream:110 - Agent Activity — system: token — 
2026-05-18 00:57:32.756 | INFO     | app.main:event_stream:110 - Agent Activity — system: token — 
2026-05-18 00:57:32.757 | INFO     | app.main:event_stream:110 - Agent Activity — system: token — 
2026-05-18 00:57:32.758 | INFO     | app.main:event_stream:110 - Agent Activity — system: token — 
2026-05-18 00:57:32.759 | INFO     | app.main:event_stream:110 - Agent Activity — system: token — 
2026-05-18 00:57:32.760 | INFO     | app.main:event_stream:110 - Agent Activity — system: token — 
2026-05-18 00:57:32.761 | INFO     | app.main:event_stream:110 - Agent Activity — system: token — 
2026-05-18 00:57:32.763 | INFO     | app.main:event_stream:110 - Agent Activity — system: token — 
2026-05-18 00:57:32.763 | INFO     | app.main:event_stream:110 - Agent Activity — system: token — 
2026-05-18 00:57:32.764 | INFO     | app.main:event_stream:110 - Agent Activity — system: token — 
2026-05-18 00:57:32.765 | INFO     | app.main:event_stream:110 - Agent Activity — system: token — 
2026-05-18 00:57:32.766 | INFO     | app.main:event_stream:110 - Agent Activity — system: token — 
2026-05-18 00:57:32.767 | INFO     | app.main:event_stream:110 - Agent Activity — system: token — 
2026-05-18 00:57:32.767 | INFO     | app.main:event_stream:110 - Agent Activity — system: token — 
2026-05-18 00:57:32.768 | INFO     | app.main:event_stream:110 - Agent Activity — system: token — 
2026-05-18 00:57:32.768 | INFO     | app.main:event_stream:110 - Agent Activity — system: token — 
2026-05-18 00:57:32.769 | INFO     | app.main:event_stream:110 - Agent Activity — system: token — 
2026-05-18 00:57:32.770 | INFO     | app.main:event_stream:110 - Agent Activity — system: token — 
2026-05-18 00:57:32.770 | INFO     | app.main:event_stream:110 - Agent Activity — system: token — 
2026-05-18 00:57:32.771 | INFO     | app.main:event_stream:110 - Agent Activity — system: token — 
2026-05-18 00:57:32.772 | INFO     | app.main:event_stream:110 - Agent Activity — system: token — 
2026-05-18 00:57:32.772 | INFO     | app.main:event_stream:110 - Agent Activity — system: token — 
2026-05-18 00:57:32.773 | INFO     | app.main:event_stream:110 - Agent Activity — system: token — 
2026-05-18 00:57:32.774 | INFO     | app.main:event_stream:110 - Agent Activity — system: token — 
2026-05-18 00:57:32.775 | INFO     | app.main:event_stream:110 - Agent Activity — system: token — 
2026-05-18 00:57:32.775 | INFO     | app.main:event_stream:110 - Agent Activity — system: token — 
2026-05-18 00:57:32.776 | INFO     | app.main:event_stream:110 - Agent Activity — system: token — 
2026-05-18 00:57:32.777 | INFO     | app.main:event_stream:110 - Agent Activity — system: token — 
2026-05-18 00:57:32.777 | INFO     | app.main:event_stream:110 - Agent Activity — system: token — 
2026-05-18 00:57:32.779 | INFO     | app.main:event_stream:110 - Agent Activity — system: token — 
2026-05-18 00:57:32.780 | INFO     | app.main:event_stream:110 - Agent Activity — system: token — 
2026-05-18 00:57:32.781 | INFO     | app.main:event_stream:110 - Agent Activity — system: token — 
2026-05-18 00:57:32.782 | INFO     | app.main:event_stream:110 - Agent Activity — system: token — 
2026-05-18 00:57:32.782 | INFO     | app.main:event_stream:110 - Agent Activity — system: token — 
2026-05-18 00:57:32.783 | INFO     | app.main:event_stream:110 - Agent Activity — system: token — 
2026-05-18 00:57:32.784 | INFO     | app.main:event_stream:110 - Agent Activity — system: token — 
2026-05-18 00:57:32.784 | INFO     | app.main:event_stream:110 - Agent Activity — system: token — 
2026-05-18 00:57:32.784 | INFO     | app.main:event_stream:110 - Agent Activity — system: token — 
2026-05-18 00:57:32.785 | INFO     | app.main:event_stream:110 - Agent Activity — system: token — 
2026-05-18 00:57:32.785 | INFO     | app.main:event_stream:110 - Agent Activity — system: token — 
2026-05-18 00:57:32.786 | INFO     | app.main:event_stream:110 - Agent Activity — system: token — 
2026-05-18 00:57:32.786 | INFO     | app.main:event_stream:110 - Agent Activity — system: token — 
2026-05-18 00:57:32.787 | INFO     | app.main:event_stream:110 - Agent Activity — system: token — 
2026-05-18 00:57:32.787 | INFO     | app.main:event_stream:110 - Agent Activity — system: token — 
2026-05-18 00:57:32.788 | INFO     | app.main:event_stream:110 - Agent Activity — system: token — 
2026-05-18 00:57:32.788 | INFO     | app.main:event_stream:110 - Agent Activity — system: token — 
2026-05-18 00:57:32.789 | INFO     | app.main:event_stream:110 - Agent Activity — system: token — 
2026-05-18 00:57:32.789 | INFO     | app.main:event_stream:110 - Agent Activity — system: token — 
2026-05-18 00:57:32.790 | INFO     | app.main:event_stream:110 - Agent Activity — system: token — 
2026-05-18 00:57:32.790 | INFO     | app.main:event_stream:110 - Agent Activity — system: token — 
2026-05-18 00:57:32.790 | INFO     | app.main:event_stream:110 - Agent Activity — system: token — 
2026-05-18 00:57:32.791 | INFO     | app.main:event_stream:110 - Agent Activity — system: token — 
2026-05-18 00:57:32.791 | INFO     | app.main:event_stream:110 - Agent Activity — system: token — 
2026-05-18 00:57:32.792 | INFO     | app.main:event_stream:110 - Agent Activity — system: token — 
2026-05-18 00:57:32.792 | INFO     | app.main:event_stream:110 - Agent Activity — system: token — 
2026-05-18 00:57:32.793 | INFO     | app.main:event_stream:110 - Agent Activity — system: token — 
2026-05-18 00:57:32.793 | INFO     | app.main:event_stream:110 - Agent Activity — system: token — 
2026-05-18 00:57:32.794 | INFO     | app.main:event_stream:110 - Agent Activity — system: token — 
2026-05-18 00:57:32.795 | INFO     | app.main:event_stream:110 - Agent Activity — system: token — 
2026-05-18 00:57:32.795 | INFO     | app.main:event_stream:110 - Agent Activity — system: token — 
2026-05-18 00:57:32.796 | INFO     | app.main:event_stream:110 - Agent Activity — system: token — 
2026-05-18 00:57:32.797 | INFO     | app.main:event_stream:110 - Agent Activity — system: token — 
2026-05-18 00:57:32.798 | INFO     | app.main:event_stream:110 - Agent Activity — system: token — 
2026-05-18 00:57:32.798 | INFO     | app.main:event_stream:110 - Agent Activity — system: token — 
2026-05-18 00:57:32.798 | INFO     | app.main:event_stream:110 - Agent Activity — system: token — 
2026-05-18 00:57:32.799 | INFO     | app.main:event_stream:110 - Agent Activity — system: token — 
2026-05-18 00:57:32.799 | INFO     | app.main:event_stream:110 - Agent Activity — system: token — 
2026-05-18 00:57:32.800 | INFO     | app.main:event_stream:110 - Agent Activity — system: token — 
2026-05-18 00:57:32.800 | INFO     | app.main:event_stream:110 - Agent Activity — system: token — 
2026-05-18 00:57:32.801 | INFO     | app.main:event_stream:110 - Agent Activity — system: token — 
2026-05-18 00:57:32.801 | INFO     | app.main:event_stream:110 - Agent Activity — system: token — 
2026-05-18 00:57:32.802 | INFO     | app.main:event_stream:110 - Agent Activity — system: token — 
2026-05-18 00:57:32.802 | INFO     | app.main:event_stream:110 - Agent Activity — system: token — 
2026-05-18 00:57:32.803 | INFO     | app.main:event_stream:110 - Agent Activity — system: token — 
2026-05-18 00:57:32.803 | INFO     | app.main:event_stream:110 - Agent Activity — system: token — 
2026-05-18 00:57:32.804 | INFO     | app.main:event_stream:110 - Agent Activity — system: token — 
2026-05-18 00:57:32.804 | INFO     | app.main:event_stream:110 - Agent Activity — system: token — 
2026-05-18 00:57:32.805 | INFO     | app.main:event_stream:110 - Agent Activity — system: token — 
2026-05-18 00:57:32.805 | INFO     | app.main:event_stream:110 - Agent Activity — system: token — 
2026-05-18 00:57:32.805 | INFO     | app.main:event_stream:110 - Agent Activity — system: token — 
2026-05-18 00:57:32.806 | INFO     | app.main:event_stream:110 - Agent Activity — system: token — 
2026-05-18 00:57:32.806 | INFO     | app.main:event_stream:110 - Agent Activity — system: token — 
2026-05-18 00:57:32.807 | INFO     | app.main:event_stream:110 - Agent Activity — system: token — 
2026-05-18 00:57:32.807 | INFO     | app.main:event_stream:110 - Agent Activity — system: token — 
2026-05-18 00:57:32.807 | INFO     | app.main:event_stream:110 - Agent Activity — system: token — 
2026-05-18 00:57:32.808 | INFO     | app.main:event_stream:110 - Agent Activity — system: token — 
2026-05-18 00:57:32.809 | INFO     | app.main:event_stream:110 - Agent Activity — system: token — 
2026-05-18 00:57:32.810 | INFO     | app.main:event_stream:110 - Agent Activity — system: token — 
2026-05-18 00:57:32.810 | INFO     | app.main:event_stream:110 - Agent Activity — system: token — 
2026-05-18 00:57:32.811 | INFO     | app.main:event_stream:110 - Agent Activity — system: token — 
2026-05-18 00:57:32.812 | INFO     | app.main:event_stream:110 - Agent Activity — system: token — 
2026-05-18 00:57:32.812 | INFO     | app.main:event_stream:110 - Agent Activity — system: token — 
2026-05-18 00:57:32.813 | INFO     | app.main:event_stream:110 - Agent Activity — system: token — 
2026-05-18 00:57:32.814 | INFO     | app.main:event_stream:110 - Agent Activity — system: token — 
2026-05-18 00:57:32.814 | INFO     | app.main:event_stream:110 - Agent Activity — system: token — 
2026-05-18 00:57:32.815 | INFO     | app.main:event_stream:110 - Agent Activity — system: token — 
2026-05-18 00:57:32.816 | INFO     | app.main:event_stream:110 - Agent Activity — system: token — 
2026-05-18 00:57:32.816 | INFO     | app.main:event_stream:110 - Agent Activity — system: token — 
2026-05-18 00:57:32.816 | INFO     | app.main:event_stream:110 - Agent Activity — system: token — 
2026-05-18 00:57:32.817 | INFO     | app.main:event_stream:110 - Agent Activity — system: token — 
2026-05-18 00:57:32.817 | INFO     | app.main:event_stream:110 - Agent Activity — system: token — 
2026-05-18 00:57:32.818 | INFO     | app.main:event_stream:110 - Agent Activity — system: token — 
2026-05-18 00:57:32.818 | INFO     | app.main:event_stream:110 - Agent Activity — system: token — 
2026-05-18 00:57:32.819 | INFO     | app.main:event_stream:110 - Agent Activity — system: token — 
2026-05-18 00:57:32.819 | INFO     | app.main:event_stream:110 - Agent Activity — system: token — 
2026-05-18 00:57:32.820 | INFO     | app.main:event_stream:110 - Agent Activity — system: token — 
2026-05-18 00:57:32.820 | INFO     | app.main:event_stream:110 - Agent Activity — system: token — 
2026-05-18 00:57:32.821 | INFO     | app.main:event_stream:110 - Agent Activity — system: token — 
2026-05-18 00:57:32.821 | INFO     | app.main:event_stream:110 - Agent Activity — system: token — 
2026-05-18 00:57:32.821 | INFO     | app.main:event_stream:110 - Agent Activity — system: token — 
2026-05-18 00:57:32.822 | INFO     | app.main:event_stream:110 - Agent Activity — system: token — 
2026-05-18 00:57:32.822 | INFO     | app.main:event_stream:110 - Agent Activity — system: token — 
2026-05-18 00:57:32.823 | INFO     | app.main:event_stream:110 - Agent Activity — system: token — 
2026-05-18 00:57:32.823 | INFO     | app.main:event_stream:110 - Agent Activity — system: token — 
2026-05-18 00:57:32.824 | INFO     | app.main:event_stream:110 - Agent Activity — system: token — 
2026-05-18 00:57:32.824 | INFO     | app.main:event_stream:110 - Agent Activity — system: token — 
2026-05-18 00:57:32.825 | INFO     | app.main:event_stream:110 - Agent Activity — system: token — 
2026-05-18 00:57:32.825 | INFO     | app.main:event_stream:110 - Agent Activity — system: token — 
2026-05-18 00:57:32.826 | INFO     | app.main:event_stream:110 - Agent Activity — system: token — 
2026-05-18 00:57:32.827 | INFO     | app.main:event_stream:110 - Agent Activity — system: token — 
2026-05-18 00:57:32.827 | INFO     | app.main:event_stream:110 - Agent Activity — system: token — 
2026-05-18 00:57:32.828 | INFO     | app.main:event_stream:110 - Agent Activity — system: token — 
2026-05-18 00:57:32.829 | INFO     | app.main:event_stream:110 - Agent Activity — system: token — 
2026-05-18 00:57:32.830 | INFO     | app.main:event_stream:110 - Agent Activity — system: token — 
2026-05-18 00:57:32.830 | INFO     | app.main:event_stream:110 - Agent Activity — system: token — 
2026-05-18 00:57:32.831 | INFO     | app.main:event_stream:110 - Agent Activity — system: token — 
2026-05-18 00:57:32.831 | INFO     | app.main:event_stream:110 - Agent Activity — system: token — 
2026-05-18 00:57:32.831 | INFO     | app.main:event_stream:110 - Agent Activity — system: token — 
2026-05-18 00:57:32.832 | INFO     | app.main:event_stream:110 - Agent Activity — system: token — 
2026-05-18 00:57:32.832 | INFO     | app.main:event_stream:110 - Agent Activity — system: token — 
2026-05-18 00:57:32.833 | INFO     | app.main:event_stream:110 - Agent Activity — system: token — 
2026-05-18 00:57:32.834 | INFO     | app.main:event_stream:110 - Agent Activity — system: token — 
2026-05-18 00:57:32.835 | INFO     | app.main:event_stream:110 - Agent Activity — system: token — 
2026-05-18 00:57:32.835 | INFO     | app.main:event_stream:110 - Agent Activity — system: token — 
2026-05-18 00:57:32.836 | INFO     | app.main:event_stream:110 - Agent Activity — system: token — 
2026-05-18 00:57:32.837 | INFO     | app.main:event_stream:110 - Agent Activity — system: token — 
2026-05-18 00:57:32.837 | INFO     | app.main:event_stream:110 - Agent Activity — system: token — 
2026-05-18 00:57:32.838 | INFO     | app.main:event_stream:110 - Agent Activity — system: token — 
2026-05-18 00:57:32.838 | INFO     | app.main:event_stream:110 - Agent Activity — system: token — 
2026-05-18 00:57:32.839 | INFO     | app.main:event_stream:110 - Agent Activity — system: token — 
2026-05-18 00:57:32.839 | INFO     | app.main:event_stream:110 - Agent Activity — system: token — 
2026-05-18 00:57:32.840 | INFO     | app.main:event_stream:110 - Agent Activity — system: token — 
2026-05-18 00:57:32.841 | INFO     | app.main:event_stream:110 - Agent Activity — system: token — 
2026-05-18 00:57:32.841 | INFO     | app.main:event_stream:110 - Agent Activity — system: token — 
2026-05-18 00:57:32.842 | INFO     | app.main:event_stream:110 - Agent Activity — system: token — 
2026-05-18 00:57:32.843 | INFO     | app.main:event_stream:110 - Agent Activity — system: token — 
2026-05-18 00:57:32.843 | INFO     | app.main:event_stream:110 - Agent Activity — system: token — 
2026-05-18 00:57:32.844 | INFO     | app.main:event_stream:110 - Agent Activity — system: token — 
2026-05-18 00:57:32.845 | INFO     | app.main:event_stream:110 - Agent Activity — system: token — 
2026-05-18 00:57:32.846 | INFO     | app.main:event_stream:110 - Agent Activity — system: token — 
2026-05-18 00:57:32.846 | INFO     | app.main:event_stream:110 - Agent Activity — system: token — 
2026-05-18 00:57:32.847 | INFO     | app.main:event_stream:110 - Agent Activity — system: token — 
2026-05-18 00:57:32.847 | INFO     | app.main:event_stream:110 - Agent Activity — system: token — 
2026-05-18 00:57:32.847 | INFO     | app.main:event_stream:110 - Agent Activity — system: token — 
2026-05-18 00:57:32.848 | INFO     | app.main:event_stream:110 - Agent Activity — system: token — 
2026-05-18 00:57:32.848 | INFO     | app.main:event_stream:110 - Agent Activity — system: token — 
2026-05-18 00:57:32.849 | INFO     | app.main:event_stream:110 - Agent Activity — system: token — 
2026-05-18 00:57:32.849 | INFO     | app.main:event_stream:110 - Agent Activity — system: token — 
2026-05-18 00:57:32.850 | INFO     | app.main:event_stream:110 - Agent Activity — system: token — 
2026-05-18 00:57:32.850 | INFO     | app.main:event_stream:110 - Agent Activity — system: token — 
2026-05-18 00:57:32.851 | INFO     | app.main:event_stream:110 - Agent Activity — system: token — 
2026-05-18 00:57:32.851 | INFO     | app.main:event_stream:110 - Agent Activity — system: token — 
2026-05-18 00:57:32.852 | INFO     | app.main:event_stream:110 - Agent Activity — system: token — 
2026-05-18 00:57:32.852 | INFO     | app.main:event_stream:110 - Agent Activity — system: token — 
2026-05-18 00:57:32.853 | INFO     | app.main:event_stream:110 - Agent Activity — system: token — 
2026-05-18 00:57:32.853 | INFO     | app.main:event_stream:110 - Agent Activity — system: token — 
2026-05-18 00:57:32.854 | INFO     | app.main:event_stream:110 - Agent Activity — system: token — 
2026-05-18 00:57:32.854 | INFO     | app.main:event_stream:110 - Agent Activity — system: token — 
2026-05-18 00:57:32.855 | INFO     | app.main:event_stream:110 - Agent Activity — system: token — 
2026-05-18 00:57:32.855 | INFO     | app.main:event_stream:110 - Agent Activity — system: token — 
2026-05-18 00:57:32.855 | INFO     | app.main:event_stream:110 - Agent Activity — system: token — 
2026-05-18 00:57:32.856 | INFO     | app.main:event_stream:110 - Agent Activity — system: token — 
2026-05-18 00:57:32.856 | INFO     | app.main:event_stream:110 - Agent Activity — system: token — 
2026-05-18 00:57:32.857 | INFO     | app.main:event_stream:110 - Agent Activity — system: token — 
2026-05-18 00:57:32.858 | INFO     | app.main:event_stream:110 - Agent Activity — system: token — 
2026-05-18 00:57:32.858 | INFO     | app.main:event_stream:110 - Agent Activity — system: token — 
2026-05-18 00:57:32.859 | INFO     | app.main:event_stream:110 - Agent Activity — system: token — 
2026-05-18 00:57:32.859 | INFO     | app.main:event_stream:110 - Agent Activity — market: agent_start — Finding cross-platform deals for HP OmniBook Ultra AMD Ryzen AI...
2026-05-18 00:57:32.860 | INFO     | app.agents.market_agent:find_best_deals:154 - Finding best deals for: HP OmniBook Ultra AMD Ryzen AI 9 HX 375 Next Gen AI Laptop,(32GB-LPDDR5X Ram,1TB SSD)2.2k ...
2026-05-18 00:57:34.949 | INFO     | app.services.search_service:search_deals_for_product:131 - Deal search returned 8 results for 'HP OmniBook Ultra AMD Ryzen AI 9 HX 375 Next Gen AI Laptop,(32GB-LPDDR5X Ram,1TB SSD)2.2k ...'
2026-05-18 00:57:38.007 | INFO     | app.main:event_stream:110 - Agent Activity — market: agent_complete — Found 3 cross-platform deals
2026-05-18 00:57:38.009 | INFO     | app.main:event_stream:110 - Agent Activity — system: final_result — Research complete! See the dashboard for details.
2026-05-18 00:57:38.010 | INFO     | app.main:event_stream:110 - Agent Activity — system: done — 
2026-05-18 00:59:06.124 | INFO     | app.main:lifespan:42 - 👋 VeriBuy Backend shutting down
2026-05-18 01:36:04.426 | INFO     | app.main:lifespan:32 - 🚀 VeriBuy Backend starting...
2026-05-18 01:36:04.434 | INFO     | app.main:lifespan:37 - ✅ Ollama connected — model: qwen3:0.6b
2026-05-18 01:37:11.659 | INFO     | app.main:chat:86 - User queried: Ergonomic chairs for long remote work
2026-05-18 01:37:11.677 | INFO     | app.main:event_stream:110 - Agent Activity — intent: agent_start — Understanding your requirements...
2026-05-18 01:37:11.689 | INFO     | app.agents.graph:intent_node:28 - Graph: Running intent node
2026-05-18 01:37:15.895 | DEBUG    | app.agents.intent_agent:run_intent_agent:58 - Intent chain raw response: {
    "product_category": "chair",
    "product_name": null,
    "specifications": [],
    "budget_range": {"min_price": 0, "max_price": 999999, "currency": "INR"},
    "usage_context": "remote work",
    "brand_preferences": [],
    "urgency": "can_wait",
    "is_specific_product": false,
    "is_c
2026-05-18 01:37:15.897 | INFO     | app.agents.intent_agent:run_intent_agent:63 - Intent extracted: category=chair, specific=False, complete=False, confidence=0.8
2026-05-18 01:37:15.902 | INFO     | app.main:event_stream:110 - Agent Activity — intent: agent_complete — Identified: chair
2026-05-18 01:37:15.904 | INFO     | app.main:event_stream:110 - Agent Activity — intent: followup_needed — I need a bit more info: What is your budget for the ergonomic chair?
2026-05-18 01:37:15.907 | INFO     | app.main:event_stream:110 - Agent Activity — system: token — 
2026-05-18 01:37:15.910 | INFO     | app.main:event_stream:110 - Agent Activity — system: token — 
2026-05-18 01:37:15.912 | INFO     | app.main:event_stream:110 - Agent Activity — system: token — 
2026-05-18 01:37:15.916 | INFO     | app.main:event_stream:110 - Agent Activity — system: token — 
2026-05-18 01:37:15.918 | INFO     | app.main:event_stream:110 - Agent Activity — system: token — 
2026-05-18 01:37:15.920 | INFO     | app.main:event_stream:110 - Agent Activity — system: token — 
2026-05-18 01:37:15.921 | INFO     | app.main:event_stream:110 - Agent Activity — system: token — 
2026-05-18 01:37:15.923 | INFO     | app.main:event_stream:110 - Agent Activity — system: token — 
2026-05-18 01:37:15.929 | INFO     | app.main:event_stream:110 - Agent Activity — system: token — 
2026-05-18 01:37:15.933 | INFO     | app.main:event_stream:110 - Agent Activity — system: token — 
2026-05-18 01:37:15.934 | INFO     | app.main:event_stream:110 - Agent Activity — system: token — 
2026-05-18 01:37:15.937 | INFO     | app.main:event_stream:110 - Agent Activity — system: token — 
2026-05-18 01:37:15.939 | INFO     | app.main:event_stream:110 - Agent Activity — system: token — 
2026-05-18 01:37:15.944 | INFO     | app.main:event_stream:110 - Agent Activity — system: token — 
2026-05-18 01:37:15.946 | INFO     | app.main:event_stream:110 - Agent Activity — system: token — 
2026-05-18 01:37:15.948 | INFO     | app.main:event_stream:110 - Agent Activity — system: done — 
2026-05-18 01:37:23.557 | INFO     | app.main:chat:86 - User queried: 4000 INR
2026-05-18 01:37:23.560 | INFO     | app.main:event_stream:110 - Agent Activity — intent: agent_start — Understanding your requirements...
2026-05-18 01:37:23.564 | INFO     | app.agents.graph:intent_node:28 - Graph: Running intent node
2026-05-18 01:37:26.238 | DEBUG    | app.agents.intent_agent:run_intent_agent:58 - Intent chain raw response: {
  "product_category": "ergonomic chair",
  "product_name": null,
  "specifications": [],
  "budget_range": {"min_price": 4000, "max_price": 4000, "currency": "INR"},
  "usage_context": "remote work",
  "brand_preferences": [],
  "urgency": "can_wait",
  "is_specific_product": false,
  "is_complete
2026-05-18 01:37:26.238 | INFO     | app.agents.intent_agent:run_intent_agent:63 - Intent extracted: category=ergonomic chair, specific=False, complete=True, confidence=0.8
2026-05-18 01:37:26.243 | INFO     | app.main:event_stream:110 - Agent Activity — intent: agent_complete — Identified: ergonomic chair
2026-05-18 01:37:26.254 | INFO     | app.main:event_stream:110 - Agent Activity — market: agent_start — Searching across platforms...
2026-05-18 01:37:26.261 | INFO     | app.main:event_stream:110 - Agent Activity — reddit: agent_start — Scanning Reddit discussions...
2026-05-18 01:37:26.264 | INFO     | app.main:event_stream:110 - Agent Activity — youtube: agent_start — Analyzing YouTube reviews...
2026-05-18 01:37:26.267 | INFO     | app.agents.graph:market_node:43 - Graph: Running market node
2026-05-18 01:37:26.268 | INFO     | app.agents.market_agent:run_market_agent:84 - Market agent searching: 'ergonomic chair for remote work under 4000 INR India buy'
2026-05-18 01:37:26.268 | INFO     | app.services.search_service:search_products:43 - Searching products via Serper API: ergonomic chair for remote work under 4000 INR India buy
2026-05-18 01:37:26.270 | INFO     | app.agents.graph:reddit_node:57 - Graph: Running reddit node
2026-05-18 01:37:26.274 | INFO     | app.agents.reddit_agent.reddit_agent:run_reddit_agent:106 - Reddit Agent: Searching ['IndianWorkspaces', 'IndianGaming', 'HomeImprovement', 'OfficeChairs'] for 'ergonomic chair remote work review India'
2026-05-18 01:37:26.282 | INFO     | app.agents.graph:youtube_node:69 - Graph: Running youtube node
2026-05-18 01:37:26.284 | INFO     | app.agents.youtube_agent.youtube_agent:run_youtube_agent:38 - YouTube Agent: Searching for 'ergonomic chair for remote work' from trusted channels
2026-05-18 01:37:28.823 | INFO     | app.agents.reddit_agent.reddit_agent:run_reddit_agent:114 - Fetching thread: Help me choose a ergonomic chair under INR 13K - Reddit
2026-05-18 01:37:30.447 | INFO     | app.agents.reddit_agent.reddit_agent:run_reddit_agent:114 - Fetching thread: Is it Good or Gimmick? : r/IndianGaming - Reddit
2026-05-18 01:37:31.662 | INFO     | app.agents.reddit_agent.reddit_agent:run_reddit_agent:114 - Fetching thread: What tech should I buy under 5k : r/IndianGaming - Reddit
2026-05-18 01:37:33.786 | INFO     | app.services.search_service:search_products:90 - Serper API returned 10 results.
2026-05-18 01:37:33.797 | INFO     | app.main:event_stream:110 - Agent Activity — reddit: agent_complete — Analyzed 3 Reddit threads
2026-05-18 01:37:45.169 | DEBUG    | app.agents.market_agent:run_market_agent:123 - Market chain raw response: ```json
{
  "products": [
    {
      "name": "CELLBELL Desire C104 Mesh Mid Back Chair | Ergonomic Office, Study, Revolving, Computer Chair for Work from Home Heavy Duty Metal Base, Seat Height Adjustable",
      "brand": "",
      "model": "",
      "price": 0,
      "currency": "INR",
      "plat
2026-05-18 01:37:45.171 | INFO     | app.agents.market_agent:run_market_agent:133 - Skipping product outside budget: CELLBELL Desire C104 Mesh Mid Back Chair | Ergonomic Office, Study, Revolving, Computer Chair for Work from Home Heavy Duty Metal Base, Seat Height Adjustable at 0.0 (budget 4000.0-4000.0)
2026-05-18 01:37:45.174 | INFO     | app.agents.market_agent:run_market_agent:133 - Skipping product outside budget: beaatho Berlin Orthopedic Boss Chair| Breathable Fabric Executive Office Chair Fabric Office Executive Chair at 9999.0 (budget 4000.0-4000.0)
2026-05-18 01:37:45.175 | INFO     | app.agents.market_agent:run_market_agent:133 - Skipping product outside budget: DROGO Premium Ergonomic Office Chair for Work from Home, High Back Computer Chair with at 3224.0 (budget 4000.0-4000.0)
2026-05-18 01:37:45.176 | INFO     | app.agents.market_agent:run_market_agent:133 - Skipping product outside budget: Transformer Series Gaming Chair (Red) at 9999.0 (budget 4000.0-4000.0)
2026-05-18 01:37:45.180 | INFO     | app.agents.market_agent:run_market_agent:133 - Skipping product outside budget: ASTRIDE Ergofit Ergonomic Office Chair for Home | 3-Years Warranty at 4899.0 (budget 4000.0-4000.0)
2026-05-18 01:37:45.189 | INFO     | app.main:event_stream:110 - Agent Activity — youtube: agent_complete — Analyzed 0 YouTube videos
2026-05-18 01:37:45.191 | INFO     | app.main:event_stream:110 - Agent Activity — market: agent_complete — Found 0 products
2026-05-18 01:37:45.194 | INFO     | app.main:event_stream:110 - Agent Activity — system: token — 
2026-05-18 01:37:45.195 | INFO     | app.main:event_stream:110 - Agent Activity — system: token — 
2026-05-18 01:37:45.196 | INFO     | app.main:event_stream:110 - Agent Activity — system: token — 
2026-05-18 01:37:45.197 | INFO     | app.main:event_stream:110 - Agent Activity — system: token — 
2026-05-18 01:37:45.198 | INFO     | app.main:event_stream:110 - Agent Activity — system: token — 
2026-05-18 01:37:45.202 | INFO     | app.main:event_stream:110 - Agent Activity — system: token — 
2026-05-18 01:37:45.204 | INFO     | app.main:event_stream:110 - Agent Activity — system: token — 
2026-05-18 01:37:45.207 | INFO     | app.main:event_stream:110 - Agent Activity — system: token — 
2026-05-18 01:37:45.208 | INFO     | app.main:event_stream:110 - Agent Activity — system: token — 
2026-05-18 01:37:45.209 | INFO     | app.main:event_stream:110 - Agent Activity — system: token — 
2026-05-18 01:37:45.210 | INFO     | app.main:event_stream:110 - Agent Activity — system: token — 
2026-05-18 01:37:45.211 | INFO     | app.main:event_stream:110 - Agent Activity — system: token — 
2026-05-18 01:37:45.212 | INFO     | app.main:event_stream:110 - Agent Activity — system: token — 
2026-05-18 01:37:45.213 | INFO     | app.main:event_stream:110 - Agent Activity — system: token — 
2026-05-18 01:37:45.214 | INFO     | app.main:event_stream:110 - Agent Activity — system: token — 
2026-05-18 01:37:45.215 | INFO     | app.main:event_stream:110 - Agent Activity — system: token — 
2026-05-18 01:37:45.217 | INFO     | app.main:event_stream:110 - Agent Activity — system: token — 
2026-05-18 01:37:45.218 | INFO     | app.main:event_stream:110 - Agent Activity — system: token — 
2026-05-18 01:37:45.223 | INFO     | app.main:event_stream:110 - Agent Activity — system: token — 
2026-05-18 01:37:45.226 | INFO     | app.main:event_stream:110 - Agent Activity — system: token — 
2026-05-18 01:37:45.227 | INFO     | app.main:event_stream:110 - Agent Activity — system: token — 
2026-05-18 01:37:45.235 | INFO     | app.main:event_stream:110 - Agent Activity — system: token — 
2026-05-18 01:37:45.237 | INFO     | app.main:event_stream:110 - Agent Activity — system: token — 
2026-05-18 01:37:45.239 | INFO     | app.main:event_stream:110 - Agent Activity — system: token — 
2026-05-18 01:37:45.243 | INFO     | app.main:event_stream:110 - Agent Activity — system: token — 
2026-05-18 01:37:45.244 | INFO     | app.main:event_stream:110 - Agent Activity — system: token — 
2026-05-18 01:37:45.245 | INFO     | app.main:event_stream:110 - Agent Activity — system: done — 
2026-05-18 01:38:09.765 | INFO     | app.main:chat:86 - User queried: Ergonomic chairs for long remote work
4000 INR
2026-05-18 01:38:09.767 | INFO     | app.main:event_stream:110 - Agent Activity — intent: agent_start — Understanding your requirements...
2026-05-18 01:38:09.772 | INFO     | app.agents.graph:intent_node:28 - Graph: Running intent node
2026-05-18 01:38:12.344 | DEBUG    | app.agents.intent_agent:run_intent_agent:58 - Intent chain raw response: {
    "product_category": "ergonomic chair",
    "product_name": null,
    "specifications": [],
    "budget_range": {"min_price": 4000, "max_price": 4000, "currency": "INR"},
    "usage_context": "remote work",
    "brand_preferences": [],
    "urgency": "can_wait",
    "is_specific_product": false
2026-05-18 01:38:12.344 | INFO     | app.agents.intent_agent:run_intent_agent:63 - Intent extracted: category=ergonomic chair, specific=False, complete=True, confidence=0.8
2026-05-18 01:38:12.347 | INFO     | app.main:event_stream:110 - Agent Activity — intent: agent_complete — Identified: ergonomic chair
2026-05-18 01:38:12.349 | INFO     | app.main:event_stream:110 - Agent Activity — market: agent_start — Searching across platforms...
2026-05-18 01:38:12.352 | INFO     | app.main:event_stream:110 - Agent Activity — reddit: agent_start — Scanning Reddit discussions...
2026-05-18 01:38:12.356 | INFO     | app.main:event_stream:110 - Agent Activity — youtube: agent_start — Analyzing YouTube reviews...
2026-05-18 01:38:12.358 | INFO     | app.agents.graph:market_node:43 - Graph: Running market node
2026-05-18 01:38:12.359 | INFO     | app.agents.market_agent:run_market_agent:84 - Market agent searching: 'ergonomic chair for remote work under 4000 INR India buy'
2026-05-18 01:38:12.363 | INFO     | app.services.search_service:search_products:43 - Searching products via Serper API: ergonomic chair for remote work under 4000 INR India buy
2026-05-18 01:38:12.364 | INFO     | app.agents.graph:reddit_node:57 - Graph: Running reddit node
2026-05-18 01:38:12.369 | INFO     | app.agents.reddit_agent.reddit_agent:run_reddit_agent:106 - Reddit Agent: Searching ['IndianWorkspaces', 'IndianGaming', 'HomeImprovement', 'OfficeChairs'] for 'ergonomic chair remote work review India'
2026-05-18 01:38:12.371 | INFO     | app.agents.graph:youtube_node:69 - Graph: Running youtube node
2026-05-18 01:38:12.373 | INFO     | app.agents.youtube_agent.youtube_agent:run_youtube_agent:38 - YouTube Agent: Searching for 'ergonomic chair for remote work' from trusted channels
2026-05-18 01:38:14.973 | INFO     | app.agents.reddit_agent.reddit_agent:run_reddit_agent:114 - Fetching thread: Help me choose a ergonomic chair under INR 13K - Reddit
2026-05-18 01:38:16.853 | INFO     | app.agents.reddit_agent.reddit_agent:run_reddit_agent:114 - Fetching thread: Is it Good or Gimmick? : r/IndianGaming - Reddit
2026-05-18 01:38:18.059 | INFO     | app.agents.reddit_agent.reddit_agent:run_reddit_agent:114 - Fetching thread: What tech should I buy under 5k : r/IndianGaming - Reddit
2026-05-18 01:38:19.745 | INFO     | app.services.search_service:search_products:90 - Serper API returned 10 results.
2026-05-18 01:38:19.758 | INFO     | app.main:event_stream:110 - Agent Activity — reddit: agent_complete — Analyzed 3 Reddit threads
2026-05-18 01:38:28.485 | DEBUG    | app.agents.market_agent:run_market_agent:123 - Market chain raw response: {
  "products": [
    {
      "name": "CELLBELL Desire C104 Mesh Mid Back Chair | Ergonomic Office, Study, Revolving, Computer Chair for Work from Home Heavy Duty Metal Base, Seat Height Adjustable",
      "brand": "",
      "model": "",
      "price": 4899,
      "currency": "INR",
      "platform"
2026-05-18 01:38:28.486 | INFO     | app.agents.market_agent:run_market_agent:133 - Skipping product outside budget: CELLBELL Desire C104 Mesh Mid Back Chair | Ergonomic Office, Study, Revolving, Computer Chair for Work from Home Heavy Duty Metal Base, Seat Height Adjustable at 4899.0 (budget 4000.0-4000.0)
2026-05-18 01:38:28.487 | INFO     | app.agents.market_agent:run_market_agent:133 - Skipping product outside budget: ASTRIDE Ergofit Ergonomic Office Chair for Home | 3-Years Warranty | 2D Headrest, Adjustable Arms & Lumbar Support | Tilt Lock Mechanism [Heavy Duty Chromium Frame] at 4899.0 (budget 4000.0-4000.0)
2026-05-18 01:38:28.487 | INFO     | app.agents.market_agent:run_market_agent:133 - Skipping product outside budget: beaatho Berlin Orthopedic Boss Chair| Breathable Fabric Executive Office Chair Fabric Office Executive Chair at 9999.0 (budget 4000.0-4000.0)
2026-05-18 01:38:28.488 | INFO     | app.agents.market_agent:run_market_agent:133 - Skipping product outside budget: ASTRIDE Octave BIFMA Certified Ergonomic Office Chair for Work | 2D Headrest, Adjustable Arms & Lumbar Support | Tilt Lock Mechanism [Heavy Duty Chromium Frame] at 8999.0 (budget 4000.0-4000.0)
2026-05-18 01:38:28.489 | INFO     | app.main:event_stream:110 - Agent Activity — youtube: agent_complete — Analyzed 0 YouTube videos
2026-05-18 01:38:28.490 | INFO     | app.main:event_stream:110 - Agent Activity — market: agent_complete — Found 0 products
2026-05-18 01:38:28.492 | INFO     | app.main:event_stream:110 - Agent Activity — system: token — 
2026-05-18 01:38:28.493 | INFO     | app.main:event_stream:110 - Agent Activity — system: token — 
2026-05-18 01:38:28.494 | INFO     | app.main:event_stream:110 - Agent Activity — system: token — 
2026-05-18 01:38:28.495 | INFO     | app.main:event_stream:110 - Agent Activity — system: token — 
2026-05-18 01:38:28.496 | INFO     | app.main:event_stream:110 - Agent Activity — system: token — 
2026-05-18 01:38:28.497 | INFO     | app.main:event_stream:110 - Agent Activity — system: token — 
2026-05-18 01:38:28.502 | INFO     | app.main:event_stream:110 - Agent Activity — system: token — 
2026-05-18 01:38:28.503 | INFO     | app.main:event_stream:110 - Agent Activity — system: token — 
2026-05-18 01:38:28.505 | INFO     | app.main:event_stream:110 - Agent Activity — system: token — 
2026-05-18 01:38:28.506 | INFO     | app.main:event_stream:110 - Agent Activity — system: token — 
2026-05-18 01:38:28.508 | INFO     | app.main:event_stream:110 - Agent Activity — system: token — 
2026-05-18 01:38:28.509 | INFO     | app.main:event_stream:110 - Agent Activity — system: token — 
2026-05-18 01:38:28.510 | INFO     | app.main:event_stream:110 - Agent Activity — system: token — 
2026-05-18 01:38:28.511 | INFO     | app.main:event_stream:110 - Agent Activity — system: token — 
2026-05-18 01:38:28.511 | INFO     | app.main:event_stream:110 - Agent Activity — system: token — 
2026-05-18 01:38:28.513 | INFO     | app.main:event_stream:110 - Agent Activity — system: token — 
2026-05-18 01:38:28.514 | INFO     | app.main:event_stream:110 - Agent Activity — system: token — 
2026-05-18 01:38:28.514 | INFO     | app.main:event_stream:110 - Agent Activity — system: token — 
2026-05-18 01:38:28.515 | INFO     | app.main:event_stream:110 - Agent Activity — system: token — 
2026-05-18 01:38:28.516 | INFO     | app.main:event_stream:110 - Agent Activity — system: token — 
2026-05-18 01:38:28.517 | INFO     | app.main:event_stream:110 - Agent Activity — system: token — 
2026-05-18 01:38:28.517 | INFO     | app.main:event_stream:110 - Agent Activity — system: token — 
2026-05-18 01:38:28.518 | INFO     | app.main:event_stream:110 - Agent Activity — system: token — 
2026-05-18 01:38:28.519 | INFO     | app.main:event_stream:110 - Agent Activity — system: token — 
2026-05-18 01:38:28.520 | INFO     | app.main:event_stream:110 - Agent Activity — system: token — 
2026-05-18 01:38:28.520 | INFO     | app.main:event_stream:110 - Agent Activity — system: token — 
2026-05-18 01:38:28.521 | INFO     | app.main:event_stream:110 - Agent Activity — system: done — 
2026-05-18 01:40:31.891 | INFO     | app.main:lifespan:42 - 👋 VeriBuy Backend shutting down
2026-05-18 01:40:34.266 | INFO     | app.main:lifespan:32 - 🚀 VeriBuy Backend starting...
2026-05-18 01:40:34.267 | INFO     | app.main:lifespan:37 - ✅ Ollama connected — model: qwen3:0.6b
2026-05-18 01:40:35.706 | INFO     | app.main:lifespan:42 - 👋 VeriBuy Backend shutting down
2026-05-18 01:40:37.886 | INFO     | app.main:lifespan:32 - 🚀 VeriBuy Backend starting...
2026-05-18 01:40:37.887 | INFO     | app.main:lifespan:37 - ✅ Ollama connected — model: qwen3:0.6b
2026-05-18 01:40:41.300 | INFO     | app.main:lifespan:42 - 👋 VeriBuy Backend shutting down
2026-05-18 01:40:43.632 | INFO     | app.main:lifespan:32 - 🚀 VeriBuy Backend starting...
2026-05-18 01:40:43.633 | INFO     | app.main:lifespan:37 - ✅ Ollama connected — model: qwen3:0.6b
2026-05-18 01:41:21.305 | INFO     | app.main:lifespan:42 - 👋 VeriBuy Backend shutting down
2026-05-18 01:41:26.706 | INFO     | app.main:lifespan:32 - 🚀 VeriBuy Backend starting...
2026-05-18 01:41:26.707 | INFO     | app.main:lifespan:37 - ✅ Ollama connected — model: qwen3:0.6b
2026-05-18 01:41:41.333 | INFO     | app.main:chat:86 - User queried: Ergonomic chairs for long remote work
2026-05-18 01:41:41.348 | INFO     | app.main:event_stream:110 - Agent Activity — intent: agent_start — Understanding your requirements...
2026-05-18 01:41:41.358 | INFO     | app.agents.graph:intent_node:28 - Graph: Running intent node
2026-05-18 01:41:45.323 | DEBUG    | app.agents.intent_agent:run_intent_agent:72 - Intent chain raw response: {
  "product_category": "chair",
  "product_name": null,
  "specifications": [],
  "budget_range": {"min_price": 0, "max_price": 999999, "currency": "INR"},
  "usage_context": "office",
  "brand_preferences": [],
  "urgency": "can_wait",
  "is_specific_product": false,
  "is_complete": false,
  "mis
2026-05-18 01:41:45.324 | INFO     | app.agents.intent_agent:run_intent_agent:78 - Intent extracted: category=chair, specific=False, complete=False, confidence=0.8
2026-05-18 01:41:45.327 | INFO     | app.main:event_stream:110 - Agent Activity — intent: agent_complete — Identified: chair
2026-05-18 01:41:45.329 | INFO     | app.main:event_stream:110 - Agent Activity — intent: followup_needed — I need a bit more info: What is your budget for the ergonomic chairs?
2026-05-18 01:41:45.330 | INFO     | app.main:event_stream:110 - Agent Activity — system: done — 
2026-05-18 01:41:53.591 | INFO     | app.main:chat:86 - User queried: 4000 INR
2026-05-18 01:41:53.593 | INFO     | app.main:event_stream:110 - Agent Activity — intent: agent_start — Understanding your requirements...
2026-05-18 01:41:53.595 | INFO     | app.agents.graph:intent_node:28 - Graph: Running intent node
2026-05-18 01:41:56.345 | DEBUG    | app.agents.intent_agent:run_intent_agent:72 - Intent chain raw response: {
  "product_category": "chair",
  "product_name": null,
  "specifications": [],
  "budget_range": {"min_price": 0, "max_price": 4000, "currency": "INR"},
  "usage_context": "remote work",
  "brand_preferences": [],
  "urgency": "can_wait",
  "is_specific_product": false,
  "is_complete": true,
  "m
2026-05-18 01:41:56.347 | INFO     | app.agents.intent_agent:run_intent_agent:78 - Intent extracted: category=chair, specific=False, complete=True, confidence=1.0
2026-05-18 01:41:56.353 | INFO     | app.main:event_stream:110 - Agent Activity — intent: agent_complete — Identified: chair
2026-05-18 01:41:56.354 | INFO     | app.main:event_stream:110 - Agent Activity — market: agent_start — Searching across platforms...
2026-05-18 01:41:56.357 | INFO     | app.main:event_stream:110 - Agent Activity — reddit: agent_start — Scanning Reddit discussions...
2026-05-18 01:41:56.359 | INFO     | app.main:event_stream:110 - Agent Activity — youtube: agent_start — Analyzing YouTube reviews...
2026-05-18 01:41:56.366 | INFO     | app.agents.graph:market_node:43 - Graph: Running market node
2026-05-18 01:41:56.368 | INFO     | app.agents.market_agent:run_market_agent:84 - Market agent searching: 'chair for remote work under 4000 INR India buy'
2026-05-18 01:41:56.369 | INFO     | app.services.search_service:search_products:43 - Searching products via Serper API: chair for remote work under 4000 INR India buy
2026-05-18 01:41:56.371 | INFO     | app.agents.graph:reddit_node:57 - Graph: Running reddit node
2026-05-18 01:41:56.374 | INFO     | app.agents.reddit_agent.reddit_agent:run_reddit_agent:106 - Reddit Agent: Searching ['IndianWorkspaces', 'IndianGaming', 'HomeImprovement', 'OfficeChairs'] for 'chair remote work review India'
2026-05-18 01:41:56.380 | INFO     | app.agents.graph:youtube_node:69 - Graph: Running youtube node
2026-05-18 01:41:56.386 | INFO     | app.agents.youtube_agent.youtube_agent:run_youtube_agent:38 - YouTube Agent: Searching for 'chair for remote work' from trusted channels
2026-05-18 01:41:58.941 | INFO     | app.agents.youtube_agent.youtube_agent:run_youtube_agent:49 - Fetching transcript for video: The Only Office Chair You'll Ever Need (Perfect for Remote Work)
2026-05-18 01:41:58.942 | WARNING  | app.agents.youtube_agent.transcript_extractor:extract_and_clean_transcript:35 - Transcript extraction failed for video n0rNYbLYl7I: type object 'YouTubeTranscriptApi' has no attribute 'list_transcripts'
2026-05-18 01:41:58.943 | INFO     | app.main:event_stream:110 - Agent Activity — youtube: agent_complete — Analyzed 0 YouTube videos
2026-05-18 01:41:59.593 | INFO     | app.services.search_service:search_products:90 - Serper API returned 10 results.
2026-05-18 01:42:00.385 | INFO     | app.agents.reddit_agent.reddit_agent:run_reddit_agent:114 - Fetching thread: Help me choose a ergonomic chair under INR 13K - Reddit
2026-05-18 01:42:01.888 | INFO     | app.agents.reddit_agent.reddit_agent:run_reddit_agent:114 - Fetching thread: Finally completed my gaming/work setup after an year of research!
2026-05-18 01:42:04.533 | INFO     | app.agents.reddit_agent.reddit_agent:run_reddit_agent:114 - Fetching thread: Why we dont see gaming setups from India, comparable in ... - Reddit
2026-05-18 01:42:07.185 | INFO     | app.main:event_stream:110 - Agent Activity — reddit: agent_complete — Analyzed 3 Reddit threads
2026-05-18 01:42:16.767 | DEBUG    | app.agents.market_agent:run_market_agent:123 - Market chain raw response: {
    "products": [
        {
            "name": "The Sleep Company Stylux Premium Ergonomic Office Chair | Patented SmartGRID seat | SpinePro Lumbar Support | Work, Home, Study | Adjustable Headrest & 4D ...",
            "brand": "",
            "model": "",
            "price": 0,
            "c
2026-05-18 01:42:16.768 | INFO     | app.agents.market_agent:run_market_agent:133 - Skipping product outside budget: The Sleep Company Stylux Premium Ergonomic Office Chair | Patented SmartGRID seat | SpinePro Lumbar Support | Work, Home, Study | Adjustable Headrest & 4D ... at 0.0 (budget 0.0-4000.0)
2026-05-18 01:42:16.769 | INFO     | app.agents.market_agent:run_market_agent:133 - Skipping product outside budget: beaatho Berlin Orthopedic Boss Chair| Breathable Fabric Executive Office Chair Fabric Office Executive Chair. at 15990.0 (budget 0.0-4000.0)
2026-05-18 01:42:16.769 | INFO     | app.agents.market_agent:run_market_agent:133 - Skipping product outside budget: Green Soul Orion | Ergonomic Office Chair for Work with Dual Panel Backrest | Seat Slider. at 32225.0 (budget 0.0-4000.0)
2026-05-18 01:42:16.770 | INFO     | app.agents.market_agent:run_market_agent:133 - Skipping product outside budget: ASTRIDE Ergofit Ergonomic Office Chair for Home | 3-Years Warranty at 0.0 (budget 0.0-4000.0)
2026-05-18 01:42:16.771 | INFO     | app.agents.market_agent:run_market_agent:133 - Skipping product outside budget: HOFFREE RGB Gaming Chair with Speakers Massage Computer ... at 10105.0 (budget 0.0-4000.0)
2026-05-18 01:42:16.774 | INFO     | app.main:event_stream:110 - Agent Activity — market: agent_complete — Found 0 products
2026-05-18 01:42:16.777 | INFO     | app.main:event_stream:110 - Agent Activity — system: token — 
2026-05-18 01:42:16.780 | INFO     | app.main:event_stream:110 - Agent Activity — system: token — 
2026-05-18 01:42:16.781 | INFO     | app.main:event_stream:110 - Agent Activity — system: token — 
2026-05-18 01:42:16.783 | INFO     | app.main:event_stream:110 - Agent Activity — system: token — 
2026-05-18 01:42:16.785 | INFO     | app.main:event_stream:110 - Agent Activity — system: token — 
2026-05-18 01:42:16.787 | INFO     | app.main:event_stream:110 - Agent Activity — system: token — 
2026-05-18 01:42:16.789 | INFO     | app.main:event_stream:110 - Agent Activity — system: token — 
2026-05-18 01:42:16.791 | INFO     | app.main:event_stream:110 - Agent Activity — system: token — 
2026-05-18 01:42:16.794 | INFO     | app.main:event_stream:110 - Agent Activity — system: token — 
2026-05-18 01:42:16.797 | INFO     | app.main:event_stream:110 - Agent Activity — system: token — 
2026-05-18 01:42:16.800 | INFO     | app.main:event_stream:110 - Agent Activity — system: token — 
2026-05-18 01:42:16.801 | INFO     | app.main:event_stream:110 - Agent Activity — system: token — 
2026-05-18 01:42:16.802 | INFO     | app.main:event_stream:110 - Agent Activity — system: token — 
2026-05-18 01:42:16.803 | INFO     | app.main:event_stream:110 - Agent Activity — system: token — 
2026-05-18 01:42:16.804 | INFO     | app.main:event_stream:110 - Agent Activity — system: token — 
2026-05-18 01:42:16.808 | INFO     | app.main:event_stream:110 - Agent Activity — system: token — 
2026-05-18 01:42:16.811 | INFO     | app.main:event_stream:110 - Agent Activity — system: token — 
2026-05-18 01:42:16.813 | INFO     | app.main:event_stream:110 - Agent Activity — system: token — 
2026-05-18 01:42:16.817 | INFO     | app.main:event_stream:110 - Agent Activity — system: token — 
2026-05-18 01:42:16.819 | INFO     | app.main:event_stream:110 - Agent Activity — system: token — 
2026-05-18 01:42:16.821 | INFO     | app.main:event_stream:110 - Agent Activity — system: token — 
2026-05-18 01:42:16.822 | INFO     | app.main:event_stream:110 - Agent Activity — system: token — 
2026-05-18 01:42:16.824 | INFO     | app.main:event_stream:110 - Agent Activity — system: token — 
2026-05-18 01:42:16.825 | INFO     | app.main:event_stream:110 - Agent Activity — system: token — 
2026-05-18 01:42:16.826 | INFO     | app.main:event_stream:110 - Agent Activity — system: token — 
2026-05-18 01:42:16.830 | INFO     | app.main:event_stream:110 - Agent Activity — system: token — 
2026-05-18 01:42:16.831 | INFO     | app.main:event_stream:110 - Agent Activity — system: done — 
2026-05-18 01:43:19.566 | INFO     | app.main:lifespan:42 - 👋 VeriBuy Backend shutting down
2026-05-18 01:43:22.204 | INFO     | app.main:lifespan:32 - 🚀 VeriBuy Backend starting...
2026-05-18 01:43:22.205 | INFO     | app.main:lifespan:37 - ✅ Ollama connected — model: qwen3:0.6b
2026-05-18 01:43:30.747 | INFO     | app.main:lifespan:42 - 👋 VeriBuy Backend shutting down
2026-05-18 01:43:33.024 | INFO     | app.main:lifespan:32 - 🚀 VeriBuy Backend starting...
2026-05-18 01:43:33.025 | INFO     | app.main:lifespan:37 - ✅ Ollama connected — model: qwen3:0.6b
2026-05-18 01:43:46.344 | INFO     | app.main:lifespan:42 - 👋 VeriBuy Backend shutting down
2026-05-18 01:43:48.747 | INFO     | app.main:lifespan:32 - 🚀 VeriBuy Backend starting...
2026-05-18 01:43:48.748 | INFO     | app.main:lifespan:37 - ✅ Ollama connected — model: qwen3:0.6b
2026-05-18 01:44:31.147 | INFO     | app.main:lifespan:42 - 👋 VeriBuy Backend shutting down
2026-05-18 01:44:33.563 | INFO     | app.main:lifespan:32 - 🚀 VeriBuy Backend starting...
2026-05-18 01:44:33.565 | INFO     | app.main:lifespan:37 - ✅ Ollama connected — model: qwen3:0.6b
2026-05-18 01:44:37.388 | INFO     | app.main:lifespan:42 - 👋 VeriBuy Backend shutting down
2026-05-18 01:44:39.680 | INFO     | app.main:lifespan:32 - 🚀 VeriBuy Backend starting...
2026-05-18 01:44:39.681 | INFO     | app.main:lifespan:37 - ✅ Ollama connected — model: qwen3:0.6b
2026-05-18 01:45:57.873 | INFO     | app.main:chat:86 - User queried: Ergonomic chairs for long remote work
2026-05-18 01:45:57.886 | INFO     | app.main:event_stream:110 - Agent Activity — intent: agent_start — Understanding your requirements...
2026-05-18 01:45:57.898 | INFO     | app.agents.graph:intent_node:28 - Graph: Running intent node
2026-05-18 01:46:01.611 | DEBUG    | app.agents.intent_agent:run_intent_agent:72 - Intent chain raw response: {
  "product_category": "chair",
  "product_name": null,
  "specifications": [],
  "budget_range": {"min_price": 0, "max_price": 999999, "currency": "INR"},
  "usage_context": "office",
  "brand_preferences": [],
  "urgency": "can_wait",
  "is_specific_product": false,
  "is_complete": false,
  "mis
2026-05-18 01:46:01.613 | INFO     | app.agents.intent_agent:run_intent_agent:78 - Intent extracted: category=chair, specific=False, complete=False, confidence=0.8
2026-05-18 01:46:01.618 | INFO     | app.main:event_stream:110 - Agent Activity — intent: agent_complete — Identified: chair
2026-05-18 01:46:01.619 | INFO     | app.main:event_stream:110 - Agent Activity — intent: followup_needed — I need a bit more info: What is your budget for the ergonomic chair?
2026-05-18 01:46:01.621 | INFO     | app.main:event_stream:110 - Agent Activity — system: done — 
2026-05-18 01:46:11.719 | INFO     | app.main:chat:86 - User queried: 5000 INR
2026-05-18 01:46:11.722 | INFO     | app.main:event_stream:110 - Agent Activity — intent: agent_start — Understanding your requirements...
2026-05-18 01:46:11.728 | INFO     | app.agents.graph:intent_node:28 - Graph: Running intent node
2026-05-18 01:46:14.196 | DEBUG    | app.agents.intent_agent:run_intent_agent:72 - Intent chain raw response: {
  "product_category": "chair",
  "product_name": null,
  "specifications": [],
  "budget_range": {"min_price": 0, "max_price": 5000, "currency": "INR"},
  "usage_context": "remote work",
  "brand_preferences": [],
  "urgency": "can_wait",
  "is_specific_product": false,
  "is_complete": true,
  "m
2026-05-18 01:46:14.196 | INFO     | app.agents.intent_agent:run_intent_agent:78 - Intent extracted: category=chair, specific=False, complete=True, confidence=0.9
2026-05-18 01:46:14.201 | INFO     | app.main:event_stream:110 - Agent Activity — intent: agent_complete — Identified: chair
2026-05-18 01:46:14.203 | INFO     | app.main:event_stream:110 - Agent Activity — market: agent_start — Searching across platforms...
2026-05-18 01:46:14.206 | INFO     | app.main:event_stream:110 - Agent Activity — reddit: agent_start — Scanning Reddit discussions...
2026-05-18 01:46:14.208 | INFO     | app.main:event_stream:110 - Agent Activity — youtube: agent_start — Analyzing YouTube reviews...
2026-05-18 01:46:14.214 | INFO     | app.agents.graph:market_node:43 - Graph: Running market node
2026-05-18 01:46:14.215 | INFO     | app.agents.market_agent:run_market_agent:126 - Market agent searching: 'chair for remote work under 5000 INR budget affordable India buy'
2026-05-18 01:46:14.217 | INFO     | app.services.search_service:search_products:80 - Searching products via Serper API: chair for remote work under 5000 INR budget affordable India buy
2026-05-18 01:46:14.218 | INFO     | app.agents.graph:reddit_node:57 - Graph: Running reddit node
2026-05-18 01:46:14.227 | INFO     | app.agents.reddit_agent.reddit_agent:run_reddit_agent:106 - Reddit Agent: Searching ['IndianWorkspaces', 'IndianGaming', 'HomeImprovement', 'OfficeChairs'] for 'chair remote work review India'
2026-05-18 01:46:14.230 | INFO     | app.agents.graph:youtube_node:69 - Graph: Running youtube node
2026-05-18 01:46:14.232 | INFO     | app.agents.youtube_agent.youtube_agent:run_youtube_agent:38 - YouTube Agent: Searching for 'chair for remote work' from trusted channels
2026-05-18 01:46:16.687 | INFO     | app.agents.reddit_agent.reddit_agent:run_reddit_agent:114 - Fetching thread: Help me choose a ergonomic chair under INR 13K - Reddit
2026-05-18 01:46:18.749 | INFO     | app.agents.reddit_agent.reddit_agent:run_reddit_agent:114 - Fetching thread: Finally completed my gaming/work setup after an year of research!
2026-05-18 01:46:20.960 | INFO     | app.agents.reddit_agent.reddit_agent:run_reddit_agent:114 - Fetching thread: Why we dont see gaming setups from India, comparable in ... - Reddit
2026-05-18 01:46:23.517 | INFO     | app.agents.youtube_agent.youtube_agent:run_youtube_agent:49 - Fetching transcript for video: The Only Office Chair You'll Ever Need (Perfect for Remote Work)
2026-05-18 01:46:23.519 | WARNING  | app.agents.youtube_agent.transcript_extractor:extract_and_clean_transcript:35 - Transcript extraction failed for video n0rNYbLYl7I: type object 'YouTubeTranscriptApi' has no attribute 'list_transcripts'
2026-05-18 01:46:23.522 | INFO     | app.services.search_service:search_products:194 - Serper API returned 50 results (46 with parsed prices).
2026-05-18 01:46:23.539 | INFO     | app.main:event_stream:110 - Agent Activity — reddit: agent_complete — Analyzed 3 Reddit threads
2026-05-18 01:46:26.486 | ERROR    | app.agents.market_agent:run_market_agent:204 - Market agent analysis error: (Request ID: Root=1-6a0a2218-21e7e58f6be4abfe7fce6721;5ada475c-66dc-4cd8-917f-8fa1d1c65b65)

Bad request:
2026-05-18 01:46:26.487 | INFO     | app.main:event_stream:110 - Agent Activity — youtube: agent_complete — Analyzed 0 YouTube videos
2026-05-18 01:46:26.488 | INFO     | app.main:event_stream:110 - Agent Activity — market: agent_complete — Found 0 products
2026-05-18 01:46:26.491 | INFO     | app.main:event_stream:110 - Agent Activity — system: token — 
2026-05-18 01:46:26.494 | INFO     | app.main:event_stream:110 - Agent Activity — system: token — 
2026-05-18 01:46:26.498 | INFO     | app.main:event_stream:110 - Agent Activity — system: token — 
2026-05-18 01:46:26.500 | INFO     | app.main:event_stream:110 - Agent Activity — system: token — 
2026-05-18 01:46:26.501 | INFO     | app.main:event_stream:110 - Agent Activity — system: token — 
2026-05-18 01:46:26.502 | INFO     | app.main:event_stream:110 - Agent Activity — system: token — 
2026-05-18 01:46:26.505 | INFO     | app.main:event_stream:110 - Agent Activity — system: token — 
2026-05-18 01:46:26.510 | INFO     | app.main:event_stream:110 - Agent Activity — system: token — 
2026-05-18 01:46:26.511 | INFO     | app.main:event_stream:110 - Agent Activity — system: token — 
2026-05-18 01:46:26.513 | INFO     | app.main:event_stream:110 - Agent Activity — system: token — 
2026-05-18 01:46:26.516 | INFO     | app.main:event_stream:110 - Agent Activity — system: token — 
2026-05-18 01:46:26.517 | INFO     | app.main:event_stream:110 - Agent Activity — system: token — 
2026-05-18 01:46:26.519 | INFO     | app.main:event_stream:110 - Agent Activity — system: token — 
2026-05-18 01:46:26.521 | INFO     | app.main:event_stream:110 - Agent Activity — system: token — 
2026-05-18 01:46:26.523 | INFO     | app.main:event_stream:110 - Agent Activity — system: token — 
2026-05-18 01:46:26.526 | INFO     | app.main:event_stream:110 - Agent Activity — system: token — 
2026-05-18 01:46:26.527 | INFO     | app.main:event_stream:110 - Agent Activity — system: token — 
2026-05-18 01:46:26.528 | INFO     | app.main:event_stream:110 - Agent Activity — system: token — 
2026-05-18 01:46:26.530 | INFO     | app.main:event_stream:110 - Agent Activity — system: token — 
2026-05-18 01:46:26.532 | INFO     | app.main:event_stream:110 - Agent Activity — system: token — 
2026-05-18 01:46:26.533 | INFO     | app.main:event_stream:110 - Agent Activity — system: token — 
2026-05-18 01:46:26.534 | INFO     | app.main:event_stream:110 - Agent Activity — system: token — 
2026-05-18 01:46:26.537 | INFO     | app.main:event_stream:110 - Agent Activity — system: token — 
2026-05-18 01:46:26.539 | INFO     | app.main:event_stream:110 - Agent Activity — system: token — 
2026-05-18 01:46:26.541 | INFO     | app.main:event_stream:110 - Agent Activity — system: token — 
2026-05-18 01:46:26.543 | INFO     | app.main:event_stream:110 - Agent Activity — system: token — 
2026-05-18 01:46:26.544 | INFO     | app.main:event_stream:110 - Agent Activity — system: done — 
2026-05-18 01:47:24.707 | INFO     | app.main:lifespan:42 - 👋 VeriBuy Backend shutting down
2026-05-18 01:47:27.252 | INFO     | app.main:lifespan:32 - 🚀 VeriBuy Backend starting...
2026-05-18 01:47:27.253 | INFO     | app.main:lifespan:37 - ✅ Ollama connected — model: qwen3:0.6b
2026-05-18 01:52:41.428 | INFO     | app.main:chat:86 - User queried: Best coding laptops with 32GB RAM
2026-05-18 01:52:41.449 | INFO     | app.main:event_stream:110 - Agent Activity — intent: agent_start — Understanding your requirements...
2026-05-18 01:52:41.465 | INFO     | app.agents.graph:intent_node:28 - Graph: Running intent node
2026-05-18 01:52:45.610 | DEBUG    | app.agents.intent_agent:run_intent_agent:72 - Intent chain raw response: {
  "product_category": "laptop",
  "product_name": null,
  "specifications": ["32GB RAM"],
  "budget_range": {"min_price": 0, "max_price": 999999, "currency": "INR"},
  "usage_context": "general",
  "brand_preferences": [],
  "urgency": "can_wait",
  "is_specific_product": false,
  "is_complete": f
2026-05-18 01:52:45.611 | INFO     | app.agents.intent_agent:run_intent_agent:78 - Intent extracted: category=laptop, specific=False, complete=False, confidence=0.8
2026-05-18 01:52:45.617 | INFO     | app.main:event_stream:110 - Agent Activity — intent: agent_complete — Identified: laptop
2026-05-18 01:52:45.632 | INFO     | app.main:event_stream:110 - Agent Activity — intent: followup_needed — I need a bit more info: What is your budget for the laptop?
2026-05-18 01:52:45.634 | INFO     | app.main:event_stream:110 - Agent Activity — system: done — 
2026-05-18 01:53:22.107 | INFO     | app.main:chat:86 - User queried: budget is 140000 INR
2026-05-18 01:53:22.111 | INFO     | app.main:event_stream:110 - Agent Activity — intent: agent_start — Understanding your requirements...
2026-05-18 01:53:22.115 | INFO     | app.agents.graph:intent_node:28 - Graph: Running intent node
2026-05-18 01:53:25.077 | DEBUG    | app.agents.intent_agent:run_intent_agent:72 - Intent chain raw response: {
  "product_category": "laptop",
  "product_name": null,
  "specifications": ["32GB RAM"],
  "budget_range": {"min_price": 0, "max_price": 140000, "currency": "INR"},
  "usage_context": "general",
  "brand_preferences": [],
  "urgency": "can_wait",
  "is_specific_product": false,
  "is_complete": t
2026-05-18 01:53:25.078 | INFO     | app.agents.intent_agent:run_intent_agent:78 - Intent extracted: category=laptop, specific=False, complete=True, confidence=0.9
2026-05-18 01:53:25.080 | INFO     | app.main:event_stream:110 - Agent Activity — intent: agent_complete — Identified: laptop
2026-05-18 01:53:25.081 | INFO     | app.main:event_stream:110 - Agent Activity — market: agent_start — Searching across platforms...
2026-05-18 01:53:25.082 | INFO     | app.main:event_stream:110 - Agent Activity — reddit: agent_start — Scanning Reddit discussions...
2026-05-18 01:53:25.083 | INFO     | app.main:event_stream:110 - Agent Activity — youtube: agent_start — Analyzing YouTube reviews...
2026-05-18 01:53:25.085 | INFO     | app.agents.graph:market_node:43 - Graph: Running market node
2026-05-18 01:53:25.086 | INFO     | app.agents.market_agent:run_market_agent:126 - Market agent searching: 'laptop 32GB RAM under 140000 INR India buy'
2026-05-18 01:53:25.086 | INFO     | app.services.search_service:search_products:80 - Searching products via Serper API: laptop 32GB RAM under 140000 INR India buy
2026-05-18 01:53:25.087 | INFO     | app.agents.graph:reddit_node:57 - Graph: Running reddit node
2026-05-18 01:53:25.088 | INFO     | app.agents.reddit_agent.reddit_agent:run_reddit_agent:106 - Reddit Agent: Searching ['GadgetsIndia', 'IndianGaming', 'LaptopDealsIndia', 'SuggestALaptop'] for 'laptop review India'
2026-05-18 01:53:25.089 | INFO     | app.agents.graph:youtube_node:69 - Graph: Running youtube node
2026-05-18 01:53:25.090 | INFO     | app.agents.youtube_agent.youtube_agent:run_youtube_agent:38 - YouTube Agent: Searching for 'laptop' from trusted channels
2026-05-18 01:53:26.806 | INFO     | app.agents.reddit_agent.reddit_agent:run_reddit_agent:114 - Fetching thread: Need Laptop Suggestions and Reviews from users for this laptop.
2026-05-18 01:53:27.735 | INFO     | app.agents.reddit_agent.reddit_agent:run_reddit_agent:114 - Fetching thread: The worst choice I ever made was buying a Gigabyte laptop in India
2026-05-18 01:53:29.226 | INFO     | app.agents.reddit_agent.reddit_agent:run_reddit_agent:114 - Fetching thread: Recently bought a laptop from r/lestic. Review after 10 days - Reddit
2026-05-18 01:53:30.120 | INFO     | app.main:event_stream:110 - Agent Activity — reddit: agent_complete — Analyzed 3 Reddit threads
2026-05-18 01:53:30.761 | INFO     | app.services.search_service:search_products:194 - Serper API returned 50 results (43 with parsed prices).
2026-05-18 01:53:33.301 | ERROR    | app.agents.market_agent:run_market_agent:204 - Market agent analysis error: (Request ID: Root=1-6a0a23c3-4cbf797240aaeff154444792;3041c6ce-644b-4546-a5b8-6d7fa376b47e)

Bad request:
2026-05-18 01:53:33.302 | INFO     | app.agents.market_agent:run_market_agent:207 - Recovered 5 products from raw search result prices after LLM failure
2026-05-18 01:53:33.307 | INFO     | app.main:event_stream:110 - Agent Activity — youtube: agent_complete — Analyzed 0 YouTube videos
2026-05-18 01:53:33.308 | INFO     | app.main:event_stream:110 - Agent Activity — market: agent_complete — Found 5 products
2026-05-18 01:53:33.314 | INFO     | app.main:event_stream:110 - Agent Activity — system: token — 
2026-05-18 01:53:33.318 | INFO     | app.main:event_stream:110 - Agent Activity — system: token — 
2026-05-18 01:53:33.322 | INFO     | app.main:event_stream:110 - Agent Activity — system: token — 
2026-05-18 01:53:33.325 | INFO     | app.main:event_stream:110 - Agent Activity — system: token — 
2026-05-18 01:53:33.327 | INFO     | app.main:event_stream:110 - Agent Activity — system: token — 
2026-05-18 01:53:33.328 | INFO     | app.main:event_stream:110 - Agent Activity — system: token — 
2026-05-18 01:53:33.330 | INFO     | app.main:event_stream:110 - Agent Activity — system: token — 
2026-05-18 01:53:33.332 | INFO     | app.main:event_stream:110 - Agent Activity — system: token — 
2026-05-18 01:53:33.333 | INFO     | app.main:event_stream:110 - Agent Activity — system: token — 
2026-05-18 01:53:33.334 | INFO     | app.main:event_stream:110 - Agent Activity — system: token — 
2026-05-18 01:53:33.335 | INFO     | app.main:event_stream:110 - Agent Activity — system: token — 
2026-05-18 01:53:33.338 | INFO     | app.main:event_stream:110 - Agent Activity — system: token — 
2026-05-18 01:53:33.340 | INFO     | app.main:event_stream:110 - Agent Activity — system: token — 
2026-05-18 01:53:33.341 | INFO     | app.main:event_stream:110 - Agent Activity — system: token — 
2026-05-18 01:53:33.342 | INFO     | app.main:event_stream:110 - Agent Activity — system: token — 
2026-05-18 01:53:33.342 | INFO     | app.main:event_stream:110 - Agent Activity — system: token — 
2026-05-18 01:53:33.343 | INFO     | app.main:event_stream:110 - Agent Activity — system: token — 
2026-05-18 01:53:33.344 | INFO     | app.main:event_stream:110 - Agent Activity — system: token — 
2026-05-18 01:53:33.345 | INFO     | app.main:event_stream:110 - Agent Activity — system: token — 
2026-05-18 01:53:33.346 | INFO     | app.main:event_stream:110 - Agent Activity — system: token — 
2026-05-18 01:53:33.348 | INFO     | app.main:event_stream:110 - Agent Activity — system: token — 
2026-05-18 01:53:33.349 | INFO     | app.main:event_stream:110 - Agent Activity — system: token — 
2026-05-18 01:53:33.350 | INFO     | app.main:event_stream:110 - Agent Activity — system: token — 
2026-05-18 01:53:33.351 | INFO     | app.main:event_stream:110 - Agent Activity — system: token — 
2026-05-18 01:53:33.352 | INFO     | app.main:event_stream:110 - Agent Activity — system: token — 
2026-05-18 01:53:33.354 | INFO     | app.main:event_stream:110 - Agent Activity — system: token — 
2026-05-18 01:53:33.355 | INFO     | app.main:event_stream:110 - Agent Activity — system: token — 
2026-05-18 01:53:33.355 | INFO     | app.main:event_stream:110 - Agent Activity — system: token — 
2026-05-18 01:53:33.356 | INFO     | app.main:event_stream:110 - Agent Activity — system: token — 
2026-05-18 01:53:33.357 | INFO     | app.main:event_stream:110 - Agent Activity — system: token — 
2026-05-18 01:53:33.359 | INFO     | app.main:event_stream:110 - Agent Activity — system: token — 
2026-05-18 01:53:33.360 | INFO     | app.main:event_stream:110 - Agent Activity — system: token — 
2026-05-18 01:53:33.371 | INFO     | app.main:event_stream:110 - Agent Activity — system: token — 
2026-05-18 01:53:33.375 | INFO     | app.main:event_stream:110 - Agent Activity — system: token — 
2026-05-18 01:53:33.376 | INFO     | app.main:event_stream:110 - Agent Activity — system: token — 
2026-05-18 01:53:33.377 | INFO     | app.main:event_stream:110 - Agent Activity — system: token — 
2026-05-18 01:53:33.379 | INFO     | app.main:event_stream:110 - Agent Activity — system: token — 
2026-05-18 01:53:33.382 | INFO     | app.main:event_stream:110 - Agent Activity — system: token — 
2026-05-18 01:53:33.385 | INFO     | app.main:event_stream:110 - Agent Activity — system: token — 
2026-05-18 01:53:33.387 | INFO     | app.main:event_stream:110 - Agent Activity — system: token — 
2026-05-18 01:53:33.388 | INFO     | app.main:event_stream:110 - Agent Activity — system: token — 
2026-05-18 01:53:33.389 | INFO     | app.main:event_stream:110 - Agent Activity — system: token — 
2026-05-18 01:53:33.391 | INFO     | app.main:event_stream:110 - Agent Activity — system: token — 
2026-05-18 01:53:33.392 | INFO     | app.main:event_stream:110 - Agent Activity — system: token — 
2026-05-18 01:53:33.392 | INFO     | app.main:event_stream:110 - Agent Activity — system: token — 
2026-05-18 01:53:33.393 | INFO     | app.main:event_stream:110 - Agent Activity — system: token — 
2026-05-18 01:53:33.394 | INFO     | app.main:event_stream:110 - Agent Activity — system: token — 
2026-05-18 01:53:33.395 | INFO     | app.main:event_stream:110 - Agent Activity — system: token — 
2026-05-18 01:53:33.396 | INFO     | app.main:event_stream:110 - Agent Activity — system: token — 
2026-05-18 01:53:33.398 | INFO     | app.main:event_stream:110 - Agent Activity — system: token — 
2026-05-18 01:53:33.399 | INFO     | app.main:event_stream:110 - Agent Activity — system: token — 
2026-05-18 01:53:33.403 | INFO     | app.main:event_stream:110 - Agent Activity — system: token — 
2026-05-18 01:53:33.404 | INFO     | app.main:event_stream:110 - Agent Activity — system: token — 
2026-05-18 01:53:33.405 | INFO     | app.main:event_stream:110 - Agent Activity — system: token — 
2026-05-18 01:53:33.406 | INFO     | app.main:event_stream:110 - Agent Activity — system: token — 
2026-05-18 01:53:33.408 | INFO     | app.main:event_stream:110 - Agent Activity — system: token — 
2026-05-18 01:53:33.408 | INFO     | app.main:event_stream:110 - Agent Activity — system: token — 
2026-05-18 01:53:33.409 | INFO     | app.main:event_stream:110 - Agent Activity — system: token — 
2026-05-18 01:53:33.411 | INFO     | app.main:event_stream:110 - Agent Activity — system: token — 
2026-05-18 01:53:33.413 | INFO     | app.main:event_stream:110 - Agent Activity — system: token — 
2026-05-18 01:53:33.415 | INFO     | app.main:event_stream:110 - Agent Activity — system: token — 
2026-05-18 01:53:33.416 | INFO     | app.main:event_stream:110 - Agent Activity — system: token — 
2026-05-18 01:53:33.418 | INFO     | app.main:event_stream:110 - Agent Activity — system: token — 
2026-05-18 01:53:33.422 | INFO     | app.main:event_stream:110 - Agent Activity — system: token — 
2026-05-18 01:53:33.424 | INFO     | app.main:event_stream:110 - Agent Activity — system: token — 
2026-05-18 01:53:33.425 | INFO     | app.main:event_stream:110 - Agent Activity — system: token — 
2026-05-18 01:53:33.426 | INFO     | app.main:event_stream:110 - Agent Activity — system: token — 
2026-05-18 01:53:33.427 | INFO     | app.main:event_stream:110 - Agent Activity — system: token — 
2026-05-18 01:53:33.429 | INFO     | app.main:event_stream:110 - Agent Activity — system: token — 
2026-05-18 01:53:33.433 | INFO     | app.main:event_stream:110 - Agent Activity — system: token — 
2026-05-18 01:53:33.439 | INFO     | app.main:event_stream:110 - Agent Activity — system: token — 
2026-05-18 01:53:33.440 | INFO     | app.main:event_stream:110 - Agent Activity — system: token — 
2026-05-18 01:53:33.442 | INFO     | app.main:event_stream:110 - Agent Activity — system: token — 
2026-05-18 01:53:33.443 | INFO     | app.main:event_stream:110 - Agent Activity — system: token — 
2026-05-18 01:53:33.444 | INFO     | app.main:event_stream:110 - Agent Activity — system: token — 
2026-05-18 01:53:33.446 | INFO     | app.main:event_stream:110 - Agent Activity — system: token — 
2026-05-18 01:53:33.448 | INFO     | app.main:event_stream:110 - Agent Activity — system: token — 
2026-05-18 01:53:33.449 | INFO     | app.main:event_stream:110 - Agent Activity — system: token — 
2026-05-18 01:53:33.454 | INFO     | app.main:event_stream:110 - Agent Activity — system: token — 
2026-05-18 01:53:33.456 | INFO     | app.main:event_stream:110 - Agent Activity — system: token — 
2026-05-18 01:53:33.457 | INFO     | app.main:event_stream:110 - Agent Activity — system: token — 
2026-05-18 01:53:33.458 | INFO     | app.main:event_stream:110 - Agent Activity — system: token — 
2026-05-18 01:53:33.459 | INFO     | app.main:event_stream:110 - Agent Activity — system: token — 
2026-05-18 01:53:33.460 | INFO     | app.main:event_stream:110 - Agent Activity — system: token — 
2026-05-18 01:53:33.461 | INFO     | app.main:event_stream:110 - Agent Activity — system: token — 
2026-05-18 01:53:33.462 | INFO     | app.main:event_stream:110 - Agent Activity — system: token — 
2026-05-18 01:53:33.466 | INFO     | app.main:event_stream:110 - Agent Activity — system: token — 
2026-05-18 01:53:33.468 | INFO     | app.main:event_stream:110 - Agent Activity — system: token — 
2026-05-18 01:53:33.471 | INFO     | app.main:event_stream:110 - Agent Activity — system: token — 
2026-05-18 01:53:33.472 | INFO     | app.main:event_stream:110 - Agent Activity — system: token — 
2026-05-18 01:53:33.473 | INFO     | app.main:event_stream:110 - Agent Activity — system: token — 
2026-05-18 01:53:33.474 | INFO     | app.main:event_stream:110 - Agent Activity — system: token — 
2026-05-18 01:53:33.475 | INFO     | app.main:event_stream:110 - Agent Activity — system: token — 
2026-05-18 01:53:33.476 | INFO     | app.main:event_stream:110 - Agent Activity — system: token — 
2026-05-18 01:53:33.476 | INFO     | app.main:event_stream:110 - Agent Activity — system: token — 
2026-05-18 01:53:33.477 | INFO     | app.main:event_stream:110 - Agent Activity — system: token — 
2026-05-18 01:53:33.478 | INFO     | app.main:event_stream:110 - Agent Activity — system: token — 
2026-05-18 01:53:33.479 | INFO     | app.main:event_stream:110 - Agent Activity — system: token — 
2026-05-18 01:53:33.480 | INFO     | app.main:event_stream:110 - Agent Activity — system: token — 
2026-05-18 01:53:33.482 | INFO     | app.main:event_stream:110 - Agent Activity — system: token — 
2026-05-18 01:53:33.483 | INFO     | app.main:event_stream:110 - Agent Activity — system: token — 
2026-05-18 01:53:33.486 | INFO     | app.main:event_stream:110 - Agent Activity — system: token — 
2026-05-18 01:53:33.488 | INFO     | app.main:event_stream:110 - Agent Activity — system: token — 
2026-05-18 01:53:33.492 | INFO     | app.main:event_stream:110 - Agent Activity — system: token — 
2026-05-18 01:53:33.493 | INFO     | app.main:event_stream:110 - Agent Activity — system: token — 
2026-05-18 01:53:33.494 | INFO     | app.main:event_stream:110 - Agent Activity — system: token — 
2026-05-18 01:53:33.495 | INFO     | app.main:event_stream:110 - Agent Activity — system: token — 
2026-05-18 01:53:33.496 | INFO     | app.main:event_stream:110 - Agent Activity — system: token — 
2026-05-18 01:53:33.497 | INFO     | app.main:event_stream:110 - Agent Activity — system: token — 
2026-05-18 01:53:33.498 | INFO     | app.main:event_stream:110 - Agent Activity — system: token — 
2026-05-18 01:53:33.499 | INFO     | app.main:event_stream:110 - Agent Activity — system: token — 
2026-05-18 01:53:33.500 | INFO     | app.main:event_stream:110 - Agent Activity — system: token — 
2026-05-18 01:53:33.501 | INFO     | app.main:event_stream:110 - Agent Activity — system: token — 
2026-05-18 01:53:33.502 | INFO     | app.main:event_stream:110 - Agent Activity — system: token — 
2026-05-18 01:53:33.502 | INFO     | app.main:event_stream:110 - Agent Activity — system: token — 
2026-05-18 01:53:33.503 | INFO     | app.main:event_stream:110 - Agent Activity — system: token — 
2026-05-18 01:53:33.504 | INFO     | app.main:event_stream:110 - Agent Activity — system: token — 
2026-05-18 01:53:33.506 | INFO     | app.main:event_stream:110 - Agent Activity — system: token — 
2026-05-18 01:53:33.507 | INFO     | app.main:event_stream:110 - Agent Activity — system: token — 
2026-05-18 01:53:33.509 | INFO     | app.main:event_stream:110 - Agent Activity — system: token — 
2026-05-18 01:53:33.511 | INFO     | app.main:event_stream:110 - Agent Activity — system: token — 
2026-05-18 01:53:33.511 | INFO     | app.main:event_stream:110 - Agent Activity — system: token — 
2026-05-18 01:53:33.513 | INFO     | app.main:event_stream:110 - Agent Activity — system: token — 
2026-05-18 01:53:33.514 | INFO     | app.main:event_stream:110 - Agent Activity — system: token — 
2026-05-18 01:53:33.515 | INFO     | app.main:event_stream:110 - Agent Activity — system: token — 
2026-05-18 01:53:33.516 | INFO     | app.main:event_stream:110 - Agent Activity — system: token — 
2026-05-18 01:53:33.518 | INFO     | app.main:event_stream:110 - Agent Activity — system: token — 
2026-05-18 01:53:33.520 | INFO     | app.main:event_stream:110 - Agent Activity — system: token — 
2026-05-18 01:53:33.520 | INFO     | app.main:event_stream:110 - Agent Activity — system: token — 
2026-05-18 01:53:33.521 | INFO     | app.main:event_stream:110 - Agent Activity — system: token — 
2026-05-18 01:53:33.522 | INFO     | app.main:event_stream:110 - Agent Activity — system: token — 
2026-05-18 01:53:33.523 | INFO     | app.main:event_stream:110 - Agent Activity — system: token — 
2026-05-18 01:53:33.523 | INFO     | app.main:event_stream:110 - Agent Activity — system: token — 
2026-05-18 01:53:33.524 | INFO     | app.main:event_stream:110 - Agent Activity — system: token — 
2026-05-18 01:53:33.525 | INFO     | app.main:event_stream:110 - Agent Activity — system: token — 
2026-05-18 01:53:33.526 | INFO     | app.main:event_stream:110 - Agent Activity — system: token — 
2026-05-18 01:53:33.526 | INFO     | app.main:event_stream:110 - Agent Activity — system: token — 
2026-05-18 01:53:33.527 | INFO     | app.main:event_stream:110 - Agent Activity — system: token — 
2026-05-18 01:53:33.527 | INFO     | app.main:event_stream:110 - Agent Activity — system: token — 
2026-05-18 01:53:33.528 | INFO     | app.main:event_stream:110 - Agent Activity — system: token — 
2026-05-18 01:53:33.528 | INFO     | app.main:event_stream:110 - Agent Activity — system: token — 
2026-05-18 01:53:33.529 | INFO     | app.main:event_stream:110 - Agent Activity — system: token — 
2026-05-18 01:53:33.531 | INFO     | app.main:event_stream:110 - Agent Activity — system: token — 
2026-05-18 01:53:33.532 | INFO     | app.main:event_stream:110 - Agent Activity — system: token — 
2026-05-18 01:53:33.532 | INFO     | app.main:event_stream:110 - Agent Activity — system: token — 
2026-05-18 01:53:33.533 | INFO     | app.main:event_stream:110 - Agent Activity — system: token — 
2026-05-18 01:53:33.534 | INFO     | app.main:event_stream:110 - Agent Activity — system: token — 
2026-05-18 01:53:33.534 | INFO     | app.main:event_stream:110 - Agent Activity — system: token — 
2026-05-18 01:53:33.535 | INFO     | app.main:event_stream:110 - Agent Activity — system: token — 
2026-05-18 01:53:33.535 | INFO     | app.main:event_stream:110 - Agent Activity — system: token — 
2026-05-18 01:53:33.536 | INFO     | app.main:event_stream:110 - Agent Activity — system: token — 
2026-05-18 01:53:33.537 | INFO     | app.main:event_stream:110 - Agent Activity — system: token — 
2026-05-18 01:53:33.539 | INFO     | app.main:event_stream:110 - Agent Activity — system: token — 
2026-05-18 01:53:33.541 | INFO     | app.main:event_stream:110 - Agent Activity — system: token — 
2026-05-18 01:53:33.543 | INFO     | app.main:event_stream:110 - Agent Activity — system: token — 
2026-05-18 01:53:33.544 | INFO     | app.main:event_stream:110 - Agent Activity — system: token — 
2026-05-18 01:53:33.545 | INFO     | app.main:event_stream:110 - Agent Activity — system: token — 
2026-05-18 01:53:33.546 | INFO     | app.main:event_stream:110 - Agent Activity — system: token — 
2026-05-18 01:53:33.547 | INFO     | app.main:event_stream:110 - Agent Activity — system: token — 
2026-05-18 01:53:33.549 | INFO     | app.main:event_stream:110 - Agent Activity — system: token — 
2026-05-18 01:53:33.549 | INFO     | app.main:event_stream:110 - Agent Activity — system: token — 
2026-05-18 01:53:33.551 | INFO     | app.main:event_stream:110 - Agent Activity — system: token — 
2026-05-18 01:53:33.551 | INFO     | app.main:event_stream:110 - Agent Activity — system: token — 
2026-05-18 01:53:33.552 | INFO     | app.main:event_stream:110 - Agent Activity — system: token — 
2026-05-18 01:53:33.553 | INFO     | app.main:event_stream:110 - Agent Activity — system: token — 
2026-05-18 01:53:33.553 | INFO     | app.main:event_stream:110 - Agent Activity — system: token — 
2026-05-18 01:53:33.554 | INFO     | app.main:event_stream:110 - Agent Activity — system: token — 
2026-05-18 01:53:33.555 | INFO     | app.main:event_stream:110 - Agent Activity — system: token — 
2026-05-18 01:53:33.557 | INFO     | app.main:event_stream:110 - Agent Activity — system: token — 
2026-05-18 01:53:33.559 | INFO     | app.main:event_stream:110 - Agent Activity — system: token — 
2026-05-18 01:53:33.560 | INFO     | app.main:event_stream:110 - Agent Activity — system: token — 
2026-05-18 01:53:33.561 | INFO     | app.main:event_stream:110 - Agent Activity — system: token — 
2026-05-18 01:53:33.561 | INFO     | app.main:event_stream:110 - Agent Activity — system: token — 
2026-05-18 01:53:33.562 | INFO     | app.main:event_stream:110 - Agent Activity — system: token — 
2026-05-18 01:53:33.563 | INFO     | app.main:event_stream:110 - Agent Activity — system: token — 
2026-05-18 01:53:33.564 | INFO     | app.main:event_stream:110 - Agent Activity — system: token — 
2026-05-18 01:53:33.566 | INFO     | app.main:event_stream:110 - Agent Activity — system: token — 
2026-05-18 01:53:33.569 | INFO     | app.main:event_stream:110 - Agent Activity — system: token — 
2026-05-18 01:53:33.572 | INFO     | app.main:event_stream:110 - Agent Activity — system: token — 
2026-05-18 01:53:33.574 | INFO     | app.main:event_stream:110 - Agent Activity — system: token — 
2026-05-18 01:53:33.575 | INFO     | app.main:event_stream:110 - Agent Activity — system: token — 
2026-05-18 01:53:33.577 | INFO     | app.main:event_stream:110 - Agent Activity — system: token — 
2026-05-18 01:53:33.578 | INFO     | app.main:event_stream:110 - Agent Activity — system: token — 
2026-05-18 01:53:33.580 | INFO     | app.main:event_stream:110 - Agent Activity — system: token — 
2026-05-18 01:53:33.583 | INFO     | app.main:event_stream:110 - Agent Activity — system: token — 
2026-05-18 01:53:33.585 | INFO     | app.main:event_stream:110 - Agent Activity — system: token — 
2026-05-18 01:53:33.588 | INFO     | app.main:event_stream:110 - Agent Activity — system: token — 
2026-05-18 01:53:33.589 | INFO     | app.main:event_stream:110 - Agent Activity — system: token — 
2026-05-18 01:53:33.591 | INFO     | app.main:event_stream:110 - Agent Activity — system: token — 
2026-05-18 01:53:33.591 | INFO     | app.main:event_stream:110 - Agent Activity — system: token — 
2026-05-18 01:53:33.592 | INFO     | app.main:event_stream:110 - Agent Activity — system: token — 
2026-05-18 01:53:33.593 | INFO     | app.main:event_stream:110 - Agent Activity — system: token — 
2026-05-18 01:53:33.594 | INFO     | app.main:event_stream:110 - Agent Activity — system: token — 
2026-05-18 01:53:33.595 | INFO     | app.main:event_stream:110 - Agent Activity — system: token — 
2026-05-18 01:53:33.597 | INFO     | app.main:event_stream:110 - Agent Activity — system: token — 
2026-05-18 01:53:33.602 | INFO     | app.main:event_stream:110 - Agent Activity — market: agent_start — Finding cross-platform deals for ASUS Vivobook 15 (X1504)...
2026-05-18 01:53:33.603 | INFO     | app.agents.market_agent:find_best_deals:233 - Finding best deals for: ASUS Vivobook 15 (X1504)
2026-05-18 01:53:36.229 | INFO     | app.services.search_service:search_deals_for_product:235 - Deal search returned 8 results for 'ASUS Vivobook 15 (X1504)'
2026-05-18 01:53:42.657 | INFO     | app.main:event_stream:110 - Agent Activity — market: agent_complete — Found 1 cross-platform deals
2026-05-18 01:53:42.658 | INFO     | app.main:event_stream:110 - Agent Activity — system: final_result — Research complete! See the dashboard for details.
2026-05-18 01:53:42.665 | INFO     | app.main:event_stream:110 - Agent Activity — system: done — 
2026-05-18 01:55:19.969 | INFO     | app.main:chat:86 - User queried: i want chairs
2026-05-18 01:55:19.972 | INFO     | app.main:event_stream:110 - Agent Activity — intent: agent_start — Understanding your requirements...
2026-05-18 01:55:19.976 | INFO     | app.agents.graph:intent_node:28 - Graph: Running intent node
2026-05-18 01:55:23.449 | DEBUG    | app.agents.intent_agent:run_intent_agent:72 - Intent chain raw response: {
    "product_category": "chair",
    "product_name": null,
    "specifications": [],
    "budget_range": {"min_price": 0, "max_price": 999999, "currency": "INR"},
    "usage_context": "general",
    "brand_preferences": [],
    "urgency": "can_wait",
    "is_specific_product": false,
    "is_compl
2026-05-18 01:55:23.450 | INFO     | app.agents.intent_agent:run_intent_agent:78 - Intent extracted: category=chair, specific=False, complete=False, confidence=0.8
2026-05-18 01:55:23.456 | INFO     | app.main:event_stream:110 - Agent Activity — intent: agent_complete — Identified: chair
2026-05-18 01:55:23.457 | INFO     | app.main:event_stream:110 - Agent Activity — intent: followup_needed — I need a bit more info: What is your budget for the chair?
2026-05-18 01:55:23.459 | INFO     | app.main:event_stream:110 - Agent Activity — system: done — 
2026-05-18 01:55:36.125 | INFO     | app.main:chat:86 - User queried: 4000 INR, gaming chair
2026-05-18 01:55:36.131 | INFO     | app.main:event_stream:110 - Agent Activity — intent: agent_start — Understanding your requirements...
2026-05-18 01:55:36.141 | INFO     | app.agents.graph:intent_node:28 - Graph: Running intent node
2026-05-18 01:55:39.078 | DEBUG    | app.agents.intent_agent:run_intent_agent:72 - Intent chain raw response: {
    "product_category": "chair",
    "product_name": null,
    "specifications": [],
    "budget_range": {"min_price": 0, "max_price": 4000, "currency": "INR"},
    "usage_context": "gaming",
    "brand_preferences": [],
    "urgency": "immediate",
    "is_specific_product": false,
    "is_complet
2026-05-18 01:55:39.080 | INFO     | app.agents.intent_agent:run_intent_agent:78 - Intent extracted: category=chair, specific=False, complete=True, confidence=0.8
2026-05-18 01:55:39.085 | INFO     | app.main:event_stream:110 - Agent Activity — intent: agent_complete — Identified: chair
2026-05-18 01:55:39.087 | INFO     | app.main:event_stream:110 - Agent Activity — market: agent_start — Searching across platforms...
2026-05-18 01:55:39.090 | INFO     | app.main:event_stream:110 - Agent Activity — reddit: agent_start — Scanning Reddit discussions...
2026-05-18 01:55:39.092 | INFO     | app.main:event_stream:110 - Agent Activity — youtube: agent_start — Analyzing YouTube reviews...
2026-05-18 01:55:39.100 | INFO     | app.agents.graph:market_node:43 - Graph: Running market node
2026-05-18 01:55:39.102 | INFO     | app.agents.market_agent:run_market_agent:126 - Market agent searching: 'chair for gaming under 4000 INR budget affordable India buy'
2026-05-18 01:55:39.103 | INFO     | app.services.search_service:search_products:80 - Searching products via Serper API: chair for gaming under 4000 INR budget affordable India buy
2026-05-18 01:55:39.105 | INFO     | app.agents.graph:reddit_node:57 - Graph: Running reddit node
2026-05-18 01:55:39.108 | INFO     | app.agents.reddit_agent.reddit_agent:run_reddit_agent:106 - Reddit Agent: Searching ['IndianWorkspaces', 'IndianGaming', 'HomeImprovement', 'OfficeChairs'] for 'chair gaming review India'
2026-05-18 01:55:39.111 | INFO     | app.agents.graph:youtube_node:69 - Graph: Running youtube node
2026-05-18 01:55:39.123 | INFO     | app.agents.youtube_agent.youtube_agent:run_youtube_agent:38 - YouTube Agent: Searching for 'chair for gaming' from trusted channels
2026-05-18 01:55:41.913 | INFO     | app.agents.reddit_agent.reddit_agent:run_reddit_agent:114 - Fetching thread: Hey Gamers of India, What gaming chair would you recommend me ...
2026-05-18 01:55:43.364 | INFO     | app.agents.reddit_agent.reddit_agent:run_reddit_agent:114 - Fetching thread: Need help on Gaming Chair recommendations : r/IndianGaming
2026-05-18 01:55:44.131 | INFO     | app.agents.reddit_agent.reddit_agent:run_reddit_agent:114 - Fetching thread: Can anyone please recommend me a gaming chair : r/IndianGaming
2026-05-18 01:55:44.934 | INFO     | app.agents.youtube_agent.youtube_agent:run_youtube_agent:49 - Fetching transcript for video: DO NOT Buy a Gaming Chair Until You Watch This Video - YouTube
2026-05-18 01:55:44.935 | WARNING  | app.agents.youtube_agent.transcript_extractor:extract_and_clean_transcript:35 - Transcript extraction failed for video x0lP0sWzX3c: type object 'YouTubeTranscriptApi' has no attribute 'list_transcripts'
2026-05-18 01:55:44.935 | INFO     | app.agents.youtube_agent.youtube_agent:run_youtube_agent:49 - Fetching transcript for video: Our recommended gaming chair right now - YouTube
2026-05-18 01:55:44.936 | WARNING  | app.agents.youtube_agent.transcript_extractor:extract_and_clean_transcript:35 - Transcript extraction failed for video pEjZbiWqPpQ: type object 'YouTubeTranscriptApi' has no attribute 'list_transcripts'
2026-05-18 01:55:44.937 | INFO     | app.services.search_service:search_products:194 - Serper API returned 50 results (45 with parsed prices).
2026-05-18 01:55:44.947 | INFO     | app.main:event_stream:110 - Agent Activity — reddit: agent_complete — Analyzed 3 Reddit threads
2026-05-18 01:55:47.502 | ERROR    | app.agents.market_agent:run_market_agent:204 - Market agent analysis error: (Request ID: Root=1-6a0a2449-32e53243464c1c3774973d2d;1a13233c-237a-41d0-954e-574466abb0fa)

Bad request:
2026-05-18 01:55:47.502 | INFO     | app.agents.market_agent:run_market_agent:207 - Recovered 5 products from raw search result prices after LLM failure
2026-05-18 01:55:47.503 | INFO     | app.main:event_stream:110 - Agent Activity — youtube: agent_complete — Analyzed 0 YouTube videos
2026-05-18 01:55:47.503 | INFO     | app.main:event_stream:110 - Agent Activity — market: agent_complete — Found 5 products
2026-05-18 01:55:47.505 | INFO     | app.main:event_stream:110 - Agent Activity — system: token — 
2026-05-18 01:55:47.506 | INFO     | app.main:event_stream:110 - Agent Activity — system: token — 
2026-05-18 01:55:47.506 | INFO     | app.main:event_stream:110 - Agent Activity — system: token — 
2026-05-18 01:55:47.507 | INFO     | app.main:event_stream:110 - Agent Activity — system: token — 
2026-05-18 01:55:47.507 | INFO     | app.main:event_stream:110 - Agent Activity — system: token — 
2026-05-18 01:55:47.508 | INFO     | app.main:event_stream:110 - Agent Activity — system: token — 
2026-05-18 01:55:47.508 | INFO     | app.main:event_stream:110 - Agent Activity — system: token — 
2026-05-18 01:55:47.509 | INFO     | app.main:event_stream:110 - Agent Activity — system: token — 
2026-05-18 01:55:47.509 | INFO     | app.main:event_stream:110 - Agent Activity — system: token — 
2026-05-18 01:55:47.510 | INFO     | app.main:event_stream:110 - Agent Activity — system: token — 
2026-05-18 01:55:47.510 | INFO     | app.main:event_stream:110 - Agent Activity — system: token — 
2026-05-18 01:55:47.511 | INFO     | app.main:event_stream:110 - Agent Activity — system: token — 
2026-05-18 01:55:47.511 | INFO     | app.main:event_stream:110 - Agent Activity — system: token — 
2026-05-18 01:55:47.512 | INFO     | app.main:event_stream:110 - Agent Activity — system: token — 
2026-05-18 01:55:47.512 | INFO     | app.main:event_stream:110 - Agent Activity — system: token — 
2026-05-18 01:55:47.513 | INFO     | app.main:event_stream:110 - Agent Activity — system: token — 
2026-05-18 01:55:47.513 | INFO     | app.main:event_stream:110 - Agent Activity — system: token — 
2026-05-18 01:55:47.514 | INFO     | app.main:event_stream:110 - Agent Activity — system: token — 
2026-05-18 01:55:47.515 | INFO     | app.main:event_stream:110 - Agent Activity — system: token — 
2026-05-18 01:55:47.515 | INFO     | app.main:event_stream:110 - Agent Activity — system: token — 
2026-05-18 01:55:47.515 | INFO     | app.main:event_stream:110 - Agent Activity — system: token — 
2026-05-18 01:55:47.516 | INFO     | app.main:event_stream:110 - Agent Activity — system: token — 
2026-05-18 01:55:47.516 | INFO     | app.main:event_stream:110 - Agent Activity — system: token — 
2026-05-18 01:55:47.517 | INFO     | app.main:event_stream:110 - Agent Activity — system: token — 
2026-05-18 01:55:47.517 | INFO     | app.main:event_stream:110 - Agent Activity — system: token — 
2026-05-18 01:55:47.518 | INFO     | app.main:event_stream:110 - Agent Activity — system: token — 
2026-05-18 01:55:47.518 | INFO     | app.main:event_stream:110 - Agent Activity — system: token — 
2026-05-18 01:55:47.519 | INFO     | app.main:event_stream:110 - Agent Activity — system: token — 
2026-05-18 01:55:47.520 | INFO     | app.main:event_stream:110 - Agent Activity — system: token — 
2026-05-18 01:55:47.521 | INFO     | app.main:event_stream:110 - Agent Activity — system: token — 
2026-05-18 01:55:47.523 | INFO     | app.main:event_stream:110 - Agent Activity — system: token — 
2026-05-18 01:55:47.525 | INFO     | app.main:event_stream:110 - Agent Activity — system: token — 
2026-05-18 01:55:47.526 | INFO     | app.main:event_stream:110 - Agent Activity — system: token — 
2026-05-18 01:55:47.527 | INFO     | app.main:event_stream:110 - Agent Activity — system: token — 
2026-05-18 01:55:47.528 | INFO     | app.main:event_stream:110 - Agent Activity — system: token — 
2026-05-18 01:55:47.528 | INFO     | app.main:event_stream:110 - Agent Activity — system: token — 
2026-05-18 01:55:47.529 | INFO     | app.main:event_stream:110 - Agent Activity — system: token — 
2026-05-18 01:55:47.529 | INFO     | app.main:event_stream:110 - Agent Activity — system: token — 
2026-05-18 01:55:47.530 | INFO     | app.main:event_stream:110 - Agent Activity — system: token — 
2026-05-18 01:55:47.531 | INFO     | app.main:event_stream:110 - Agent Activity — system: token — 
2026-05-18 01:55:47.531 | INFO     | app.main:event_stream:110 - Agent Activity — system: token — 
2026-05-18 01:55:47.531 | INFO     | app.main:event_stream:110 - Agent Activity — system: token — 
2026-05-18 01:55:47.532 | INFO     | app.main:event_stream:110 - Agent Activity — system: token — 
2026-05-18 01:55:47.532 | INFO     | app.main:event_stream:110 - Agent Activity — system: token — 
2026-05-18 01:55:47.533 | INFO     | app.main:event_stream:110 - Agent Activity — system: token — 
2026-05-18 01:55:47.533 | INFO     | app.main:event_stream:110 - Agent Activity — system: token — 
2026-05-18 01:55:47.533 | INFO     | app.main:event_stream:110 - Agent Activity — system: token — 
2026-05-18 01:55:47.534 | INFO     | app.main:event_stream:110 - Agent Activity — system: token — 
2026-05-18 01:55:47.535 | INFO     | app.main:event_stream:110 - Agent Activity — system: token — 
2026-05-18 01:55:47.535 | INFO     | app.main:event_stream:110 - Agent Activity — system: token — 
2026-05-18 01:55:47.536 | INFO     | app.main:event_stream:110 - Agent Activity — system: token — 
2026-05-18 01:55:47.537 | INFO     | app.main:event_stream:110 - Agent Activity — system: token — 
2026-05-18 01:55:47.538 | INFO     | app.main:event_stream:110 - Agent Activity — system: token — 
2026-05-18 01:55:47.540 | INFO     | app.main:event_stream:110 - Agent Activity — system: token — 
2026-05-18 01:55:47.541 | INFO     | app.main:event_stream:110 - Agent Activity — system: token — 
2026-05-18 01:55:47.542 | INFO     | app.main:event_stream:110 - Agent Activity — system: token — 
2026-05-18 01:55:47.543 | INFO     | app.main:event_stream:110 - Agent Activity — system: token — 
2026-05-18 01:55:47.544 | INFO     | app.main:event_stream:110 - Agent Activity — system: token — 
2026-05-18 01:55:47.545 | INFO     | app.main:event_stream:110 - Agent Activity — system: token — 
2026-05-18 01:55:47.546 | INFO     | app.main:event_stream:110 - Agent Activity — system: token — 
2026-05-18 01:55:47.546 | INFO     | app.main:event_stream:110 - Agent Activity — system: token — 
2026-05-18 01:55:47.547 | INFO     | app.main:event_stream:110 - Agent Activity — system: token — 
2026-05-18 01:55:47.547 | INFO     | app.main:event_stream:110 - Agent Activity — system: token — 
2026-05-18 01:55:47.548 | INFO     | app.main:event_stream:110 - Agent Activity — system: token — 
2026-05-18 01:55:47.548 | INFO     | app.main:event_stream:110 - Agent Activity — system: token — 
2026-05-18 01:55:47.549 | INFO     | app.main:event_stream:110 - Agent Activity — system: token — 
2026-05-18 01:55:47.549 | INFO     | app.main:event_stream:110 - Agent Activity — system: token — 
2026-05-18 01:55:47.550 | INFO     | app.main:event_stream:110 - Agent Activity — system: token — 
2026-05-18 01:55:47.550 | INFO     | app.main:event_stream:110 - Agent Activity — system: token — 
2026-05-18 01:55:47.550 | INFO     | app.main:event_stream:110 - Agent Activity — system: token — 
2026-05-18 01:55:47.551 | INFO     | app.main:event_stream:110 - Agent Activity — system: token — 
2026-05-18 01:55:47.551 | INFO     | app.main:event_stream:110 - Agent Activity — system: token — 
2026-05-18 01:55:47.552 | INFO     | app.main:event_stream:110 - Agent Activity — system: token — 
2026-05-18 01:55:47.552 | INFO     | app.main:event_stream:110 - Agent Activity — system: token — 
2026-05-18 01:55:47.553 | INFO     | app.main:event_stream:110 - Agent Activity — system: token — 
2026-05-18 01:55:47.554 | INFO     | app.main:event_stream:110 - Agent Activity — system: token — 
2026-05-18 01:55:47.554 | INFO     | app.main:event_stream:110 - Agent Activity — system: token — 
2026-05-18 01:55:47.555 | INFO     | app.main:event_stream:110 - Agent Activity — system: token — 
2026-05-18 01:55:47.555 | INFO     | app.main:event_stream:110 - Agent Activity — system: token — 
2026-05-18 01:55:47.556 | INFO     | app.main:event_stream:110 - Agent Activity — system: token — 
2026-05-18 01:55:47.556 | INFO     | app.main:event_stream:110 - Agent Activity — system: token — 
2026-05-18 01:55:47.557 | INFO     | app.main:event_stream:110 - Agent Activity — system: token — 
2026-05-18 01:55:47.558 | INFO     | app.main:event_stream:110 - Agent Activity — system: token — 
2026-05-18 01:55:47.559 | INFO     | app.main:event_stream:110 - Agent Activity — system: token — 
2026-05-18 01:55:47.559 | INFO     | app.main:event_stream:110 - Agent Activity — system: token — 
2026-05-18 01:55:47.560 | INFO     | app.main:event_stream:110 - Agent Activity — system: token — 
2026-05-18 01:55:47.560 | INFO     | app.main:event_stream:110 - Agent Activity — system: token — 
2026-05-18 01:55:47.561 | INFO     | app.main:event_stream:110 - Agent Activity — system: token — 
2026-05-18 01:55:47.562 | INFO     | app.main:event_stream:110 - Agent Activity — system: token — 
2026-05-18 01:55:47.562 | INFO     | app.main:event_stream:110 - Agent Activity — system: token — 
2026-05-18 01:55:47.563 | INFO     | app.main:event_stream:110 - Agent Activity — system: token — 
2026-05-18 01:55:47.564 | INFO     | app.main:event_stream:110 - Agent Activity — system: token — 
2026-05-18 01:55:47.564 | INFO     | app.main:event_stream:110 - Agent Activity — system: token — 
2026-05-18 01:55:47.565 | INFO     | app.main:event_stream:110 - Agent Activity — system: token — 
2026-05-18 01:55:47.565 | INFO     | app.main:event_stream:110 - Agent Activity — system: token — 
2026-05-18 01:55:47.566 | INFO     | app.main:event_stream:110 - Agent Activity — system: token — 
2026-05-18 01:55:47.566 | INFO     | app.main:event_stream:110 - Agent Activity — system: token — 
2026-05-18 01:55:47.567 | INFO     | app.main:event_stream:110 - Agent Activity — system: token — 
2026-05-18 01:55:47.567 | INFO     | app.main:event_stream:110 - Agent Activity — system: token — 
2026-05-18 01:55:47.567 | INFO     | app.main:event_stream:110 - Agent Activity — system: token — 
2026-05-18 01:55:47.568 | INFO     | app.main:event_stream:110 - Agent Activity — system: token — 
2026-05-18 01:55:47.568 | INFO     | app.main:event_stream:110 - Agent Activity — system: token — 
2026-05-18 01:55:47.569 | INFO     | app.main:event_stream:110 - Agent Activity — system: token — 
2026-05-18 01:55:47.570 | INFO     | app.main:event_stream:110 - Agent Activity — system: token — 
2026-05-18 01:55:47.570 | INFO     | app.main:event_stream:110 - Agent Activity — system: token — 
2026-05-18 01:55:47.571 | INFO     | app.main:event_stream:110 - Agent Activity — system: token — 
2026-05-18 01:55:47.572 | INFO     | app.main:event_stream:110 - Agent Activity — system: token — 
2026-05-18 01:55:47.573 | INFO     | app.main:event_stream:110 - Agent Activity — system: token — 
2026-05-18 01:55:47.574 | INFO     | app.main:event_stream:110 - Agent Activity — system: token — 
2026-05-18 01:55:47.574 | INFO     | app.main:event_stream:110 - Agent Activity — system: token — 
2026-05-18 01:55:47.574 | INFO     | app.main:event_stream:110 - Agent Activity — system: token — 
2026-05-18 01:55:47.575 | INFO     | app.main:event_stream:110 - Agent Activity — system: token — 
2026-05-18 01:55:47.576 | INFO     | app.main:event_stream:110 - Agent Activity — system: token — 
2026-05-18 01:55:47.576 | INFO     | app.main:event_stream:110 - Agent Activity — system: token — 
2026-05-18 01:55:47.577 | INFO     | app.main:event_stream:110 - Agent Activity — system: token — 
2026-05-18 01:55:47.577 | INFO     | app.main:event_stream:110 - Agent Activity — system: token — 
2026-05-18 01:55:47.578 | INFO     | app.main:event_stream:110 - Agent Activity — system: token — 
2026-05-18 01:55:47.579 | INFO     | app.main:event_stream:110 - Agent Activity — system: token — 
2026-05-18 01:55:47.579 | INFO     | app.main:event_stream:110 - Agent Activity — system: token — 
2026-05-18 01:55:47.579 | INFO     | app.main:event_stream:110 - Agent Activity — system: token — 
2026-05-18 01:55:47.580 | INFO     | app.main:event_stream:110 - Agent Activity — system: token — 
2026-05-18 01:55:47.581 | INFO     | app.main:event_stream:110 - Agent Activity — system: token — 
2026-05-18 01:55:47.581 | INFO     | app.main:event_stream:110 - Agent Activity — system: token — 
2026-05-18 01:55:47.582 | INFO     | app.main:event_stream:110 - Agent Activity — system: token — 
2026-05-18 01:55:47.582 | INFO     | app.main:event_stream:110 - Agent Activity — system: token — 
2026-05-18 01:55:47.583 | INFO     | app.main:event_stream:110 - Agent Activity — system: token — 
2026-05-18 01:55:47.583 | INFO     | app.main:event_stream:110 - Agent Activity — system: token — 
2026-05-18 01:55:47.584 | INFO     | app.main:event_stream:110 - Agent Activity — system: token — 
2026-05-18 01:55:47.586 | INFO     | app.main:event_stream:110 - Agent Activity — system: token — 
2026-05-18 01:55:47.588 | INFO     | app.main:event_stream:110 - Agent Activity — system: token — 
2026-05-18 01:55:47.588 | INFO     | app.main:event_stream:110 - Agent Activity — system: token — 
2026-05-18 01:55:47.589 | INFO     | app.main:event_stream:110 - Agent Activity — system: token — 
2026-05-18 01:55:47.590 | INFO     | app.main:event_stream:110 - Agent Activity — system: token — 
2026-05-18 01:55:47.590 | INFO     | app.main:event_stream:110 - Agent Activity — system: token — 
2026-05-18 01:55:47.591 | INFO     | app.main:event_stream:110 - Agent Activity — system: token — 
2026-05-18 01:55:47.592 | INFO     | app.main:event_stream:110 - Agent Activity — system: token — 
2026-05-18 01:55:47.592 | INFO     | app.main:event_stream:110 - Agent Activity — system: token — 
2026-05-18 01:55:47.593 | INFO     | app.main:event_stream:110 - Agent Activity — system: token — 
2026-05-18 01:55:47.594 | INFO     | app.main:event_stream:110 - Agent Activity — system: token — 
2026-05-18 01:55:47.594 | INFO     | app.main:event_stream:110 - Agent Activity — system: token — 
2026-05-18 01:55:47.595 | INFO     | app.main:event_stream:110 - Agent Activity — system: token — 
2026-05-18 01:55:47.595 | INFO     | app.main:event_stream:110 - Agent Activity — system: token — 
2026-05-18 01:55:47.596 | INFO     | app.main:event_stream:110 - Agent Activity — system: token — 
2026-05-18 01:55:47.597 | INFO     | app.main:event_stream:110 - Agent Activity — system: token — 
2026-05-18 01:55:47.597 | INFO     | app.main:event_stream:110 - Agent Activity — system: token — 
2026-05-18 01:55:47.598 | INFO     | app.main:event_stream:110 - Agent Activity — system: token — 
2026-05-18 01:55:47.600 | INFO     | app.main:event_stream:110 - Agent Activity — system: token — 
2026-05-18 01:55:47.600 | INFO     | app.main:event_stream:110 - Agent Activity — system: token — 
2026-05-18 01:55:47.601 | INFO     | app.main:event_stream:110 - Agent Activity — system: token — 
2026-05-18 01:55:47.602 | INFO     | app.main:event_stream:110 - Agent Activity — system: token — 
2026-05-18 01:55:47.603 | INFO     | app.main:event_stream:110 - Agent Activity — system: token — 
2026-05-18 01:55:47.604 | INFO     | app.main:event_stream:110 - Agent Activity — system: token — 
2026-05-18 01:55:47.604 | INFO     | app.main:event_stream:110 - Agent Activity — system: token — 
2026-05-18 01:55:47.605 | INFO     | app.main:event_stream:110 - Agent Activity — system: token — 
2026-05-18 01:55:47.605 | INFO     | app.main:event_stream:110 - Agent Activity — system: token — 
2026-05-18 01:55:47.606 | INFO     | app.main:event_stream:110 - Agent Activity — system: token — 
2026-05-18 01:55:47.606 | INFO     | app.main:event_stream:110 - Agent Activity — system: token — 
2026-05-18 01:55:47.607 | INFO     | app.main:event_stream:110 - Agent Activity — system: token — 
2026-05-18 01:55:47.607 | INFO     | app.main:event_stream:110 - Agent Activity — system: token — 
2026-05-18 01:55:47.607 | INFO     | app.main:event_stream:110 - Agent Activity — system: token — 
2026-05-18 01:55:47.608 | INFO     | app.main:event_stream:110 - Agent Activity — system: token — 
2026-05-18 01:55:47.608 | INFO     | app.main:event_stream:110 - Agent Activity — system: token — 
2026-05-18 01:55:47.609 | INFO     | app.main:event_stream:110 - Agent Activity — system: token — 
2026-05-18 01:55:47.610 | INFO     | app.main:event_stream:110 - Agent Activity — system: token — 
2026-05-18 01:55:47.611 | INFO     | app.main:event_stream:110 - Agent Activity — system: token — 
2026-05-18 01:55:47.612 | INFO     | app.main:event_stream:110 - Agent Activity — system: token — 
2026-05-18 01:55:47.613 | INFO     | app.main:event_stream:110 - Agent Activity — system: token — 
2026-05-18 01:55:47.613 | INFO     | app.main:event_stream:110 - Agent Activity — system: token — 
2026-05-18 01:55:47.613 | INFO     | app.main:event_stream:110 - Agent Activity — system: token — 
2026-05-18 01:55:47.614 | INFO     | app.main:event_stream:110 - Agent Activity — system: token — 
2026-05-18 01:55:47.615 | INFO     | app.main:event_stream:110 - Agent Activity — system: token — 
2026-05-18 01:55:47.615 | INFO     | app.main:event_stream:110 - Agent Activity — system: token — 
2026-05-18 01:55:47.616 | INFO     | app.main:event_stream:110 - Agent Activity — system: token — 
2026-05-18 01:55:47.616 | INFO     | app.main:event_stream:110 - Agent Activity — system: token — 
2026-05-18 01:55:47.617 | INFO     | app.main:event_stream:110 - Agent Activity — system: token — 
2026-05-18 01:55:47.617 | INFO     | app.main:event_stream:110 - Agent Activity — system: token — 
2026-05-18 01:55:47.618 | INFO     | app.main:event_stream:110 - Agent Activity — system: token — 
2026-05-18 01:55:47.619 | INFO     | app.main:event_stream:110 - Agent Activity — system: token — 
2026-05-18 01:55:47.620 | INFO     | app.main:event_stream:110 - Agent Activity — system: token — 
2026-05-18 01:55:47.621 | INFO     | app.main:event_stream:110 - Agent Activity — system: token — 
2026-05-18 01:55:47.621 | INFO     | app.main:event_stream:110 - Agent Activity — system: token — 
2026-05-18 01:55:47.621 | INFO     | app.main:event_stream:110 - Agent Activity — system: token — 
2026-05-18 01:55:47.622 | INFO     | app.main:event_stream:110 - Agent Activity — system: token — 
2026-05-18 01:55:47.623 | INFO     | app.main:event_stream:110 - Agent Activity — system: token — 
2026-05-18 01:55:47.623 | INFO     | app.main:event_stream:110 - Agent Activity — system: token — 
2026-05-18 01:55:47.623 | INFO     | app.main:event_stream:110 - Agent Activity — system: token — 
2026-05-18 01:55:47.624 | INFO     | app.main:event_stream:110 - Agent Activity — system: token — 
2026-05-18 01:55:47.624 | INFO     | app.main:event_stream:110 - Agent Activity — system: token — 
2026-05-18 01:55:47.625 | INFO     | app.main:event_stream:110 - Agent Activity — system: token — 
2026-05-18 01:55:47.626 | INFO     | app.main:event_stream:110 - Agent Activity — system: token — 
2026-05-18 01:55:47.627 | INFO     | app.main:event_stream:110 - Agent Activity — system: token — 
2026-05-18 01:55:47.628 | INFO     | app.main:event_stream:110 - Agent Activity — system: token — 
2026-05-18 01:55:47.629 | INFO     | app.main:event_stream:110 - Agent Activity — system: token — 
2026-05-18 01:55:47.630 | INFO     | app.main:event_stream:110 - Agent Activity — system: token — 
2026-05-18 01:55:47.630 | INFO     | app.main:event_stream:110 - Agent Activity — system: token — 
2026-05-18 01:55:47.631 | INFO     | app.main:event_stream:110 - Agent Activity — system: token — 
2026-05-18 01:55:47.631 | INFO     | app.main:event_stream:110 - Agent Activity — system: token — 
2026-05-18 01:55:47.632 | INFO     | app.main:event_stream:110 - Agent Activity — system: token — 
2026-05-18 01:55:47.632 | INFO     | app.main:event_stream:110 - Agent Activity — system: token — 
2026-05-18 01:55:47.633 | INFO     | app.main:event_stream:110 - Agent Activity — system: token — 
2026-05-18 01:55:47.633 | INFO     | app.main:event_stream:110 - Agent Activity — system: token — 
2026-05-18 01:55:47.634 | INFO     | app.main:event_stream:110 - Agent Activity — system: token — 
2026-05-18 01:55:47.635 | INFO     | app.main:event_stream:110 - Agent Activity — system: token — 
2026-05-18 01:55:47.636 | INFO     | app.main:event_stream:110 - Agent Activity — system: token — 
2026-05-18 01:55:47.637 | INFO     | app.main:event_stream:110 - Agent Activity — system: token — 
2026-05-18 01:55:47.639 | INFO     | app.main:event_stream:110 - Agent Activity — system: token — 
2026-05-18 01:55:47.639 | INFO     | app.main:event_stream:110 - Agent Activity — system: token — 
2026-05-18 01:55:47.640 | INFO     | app.main:event_stream:110 - Agent Activity — system: token — 
2026-05-18 01:55:47.640 | INFO     | app.main:event_stream:110 - Agent Activity — system: token — 
2026-05-18 01:55:47.641 | INFO     | app.main:event_stream:110 - Agent Activity — system: token — 
2026-05-18 01:55:47.641 | INFO     | app.main:event_stream:110 - Agent Activity — system: token — 
2026-05-18 01:55:47.642 | INFO     | app.main:event_stream:110 - Agent Activity — system: token — 
2026-05-18 01:55:47.643 | INFO     | app.main:event_stream:110 - Agent Activity — system: token — 
2026-05-18 01:55:47.644 | INFO     | app.main:event_stream:110 - Agent Activity — system: token — 
2026-05-18 01:55:47.645 | INFO     | app.main:event_stream:110 - Agent Activity — system: token — 
2026-05-18 01:55:47.646 | INFO     | app.main:event_stream:110 - Agent Activity — system: token — 
2026-05-18 01:55:47.646 | INFO     | app.main:event_stream:110 - Agent Activity — system: token — 
2026-05-18 01:55:47.647 | INFO     | app.main:event_stream:110 - Agent Activity — system: token — 
2026-05-18 01:55:47.648 | INFO     | app.main:event_stream:110 - Agent Activity — system: token — 
2026-05-18 01:55:47.648 | INFO     | app.main:event_stream:110 - Agent Activity — system: token — 
2026-05-18 01:55:47.648 | INFO     | app.main:event_stream:110 - Agent Activity — system: token — 
2026-05-18 01:55:47.649 | INFO     | app.main:event_stream:110 - Agent Activity — system: token — 
2026-05-18 01:55:47.650 | INFO     | app.main:event_stream:110 - Agent Activity — system: token — 
2026-05-18 01:55:47.651 | INFO     | app.main:event_stream:110 - Agent Activity — system: token — 
2026-05-18 01:55:47.653 | INFO     | app.main:event_stream:110 - Agent Activity — system: token — 
2026-05-18 01:55:47.654 | INFO     | app.main:event_stream:110 - Agent Activity — system: token — 
2026-05-18 01:55:47.655 | INFO     | app.main:event_stream:110 - Agent Activity — system: token — 
2026-05-18 01:55:47.655 | INFO     | app.main:event_stream:110 - Agent Activity — system: token — 
2026-05-18 01:55:47.656 | INFO     | app.main:event_stream:110 - Agent Activity — system: token — 
2026-05-18 01:55:47.657 | INFO     | app.main:event_stream:110 - Agent Activity — system: token — 
2026-05-18 01:55:47.661 | INFO     | app.main:event_stream:110 - Agent Activity — system: token — 
2026-05-18 01:55:47.662 | INFO     | app.main:event_stream:110 - Agent Activity — system: token — 
2026-05-18 01:55:47.663 | INFO     | app.main:event_stream:110 - Agent Activity — system: token — 
2026-05-18 01:55:47.664 | INFO     | app.main:event_stream:110 - Agent Activity — system: token — 
2026-05-18 01:55:47.665 | INFO     | app.main:event_stream:110 - Agent Activity — system: token — 
2026-05-18 01:55:47.666 | INFO     | app.main:event_stream:110 - Agent Activity — system: token — 
2026-05-18 01:55:47.666 | INFO     | app.main:event_stream:110 - Agent Activity — system: token — 
2026-05-18 01:55:47.667 | INFO     | app.main:event_stream:110 - Agent Activity — system: token — 
2026-05-18 01:55:47.667 | INFO     | app.main:event_stream:110 - Agent Activity — system: token — 
2026-05-18 01:55:47.668 | INFO     | app.main:event_stream:110 - Agent Activity — market: agent_start — Finding cross-platform deals for Ergonomic Mesh Office Chair...
2026-05-18 01:55:47.668 | INFO     | app.agents.market_agent:find_best_deals:233 - Finding best deals for: Ergonomic Mesh Office Chair
2026-05-18 01:55:49.349 | INFO     | app.services.search_service:search_deals_for_product:235 - Deal search returned 8 results for 'Ergonomic Mesh Office Chair'
2026-05-18 01:55:56.515 | INFO     | app.main:event_stream:110 - Agent Activity — market: agent_complete — Found 1 cross-platform deals
2026-05-18 01:55:56.518 | INFO     | app.main:event_stream:110 - Agent Activity — system: final_result — Research complete! See the dashboard for details.
2026-05-18 01:55:56.524 | INFO     | app.main:event_stream:110 - Agent Activity — system: done — 
2026-05-18 02:13:58.908 | INFO     | app.main:lifespan:42 - 👋 VeriBuy Backend shutting down
2026-05-18 02:24:06.756 | INFO     | app.main:lifespan:32 - 🚀 VeriBuy Backend starting...
2026-05-18 02:24:06.758 | INFO     | app.main:lifespan:37 - ✅ Ollama connected — model: qwen3:0.6b
2026-05-18 02:24:11.288 | INFO     | app.main:chat:86 - User queried: Best coding laptops with 32GB RAM
2026-05-18 02:24:11.322 | INFO     | app.main:event_stream:110 - Agent Activity — intent: agent_start — Understanding your requirements...
2026-05-18 02:24:11.338 | INFO     | app.agents.graph:intent_node:28 - Graph: Running intent node
2026-05-18 02:24:16.405 | DEBUG    | app.agents.intent_agent:run_intent_agent:72 - Intent chain raw response: {
  "product_category": "laptop",
  "product_name": null,
  "specifications": ["32GB RAM"],
  "budget_range": {"min_price": 0, "max_price": 999999, "currency": "INR"},
  "usage_context": "general",
  "brand_preferences": [],
  "urgency": "can_wait",
  "is_specific_product": false,
  "is_complete": f
2026-05-18 02:24:16.408 | INFO     | app.agents.intent_agent:run_intent_agent:78 - Intent extracted: category=laptop, specific=False, complete=False, confidence=0.8
2026-05-18 02:24:16.415 | INFO     | app.main:event_stream:110 - Agent Activity — intent: agent_complete — Identified: laptop
2026-05-18 02:24:16.418 | INFO     | app.main:event_stream:110 - Agent Activity — intent: followup_needed — I need a bit more info: What is your budget for the laptop?
2026-05-18 02:24:16.430 | INFO     | app.main:event_stream:110 - Agent Activity — system: done — 
2026-05-18 02:24:24.499 | INFO     | app.main:chat:86 - User queried: 160000 INR
2026-05-18 02:24:24.503 | INFO     | app.main:event_stream:110 - Agent Activity — intent: agent_start — Understanding your requirements...
2026-05-18 02:24:24.524 | INFO     | app.agents.graph:intent_node:28 - Graph: Running intent node
2026-05-18 02:24:27.268 | DEBUG    | app.agents.intent_agent:run_intent_agent:72 - Intent chain raw response: {
  "product_category": "laptop",
  "product_name": null,
  "specifications": ["32GB RAM"],
  "budget_range": {"min_price": 0, "max_price": 160000, "currency": "INR"},
  "usage_context": "general",
  "brand_preferences": [],
  "urgency": "can_wait",
  "is_specific_product": false,
  "is_complete": t
2026-05-18 02:24:27.269 | INFO     | app.agents.intent_agent:run_intent_agent:78 - Intent extracted: category=laptop, specific=False, complete=True, confidence=0.8
2026-05-18 02:24:27.279 | INFO     | app.main:event_stream:110 - Agent Activity — intent: agent_complete — Identified: laptop
2026-05-18 02:24:27.288 | INFO     | app.main:event_stream:110 - Agent Activity — market: agent_start — Searching across platforms...
2026-05-18 02:24:27.294 | INFO     | app.main:event_stream:110 - Agent Activity — reddit: agent_start — Scanning Reddit discussions...
2026-05-18 02:24:27.296 | INFO     | app.main:event_stream:110 - Agent Activity — youtube: agent_start — Analyzing YouTube reviews...
2026-05-18 02:24:27.299 | INFO     | app.agents.graph:market_node:43 - Graph: Running market node
2026-05-18 02:24:27.300 | INFO     | app.agents.market_agent:run_market_agent:126 - Market agent searching: 'laptop 32GB RAM under 160000 INR India buy'
2026-05-18 02:24:27.301 | INFO     | app.services.search_service:search_products:81 - Searching products via Serper API: laptop 32GB RAM under 160000 INR India buy
2026-05-18 02:24:27.303 | INFO     | app.agents.graph:reddit_node:57 - Graph: Running reddit node
2026-05-18 02:24:27.305 | INFO     | app.agents.reddit_agent.reddit_agent:run_reddit_agent:106 - Reddit Agent: Searching ['GadgetsIndia', 'IndianGaming', 'LaptopDealsIndia', 'SuggestALaptop'] for 'laptop review India'
2026-05-18 02:24:27.309 | INFO     | app.agents.graph:youtube_node:69 - Graph: Running youtube node
2026-05-18 02:24:27.310 | INFO     | app.agents.youtube_agent.youtube_agent:run_youtube_agent:152 - YouTube Agent: Searching top long-form videos for 'laptop'
2026-05-18 02:24:30.017 | INFO     | app.agents.reddit_agent.reddit_agent:run_reddit_agent:114 - Fetching thread: Need Laptop Suggestions and Reviews from users for this laptop.
2026-05-18 02:24:31.812 | INFO     | app.agents.reddit_agent.reddit_agent:run_reddit_agent:114 - Fetching thread: The worst choice I ever made was buying a Gigabyte laptop in India
2026-05-18 02:24:33.561 | INFO     | app.main:event_stream:110 - Agent Activity — reddit: agent_complete — Analyzed 2 Reddit threads
2026-05-18 02:24:34.137 | INFO     | app.services.search_service:search_youtube_videos:392 - Serper YouTube search returned 12 ranked videos for 'laptop'
2026-05-18 02:24:34.138 | INFO     | app.agents.youtube_agent.youtube_agent:run_youtube_agent:162 - Fetching transcript for video: The Best Laptops For Students in 2026 (Affordable Editon)
2026-05-18 02:24:37.146 | WARNING  | app.agents.youtube_agent.transcript_extractor:extract_and_clean_transcript:38 - Transcript extraction failed for video 5OzQtuI_3tg: 
Could not retrieve a transcript for the video https://www.youtube.com/watch?v=5OzQtuI_3tg! This is most likely caused by:

YouTube is blocking requests from your IP. This usually is due to one of the following reasons:
- You have done too many requests and your IP has been blocked by YouTube
- You are doing requests from an IP belonging to a cloud provider (like AWS, Google Cloud Platform, Azure, etc.). Unfortunately, most IPs from cloud providers are blocked by YouTube.

Ways to work around this are explained in the "Working around IP bans" section of the README (https://github.com/jdepoix/youtube-transcript-api?tab=readme-ov-file#working-around-ip-bans-requestblocked-or-ipblocked-exception).


If you are sure that the described cause is not responsible for this error and that a transcript should be retrievable, please create an issue at https://github.com/jdepoix/youtube-transcript-api/issues. Please add which version of youtube_transcript_api you are using and provide the information needed to replicate the error. Also make sure that there are no open issues which already describe your problem!
2026-05-18 02:24:37.155 | INFO     | app.agents.youtube_agent.youtube_agent:run_youtube_agent:162 - Fetching transcript for video: Best Laptops 2026 | HP vs Dell vs MSI vs Lenovo vs Acer vs ...
2026-05-18 02:24:40.216 | WARNING  | app.agents.youtube_agent.transcript_extractor:extract_and_clean_transcript:38 - Transcript extraction failed for video 8pJJXwQE4qw: 
Could not retrieve a transcript for the video https://www.youtube.com/watch?v=8pJJXwQE4qw! This is most likely caused by:

YouTube is blocking requests from your IP. This usually is due to one of the following reasons:
- You have done too many requests and your IP has been blocked by YouTube
- You are doing requests from an IP belonging to a cloud provider (like AWS, Google Cloud Platform, Azure, etc.). Unfortunately, most IPs from cloud providers are blocked by YouTube.

Ways to work around this are explained in the "Working around IP bans" section of the README (https://github.com/jdepoix/youtube-transcript-api?tab=readme-ov-file#working-around-ip-bans-requestblocked-or-ipblocked-exception).


If you are sure that the described cause is not responsible for this error and that a transcript should be retrievable, please create an issue at https://github.com/jdepoix/youtube-transcript-api/issues. Please add which version of youtube_transcript_api you are using and provide the information needed to replicate the error. Also make sure that there are no open issues which already describe your problem!
2026-05-18 02:24:40.222 | INFO     | app.agents.youtube_agent.youtube_agent:run_youtube_agent:162 - Fetching transcript for video: Laptop Buying Guide 2026 - Don't Waste Your Money!
2026-05-18 02:24:42.572 | WARNING  | app.agents.youtube_agent.transcript_extractor:extract_and_clean_transcript:38 - Transcript extraction failed for video QyhBakGTyeI: 
Could not retrieve a transcript for the video https://www.youtube.com/watch?v=QyhBakGTyeI! This is most likely caused by:

YouTube is blocking requests from your IP. This usually is due to one of the following reasons:
- You have done too many requests and your IP has been blocked by YouTube
- You are doing requests from an IP belonging to a cloud provider (like AWS, Google Cloud Platform, Azure, etc.). Unfortunately, most IPs from cloud providers are blocked by YouTube.

Ways to work around this are explained in the "Working around IP bans" section of the README (https://github.com/jdepoix/youtube-transcript-api?tab=readme-ov-file#working-around-ip-bans-requestblocked-or-ipblocked-exception).


If you are sure that the described cause is not responsible for this error and that a transcript should be retrievable, please create an issue at https://github.com/jdepoix/youtube-transcript-api/issues. Please add which version of youtube_transcript_api you are using and provide the information needed to replicate the error. Also make sure that there are no open issues which already describe your problem!
2026-05-18 02:24:42.583 | INFO     | app.agents.youtube_agent.youtube_agent:run_youtube_agent:162 - Fetching transcript for video: The Best Laptops of 2025
2026-05-18 02:24:45.302 | WARNING  | app.agents.youtube_agent.transcript_extractor:extract_and_clean_transcript:38 - Transcript extraction failed for video PKshhTHyoZU: 
Could not retrieve a transcript for the video https://www.youtube.com/watch?v=PKshhTHyoZU! This is most likely caused by:

YouTube is blocking requests from your IP. This usually is due to one of the following reasons:
- You have done too many requests and your IP has been blocked by YouTube
- You are doing requests from an IP belonging to a cloud provider (like AWS, Google Cloud Platform, Azure, etc.). Unfortunately, most IPs from cloud providers are blocked by YouTube.

Ways to work around this are explained in the "Working around IP bans" section of the README (https://github.com/jdepoix/youtube-transcript-api?tab=readme-ov-file#working-around-ip-bans-requestblocked-or-ipblocked-exception).


If you are sure that the described cause is not responsible for this error and that a transcript should be retrievable, please create an issue at https://github.com/jdepoix/youtube-transcript-api/issues. Please add which version of youtube_transcript_api you are using and provide the information needed to replicate the error. Also make sure that there are no open issues which already describe your problem!
2026-05-18 02:24:45.309 | INFO     | app.agents.youtube_agent.youtube_agent:run_youtube_agent:162 - Fetching transcript for video: Top 10 Best Looking Laptops of 2025
2026-05-18 02:24:48.546 | WARNING  | app.agents.youtube_agent.transcript_extractor:extract_and_clean_transcript:38 - Transcript extraction failed for video 9iEoQMF_hPY: 
Could not retrieve a transcript for the video https://www.youtube.com/watch?v=9iEoQMF_hPY! This is most likely caused by:

YouTube is blocking requests from your IP. This usually is due to one of the following reasons:
- You have done too many requests and your IP has been blocked by YouTube
- You are doing requests from an IP belonging to a cloud provider (like AWS, Google Cloud Platform, Azure, etc.). Unfortunately, most IPs from cloud providers are blocked by YouTube.

Ways to work around this are explained in the "Working around IP bans" section of the README (https://github.com/jdepoix/youtube-transcript-api?tab=readme-ov-file#working-around-ip-bans-requestblocked-or-ipblocked-exception).


If you are sure that the described cause is not responsible for this error and that a transcript should be retrievable, please create an issue at https://github.com/jdepoix/youtube-transcript-api/issues. Please add which version of youtube_transcript_api you are using and provide the information needed to replicate the error. Also make sure that there are no open issues which already describe your problem!
2026-05-18 02:24:48.553 | INFO     | app.agents.youtube_agent.youtube_agent:run_youtube_agent:162 - Fetching transcript for video: Best Student Laptops 2025 – Ultimate Buyer's Guide!
2026-05-18 02:24:51.370 | WARNING  | app.agents.youtube_agent.transcript_extractor:extract_and_clean_transcript:38 - Transcript extraction failed for video CV6HsBln6jI: 
Could not retrieve a transcript for the video https://www.youtube.com/watch?v=CV6HsBln6jI! This is most likely caused by:

YouTube is blocking requests from your IP. This usually is due to one of the following reasons:
- You have done too many requests and your IP has been blocked by YouTube
- You are doing requests from an IP belonging to a cloud provider (like AWS, Google Cloud Platform, Azure, etc.). Unfortunately, most IPs from cloud providers are blocked by YouTube.

Ways to work around this are explained in the "Working around IP bans" section of the README (https://github.com/jdepoix/youtube-transcript-api?tab=readme-ov-file#working-around-ip-bans-requestblocked-or-ipblocked-exception).


If you are sure that the described cause is not responsible for this error and that a transcript should be retrievable, please create an issue at https://github.com/jdepoix/youtube-transcript-api/issues. Please add which version of youtube_transcript_api you are using and provide the information needed to replicate the error. Also make sure that there are no open issues which already describe your problem!
2026-05-18 02:24:51.385 | INFO     | app.agents.youtube_agent.youtube_agent:run_youtube_agent:162 - Fetching transcript for video: The Best Laptops to Buy in 2025
2026-05-18 02:24:54.140 | WARNING  | app.agents.youtube_agent.transcript_extractor:extract_and_clean_transcript:38 - Transcript extraction failed for video Dq9JbQxUk3I: 
Could not retrieve a transcript for the video https://www.youtube.com/watch?v=Dq9JbQxUk3I! This is most likely caused by:

YouTube is blocking requests from your IP. This usually is due to one of the following reasons:
- You have done too many requests and your IP has been blocked by YouTube
- You are doing requests from an IP belonging to a cloud provider (like AWS, Google Cloud Platform, Azure, etc.). Unfortunately, most IPs from cloud providers are blocked by YouTube.

Ways to work around this are explained in the "Working around IP bans" section of the README (https://github.com/jdepoix/youtube-transcript-api?tab=readme-ov-file#working-around-ip-bans-requestblocked-or-ipblocked-exception).


If you are sure that the described cause is not responsible for this error and that a transcript should be retrievable, please create an issue at https://github.com/jdepoix/youtube-transcript-api/issues. Please add which version of youtube_transcript_api you are using and provide the information needed to replicate the error. Also make sure that there are no open issues which already describe your problem!
2026-05-18 02:24:54.145 | INFO     | app.agents.youtube_agent.youtube_agent:run_youtube_agent:162 - Fetching transcript for video: (2025) Best Design Laptops | Design Laptop Buyers Guide
2026-05-18 02:24:56.869 | WARNING  | app.agents.youtube_agent.transcript_extractor:extract_and_clean_transcript:38 - Transcript extraction failed for video eIb0V-CtJcU: 
Could not retrieve a transcript for the video https://www.youtube.com/watch?v=eIb0V-CtJcU! This is most likely caused by:

YouTube is blocking requests from your IP. This usually is due to one of the following reasons:
- You have done too many requests and your IP has been blocked by YouTube
- You are doing requests from an IP belonging to a cloud provider (like AWS, Google Cloud Platform, Azure, etc.). Unfortunately, most IPs from cloud providers are blocked by YouTube.

Ways to work around this are explained in the "Working around IP bans" section of the README (https://github.com/jdepoix/youtube-transcript-api?tab=readme-ov-file#working-around-ip-bans-requestblocked-or-ipblocked-exception).


If you are sure that the described cause is not responsible for this error and that a transcript should be retrievable, please create an issue at https://github.com/jdepoix/youtube-transcript-api/issues. Please add which version of youtube_transcript_api you are using and provide the information needed to replicate the error. Also make sure that there are no open issues which already describe your problem!
2026-05-18 02:24:56.884 | INFO     | app.agents.youtube_agent.youtube_agent:run_youtube_agent:162 - Fetching transcript for video: Top 10 Laptops for Battery Life! – We Tested 100+ - YouTube
2026-05-18 02:24:59.942 | WARNING  | app.agents.youtube_agent.transcript_extractor:extract_and_clean_transcript:38 - Transcript extraction failed for video EYIzDHbxtK8: 
Could not retrieve a transcript for the video https://www.youtube.com/watch?v=EYIzDHbxtK8! This is most likely caused by:

YouTube is blocking requests from your IP. This usually is due to one of the following reasons:
- You have done too many requests and your IP has been blocked by YouTube
- You are doing requests from an IP belonging to a cloud provider (like AWS, Google Cloud Platform, Azure, etc.). Unfortunately, most IPs from cloud providers are blocked by YouTube.

Ways to work around this are explained in the "Working around IP bans" section of the README (https://github.com/jdepoix/youtube-transcript-api?tab=readme-ov-file#working-around-ip-bans-requestblocked-or-ipblocked-exception).


If you are sure that the described cause is not responsible for this error and that a transcript should be retrievable, please create an issue at https://github.com/jdepoix/youtube-transcript-api/issues. Please add which version of youtube_transcript_api you are using and provide the information needed to replicate the error. Also make sure that there are no open issues which already describe your problem!
2026-05-18 02:24:59.950 | INFO     | app.agents.youtube_agent.youtube_agent:run_youtube_agent:162 - Fetching transcript for video: 5 Best Student Laptops 2026 | Top Laptops for School & College
2026-05-18 02:25:02.521 | WARNING  | app.agents.youtube_agent.transcript_extractor:extract_and_clean_transcript:38 - Transcript extraction failed for video 3q19gv0_gVw: 
Could not retrieve a transcript for the video https://www.youtube.com/watch?v=3q19gv0_gVw! This is most likely caused by:

YouTube is blocking requests from your IP. This usually is due to one of the following reasons:
- You have done too many requests and your IP has been blocked by YouTube
- You are doing requests from an IP belonging to a cloud provider (like AWS, Google Cloud Platform, Azure, etc.). Unfortunately, most IPs from cloud providers are blocked by YouTube.

Ways to work around this are explained in the "Working around IP bans" section of the README (https://github.com/jdepoix/youtube-transcript-api?tab=readme-ov-file#working-around-ip-bans-requestblocked-or-ipblocked-exception).


If you are sure that the described cause is not responsible for this error and that a transcript should be retrievable, please create an issue at https://github.com/jdepoix/youtube-transcript-api/issues. Please add which version of youtube_transcript_api you are using and provide the information needed to replicate the error. Also make sure that there are no open issues which already describe your problem!
2026-05-18 02:25:02.533 | INFO     | app.services.search_service:search_products:195 - Serper API returned 50 results (47 with parsed prices).
2026-05-18 02:25:02.545 | INFO     | app.main:event_stream:110 - Agent Activity — youtube: agent_complete — Analyzed 0 YouTube videos
2026-05-18 02:25:05.311 | ERROR    | app.agents.market_agent:run_market_agent:204 - Market agent analysis error: (Request ID: Root=1-6a0a2b27-3d4b800e74a5725e47beca34;7980b57b-25da-4165-aeba-fb89cedf157b)

Bad request:
2026-05-18 02:25:05.312 | INFO     | app.agents.market_agent:run_market_agent:207 - Recovered 5 products from raw search result prices after LLM failure
2026-05-18 02:25:05.337 | INFO     | app.main:event_stream:110 - Agent Activity — market: agent_complete — Found 5 products
2026-05-18 02:25:05.344 | INFO     | app.main:event_stream:110 - Agent Activity — system: token — 
2026-05-18 02:25:05.347 | INFO     | app.main:event_stream:110 - Agent Activity — system: token — 
2026-05-18 02:25:05.349 | INFO     | app.main:event_stream:110 - Agent Activity — system: token — 
2026-05-18 02:25:05.351 | INFO     | app.main:event_stream:110 - Agent Activity — system: token — 
2026-05-18 02:25:05.354 | INFO     | app.main:event_stream:110 - Agent Activity — system: token — 
2026-05-18 02:25:05.357 | INFO     | app.main:event_stream:110 - Agent Activity — system: token — 
2026-05-18 02:25:05.358 | INFO     | app.main:event_stream:110 - Agent Activity — system: token — 
2026-05-18 02:25:05.360 | INFO     | app.main:event_stream:110 - Agent Activity — system: token — 
2026-05-18 02:25:05.361 | INFO     | app.main:event_stream:110 - Agent Activity — system: token — 
2026-05-18 02:25:05.364 | INFO     | app.main:event_stream:110 - Agent Activity — system: token — 
2026-05-18 02:25:05.366 | INFO     | app.main:event_stream:110 - Agent Activity — system: token — 
2026-05-18 02:25:05.367 | INFO     | app.main:event_stream:110 - Agent Activity — system: token — 
2026-05-18 02:25:05.369 | INFO     | app.main:event_stream:110 - Agent Activity — system: token — 
2026-05-18 02:25:05.371 | INFO     | app.main:event_stream:110 - Agent Activity — system: token — 
2026-05-18 02:25:05.374 | INFO     | app.main:event_stream:110 - Agent Activity — system: token — 
2026-05-18 02:25:05.377 | INFO     | app.main:event_stream:110 - Agent Activity — system: token — 
2026-05-18 02:25:05.378 | INFO     | app.main:event_stream:110 - Agent Activity — system: token — 
2026-05-18 02:25:05.390 | INFO     | app.main:event_stream:110 - Agent Activity — system: token — 
2026-05-18 02:25:05.395 | INFO     | app.main:event_stream:110 - Agent Activity — system: token — 
2026-05-18 02:25:05.399 | INFO     | app.main:event_stream:110 - Agent Activity — system: token — 
2026-05-18 02:25:05.402 | INFO     | app.main:event_stream:110 - Agent Activity — system: token — 
2026-05-18 02:25:05.408 | INFO     | app.main:event_stream:110 - Agent Activity — system: token — 
2026-05-18 02:25:05.410 | INFO     | app.main:event_stream:110 - Agent Activity — system: token — 
2026-05-18 02:25:05.413 | INFO     | app.main:event_stream:110 - Agent Activity — system: token — 
2026-05-18 02:25:05.414 | INFO     | app.main:event_stream:110 - Agent Activity — system: token — 
2026-05-18 02:25:05.416 | INFO     | app.main:event_stream:110 - Agent Activity — system: token — 
2026-05-18 02:25:05.419 | INFO     | app.main:event_stream:110 - Agent Activity — system: token — 
2026-05-18 02:25:05.420 | INFO     | app.main:event_stream:110 - Agent Activity — system: token — 
2026-05-18 02:25:05.421 | INFO     | app.main:event_stream:110 - Agent Activity — system: token — 
2026-05-18 02:25:05.425 | INFO     | app.main:event_stream:110 - Agent Activity — system: token — 
2026-05-18 02:25:05.427 | INFO     | app.main:event_stream:110 - Agent Activity — system: token — 
2026-05-18 02:25:05.429 | INFO     | app.main:event_stream:110 - Agent Activity — system: token — 
2026-05-18 02:25:05.431 | INFO     | app.main:event_stream:110 - Agent Activity — system: token — 
2026-05-18 02:25:05.433 | INFO     | app.main:event_stream:110 - Agent Activity — system: token — 
2026-05-18 02:25:05.435 | INFO     | app.main:event_stream:110 - Agent Activity — system: token — 
2026-05-18 02:25:05.437 | INFO     | app.main:event_stream:110 - Agent Activity — system: token — 
2026-05-18 02:25:05.439 | INFO     | app.main:event_stream:110 - Agent Activity — system: token — 
2026-05-18 02:25:05.440 | INFO     | app.main:event_stream:110 - Agent Activity — system: token — 
2026-05-18 02:25:05.441 | INFO     | app.main:event_stream:110 - Agent Activity — system: token — 
2026-05-18 02:25:05.443 | INFO     | app.main:event_stream:110 - Agent Activity — system: token — 
2026-05-18 02:25:05.453 | INFO     | app.main:event_stream:110 - Agent Activity — system: token — 
2026-05-18 02:25:05.459 | INFO     | app.main:event_stream:110 - Agent Activity — system: token — 
2026-05-18 02:25:05.465 | INFO     | app.main:event_stream:110 - Agent Activity — system: token — 
2026-05-18 02:25:05.467 | INFO     | app.main:event_stream:110 - Agent Activity — system: token — 
2026-05-18 02:25:05.471 | INFO     | app.main:event_stream:110 - Agent Activity — system: token — 
2026-05-18 02:25:05.473 | INFO     | app.main:event_stream:110 - Agent Activity — system: token — 
2026-05-18 02:25:05.477 | INFO     | app.main:event_stream:110 - Agent Activity — system: token — 
2026-05-18 02:25:05.481 | INFO     | app.main:event_stream:110 - Agent Activity — system: token — 
2026-05-18 02:25:05.486 | INFO     | app.main:event_stream:110 - Agent Activity — system: token — 
2026-05-18 02:25:05.488 | INFO     | app.main:event_stream:110 - Agent Activity — system: token — 
2026-05-18 02:25:05.489 | INFO     | app.main:event_stream:110 - Agent Activity — system: token — 
2026-05-18 02:25:05.491 | INFO     | app.main:event_stream:110 - Agent Activity — system: token — 
2026-05-18 02:25:05.492 | INFO     | app.main:event_stream:110 - Agent Activity — system: token — 
2026-05-18 02:25:05.494 | INFO     | app.main:event_stream:110 - Agent Activity — system: token — 
2026-05-18 02:25:05.498 | INFO     | app.main:event_stream:110 - Agent Activity — system: token — 
2026-05-18 02:25:05.500 | INFO     | app.main:event_stream:110 - Agent Activity — system: token — 
2026-05-18 02:25:05.504 | INFO     | app.main:event_stream:110 - Agent Activity — system: token — 
2026-05-18 02:25:05.508 | INFO     | app.main:event_stream:110 - Agent Activity — system: token — 
2026-05-18 02:25:05.510 | INFO     | app.main:event_stream:110 - Agent Activity — system: token — 
2026-05-18 02:25:05.513 | INFO     | app.main:event_stream:110 - Agent Activity — system: token — 
2026-05-18 02:25:05.514 | INFO     | app.main:event_stream:110 - Agent Activity — system: token — 
2026-05-18 02:25:05.522 | INFO     | app.main:event_stream:110 - Agent Activity — system: token — 
2026-05-18 02:25:05.538 | INFO     | app.main:event_stream:110 - Agent Activity — system: token — 
2026-05-18 02:25:05.541 | INFO     | app.main:event_stream:110 - Agent Activity — system: token — 
2026-05-18 02:25:05.544 | INFO     | app.main:event_stream:110 - Agent Activity — system: token — 
2026-05-18 02:25:05.553 | INFO     | app.main:event_stream:110 - Agent Activity — system: token — 
2026-05-18 02:25:05.565 | INFO     | app.main:event_stream:110 - Agent Activity — system: token — 
2026-05-18 02:25:05.571 | INFO     | app.main:event_stream:110 - Agent Activity — system: token — 
2026-05-18 02:25:05.578 | INFO     | app.main:event_stream:110 - Agent Activity — system: token — 
2026-05-18 02:25:05.585 | INFO     | app.main:event_stream:110 - Agent Activity — system: token — 
2026-05-18 02:25:05.590 | INFO     | app.main:event_stream:110 - Agent Activity — system: token — 
2026-05-18 02:25:05.592 | INFO     | app.main:event_stream:110 - Agent Activity — system: token — 
2026-05-18 02:25:05.594 | INFO     | app.main:event_stream:110 - Agent Activity — system: token — 
2026-05-18 02:25:05.622 | INFO     | app.main:event_stream:110 - Agent Activity — system: token — 
2026-05-18 02:25:05.629 | INFO     | app.main:event_stream:110 - Agent Activity — system: token — 
2026-05-18 02:25:05.647 | INFO     | app.main:event_stream:110 - Agent Activity — system: token — 
2026-05-18 02:25:05.657 | INFO     | app.main:event_stream:110 - Agent Activity — system: token — 
2026-05-18 02:25:05.663 | INFO     | app.main:event_stream:110 - Agent Activity — system: token — 
2026-05-18 02:25:05.671 | INFO     | app.main:event_stream:110 - Agent Activity — system: token — 
2026-05-18 02:25:05.693 | INFO     | app.main:event_stream:110 - Agent Activity — system: token — 
2026-05-18 02:25:05.709 | INFO     | app.main:event_stream:110 - Agent Activity — system: token — 
2026-05-18 02:25:05.724 | INFO     | app.main:event_stream:110 - Agent Activity — system: token — 
2026-05-18 02:25:05.734 | INFO     | app.main:event_stream:110 - Agent Activity — system: token — 
2026-05-18 02:25:05.741 | INFO     | app.main:event_stream:110 - Agent Activity — system: token — 
2026-05-18 02:25:05.747 | INFO     | app.main:event_stream:110 - Agent Activity — system: token — 
2026-05-18 02:25:05.755 | INFO     | app.main:event_stream:110 - Agent Activity — system: token — 
2026-05-18 02:25:05.759 | INFO     | app.main:event_stream:110 - Agent Activity — system: token — 
2026-05-18 02:25:05.761 | INFO     | app.main:event_stream:110 - Agent Activity — system: token — 
2026-05-18 02:25:05.790 | INFO     | app.main:event_stream:110 - Agent Activity — system: token — 
2026-05-18 02:25:05.807 | INFO     | app.main:event_stream:110 - Agent Activity — system: token — 
2026-05-18 02:25:05.816 | INFO     | app.main:event_stream:110 - Agent Activity — system: token — 
2026-05-18 02:25:05.820 | INFO     | app.main:event_stream:110 - Agent Activity — system: token — 
2026-05-18 02:25:05.825 | INFO     | app.main:event_stream:110 - Agent Activity — system: token — 
2026-05-18 02:25:05.828 | INFO     | app.main:event_stream:110 - Agent Activity — system: token — 
2026-05-18 02:25:05.834 | INFO     | app.main:event_stream:110 - Agent Activity — system: token — 
2026-05-18 02:25:05.836 | INFO     | app.main:event_stream:110 - Agent Activity — system: token — 
2026-05-18 02:25:05.841 | INFO     | app.main:event_stream:110 - Agent Activity — system: token — 
2026-05-18 02:25:05.843 | INFO     | app.main:event_stream:110 - Agent Activity — system: token — 
2026-05-18 02:25:05.845 | INFO     | app.main:event_stream:110 - Agent Activity — system: token — 
2026-05-18 02:25:05.849 | INFO     | app.main:event_stream:110 - Agent Activity — system: token — 
2026-05-18 02:25:05.866 | INFO     | app.main:event_stream:110 - Agent Activity — system: token — 
2026-05-18 02:25:05.878 | INFO     | app.main:event_stream:110 - Agent Activity — system: token — 
2026-05-18 02:25:05.885 | INFO     | app.main:event_stream:110 - Agent Activity — system: token — 
2026-05-18 02:25:05.889 | INFO     | app.main:event_stream:110 - Agent Activity — system: token — 
2026-05-18 02:25:05.891 | INFO     | app.main:event_stream:110 - Agent Activity — system: token — 
2026-05-18 02:25:05.893 | INFO     | app.main:event_stream:110 - Agent Activity — system: token — 
2026-05-18 02:25:05.894 | INFO     | app.main:event_stream:110 - Agent Activity — system: token — 
2026-05-18 02:25:05.899 | INFO     | app.main:event_stream:110 - Agent Activity — system: token — 
2026-05-18 02:25:05.902 | INFO     | app.main:event_stream:110 - Agent Activity — system: token — 
2026-05-18 02:25:05.907 | INFO     | app.main:event_stream:110 - Agent Activity — system: token — 
2026-05-18 02:25:05.909 | INFO     | app.main:event_stream:110 - Agent Activity — system: token — 
2026-05-18 02:25:05.911 | INFO     | app.main:event_stream:110 - Agent Activity — system: token — 
2026-05-18 02:25:05.914 | INFO     | app.main:event_stream:110 - Agent Activity — system: token — 
2026-05-18 02:25:05.916 | INFO     | app.main:event_stream:110 - Agent Activity — system: token — 
2026-05-18 02:25:05.919 | INFO     | app.main:event_stream:110 - Agent Activity — system: token — 
2026-05-18 02:25:05.922 | INFO     | app.main:event_stream:110 - Agent Activity — system: token — 
2026-05-18 02:25:05.947 | INFO     | app.main:event_stream:110 - Agent Activity — system: token — 
2026-05-18 02:25:05.956 | INFO     | app.main:event_stream:110 - Agent Activity — system: token — 
2026-05-18 02:25:05.959 | INFO     | app.main:event_stream:110 - Agent Activity — system: token — 
2026-05-18 02:25:05.965 | INFO     | app.main:event_stream:110 - Agent Activity — system: token — 
2026-05-18 02:25:05.972 | INFO     | app.main:event_stream:110 - Agent Activity — system: token — 
2026-05-18 02:25:05.974 | INFO     | app.main:event_stream:110 - Agent Activity — system: token — 
2026-05-18 02:25:05.976 | INFO     | app.main:event_stream:110 - Agent Activity — system: token — 
2026-05-18 02:25:05.980 | INFO     | app.main:event_stream:110 - Agent Activity — system: token — 
2026-05-18 02:25:05.982 | INFO     | app.main:event_stream:110 - Agent Activity — system: token — 
2026-05-18 02:25:05.984 | INFO     | app.main:event_stream:110 - Agent Activity — system: token — 
2026-05-18 02:25:05.985 | INFO     | app.main:event_stream:110 - Agent Activity — system: token — 
2026-05-18 02:25:05.988 | INFO     | app.main:event_stream:110 - Agent Activity — system: token — 
2026-05-18 02:25:05.989 | INFO     | app.main:event_stream:110 - Agent Activity — system: token — 
2026-05-18 02:25:05.991 | INFO     | app.main:event_stream:110 - Agent Activity — system: token — 
2026-05-18 02:25:05.993 | INFO     | app.main:event_stream:110 - Agent Activity — system: token — 
2026-05-18 02:25:05.996 | INFO     | app.main:event_stream:110 - Agent Activity — system: token — 
2026-05-18 02:25:06.005 | INFO     | app.main:event_stream:110 - Agent Activity — system: token — 
2026-05-18 02:25:06.016 | INFO     | app.main:event_stream:110 - Agent Activity — system: token — 
2026-05-18 02:25:06.024 | INFO     | app.main:event_stream:110 - Agent Activity — system: token — 
2026-05-18 02:25:06.026 | INFO     | app.main:event_stream:110 - Agent Activity — system: token — 
2026-05-18 02:25:06.030 | INFO     | app.main:event_stream:110 - Agent Activity — system: token — 
2026-05-18 02:25:06.038 | INFO     | app.main:event_stream:110 - Agent Activity — system: token — 
2026-05-18 02:25:06.040 | INFO     | app.main:event_stream:110 - Agent Activity — system: token — 
2026-05-18 02:25:06.043 | INFO     | app.main:event_stream:110 - Agent Activity — system: token — 
2026-05-18 02:25:06.045 | INFO     | app.main:event_stream:110 - Agent Activity — system: token — 
2026-05-18 02:25:06.048 | INFO     | app.main:event_stream:110 - Agent Activity — system: token — 
2026-05-18 02:25:06.050 | INFO     | app.main:event_stream:110 - Agent Activity — system: token — 
2026-05-18 02:25:06.053 | INFO     | app.main:event_stream:110 - Agent Activity — system: token — 
2026-05-18 02:25:06.055 | INFO     | app.main:event_stream:110 - Agent Activity — system: token — 
2026-05-18 02:25:06.056 | INFO     | app.main:event_stream:110 - Agent Activity — system: token — 
2026-05-18 02:25:06.058 | INFO     | app.main:event_stream:110 - Agent Activity — system: token — 
2026-05-18 02:25:06.059 | INFO     | app.main:event_stream:110 - Agent Activity — system: token — 
2026-05-18 02:25:06.060 | INFO     | app.main:event_stream:110 - Agent Activity — system: token — 
2026-05-18 02:25:06.064 | INFO     | app.main:event_stream:110 - Agent Activity — system: token — 
2026-05-18 02:25:06.068 | INFO     | app.main:event_stream:110 - Agent Activity — system: token — 
2026-05-18 02:25:06.070 | INFO     | app.main:event_stream:110 - Agent Activity — system: token — 
2026-05-18 02:25:06.072 | INFO     | app.main:event_stream:110 - Agent Activity — system: token — 
2026-05-18 02:25:06.074 | INFO     | app.main:event_stream:110 - Agent Activity — system: token — 
2026-05-18 02:25:06.076 | INFO     | app.main:event_stream:110 - Agent Activity — system: token — 
2026-05-18 02:25:06.080 | INFO     | app.main:event_stream:110 - Agent Activity — system: token — 
2026-05-18 02:25:06.082 | INFO     | app.main:event_stream:110 - Agent Activity — system: token — 
2026-05-18 02:25:06.085 | INFO     | app.main:event_stream:110 - Agent Activity — system: token — 
2026-05-18 02:25:06.087 | INFO     | app.main:event_stream:110 - Agent Activity — system: token — 
2026-05-18 02:25:06.089 | INFO     | app.main:event_stream:110 - Agent Activity — system: token — 
2026-05-18 02:25:06.091 | INFO     | app.main:event_stream:110 - Agent Activity — system: token — 
2026-05-18 02:25:06.094 | INFO     | app.main:event_stream:110 - Agent Activity — system: token — 
2026-05-18 02:25:06.100 | INFO     | app.main:event_stream:110 - Agent Activity — system: token — 
2026-05-18 02:25:06.105 | INFO     | app.main:event_stream:110 - Agent Activity — system: token — 
2026-05-18 02:25:06.107 | INFO     | app.main:event_stream:110 - Agent Activity — system: token — 
2026-05-18 02:25:06.109 | INFO     | app.main:event_stream:110 - Agent Activity — system: token — 
2026-05-18 02:25:06.111 | INFO     | app.main:event_stream:110 - Agent Activity — system: token — 
2026-05-18 02:25:06.121 | INFO     | app.main:event_stream:110 - Agent Activity — system: token — 
2026-05-18 02:25:06.134 | INFO     | app.main:event_stream:110 - Agent Activity — system: token — 
2026-05-18 02:25:06.143 | INFO     | app.main:event_stream:110 - Agent Activity — system: token — 
2026-05-18 02:25:06.147 | INFO     | app.main:event_stream:110 - Agent Activity — system: token — 
2026-05-18 02:25:06.153 | INFO     | app.main:event_stream:110 - Agent Activity — system: token — 
2026-05-18 02:25:06.159 | INFO     | app.main:event_stream:110 - Agent Activity — system: token — 
2026-05-18 02:25:06.164 | INFO     | app.main:event_stream:110 - Agent Activity — system: token — 
2026-05-18 02:25:06.168 | INFO     | app.main:event_stream:110 - Agent Activity — system: token — 
2026-05-18 02:25:06.172 | INFO     | app.main:event_stream:110 - Agent Activity — system: token — 
2026-05-18 02:25:06.176 | INFO     | app.main:event_stream:110 - Agent Activity — system: token — 
2026-05-18 02:25:06.178 | INFO     | app.main:event_stream:110 - Agent Activity — system: token — 
2026-05-18 02:25:06.180 | INFO     | app.main:event_stream:110 - Agent Activity — system: token — 
2026-05-18 02:25:06.185 | INFO     | app.main:event_stream:110 - Agent Activity — system: token — 
2026-05-18 02:25:06.187 | INFO     | app.main:event_stream:110 - Agent Activity — system: token — 
2026-05-18 02:25:06.188 | INFO     | app.main:event_stream:110 - Agent Activity — system: token — 
2026-05-18 02:25:06.191 | INFO     | app.main:event_stream:110 - Agent Activity — system: token — 
2026-05-18 02:25:06.192 | INFO     | app.main:event_stream:110 - Agent Activity — system: token — 
2026-05-18 02:25:06.194 | INFO     | app.main:event_stream:110 - Agent Activity — system: token — 
2026-05-18 02:25:06.198 | INFO     | app.main:event_stream:110 - Agent Activity — system: token — 
2026-05-18 02:25:06.203 | INFO     | app.main:event_stream:110 - Agent Activity — system: token — 
2026-05-18 02:25:06.207 | INFO     | app.main:event_stream:110 - Agent Activity — system: token — 
2026-05-18 02:25:06.210 | INFO     | app.main:event_stream:110 - Agent Activity — system: token — 
2026-05-18 02:25:06.214 | INFO     | app.main:event_stream:110 - Agent Activity — system: token — 
2026-05-18 02:25:06.218 | INFO     | app.main:event_stream:110 - Agent Activity — system: token — 
2026-05-18 02:25:06.223 | INFO     | app.main:event_stream:110 - Agent Activity — system: token — 
2026-05-18 02:25:06.226 | INFO     | app.main:event_stream:110 - Agent Activity — system: token — 
2026-05-18 02:25:06.231 | INFO     | app.main:event_stream:110 - Agent Activity — system: token — 
2026-05-18 02:25:06.235 | INFO     | app.main:event_stream:110 - Agent Activity — system: token — 
2026-05-18 02:25:06.239 | INFO     | app.main:event_stream:110 - Agent Activity — system: token — 
2026-05-18 02:25:06.241 | INFO     | app.main:event_stream:110 - Agent Activity — system: token — 
2026-05-18 02:25:06.243 | INFO     | app.main:event_stream:110 - Agent Activity — system: token — 
2026-05-18 02:25:06.245 | INFO     | app.main:event_stream:110 - Agent Activity — system: token — 
2026-05-18 02:25:06.247 | INFO     | app.main:event_stream:110 - Agent Activity — system: token — 
2026-05-18 02:25:06.252 | INFO     | app.main:event_stream:110 - Agent Activity — system: token — 
2026-05-18 02:25:06.254 | INFO     | app.main:event_stream:110 - Agent Activity — system: token — 
2026-05-18 02:25:06.259 | INFO     | app.main:event_stream:110 - Agent Activity — system: token — 
2026-05-18 02:25:06.261 | INFO     | app.main:event_stream:110 - Agent Activity — system: token — 
2026-05-18 02:25:06.268 | INFO     | app.main:event_stream:110 - Agent Activity — system: token — 
2026-05-18 02:25:06.286 | INFO     | app.main:event_stream:110 - Agent Activity — system: token — 
2026-05-18 02:25:06.290 | INFO     | app.main:event_stream:110 - Agent Activity — system: token — 
2026-05-18 02:25:06.293 | INFO     | app.main:event_stream:110 - Agent Activity — system: token — 
2026-05-18 02:25:06.300 | INFO     | app.main:event_stream:110 - Agent Activity — system: token — 
2026-05-18 02:25:06.308 | INFO     | app.main:event_stream:110 - Agent Activity — system: token — 
2026-05-18 02:25:06.313 | INFO     | app.main:event_stream:110 - Agent Activity — system: token — 
2026-05-18 02:25:06.317 | INFO     | app.main:event_stream:110 - Agent Activity — system: token — 
2026-05-18 02:25:06.321 | INFO     | app.main:event_stream:110 - Agent Activity — system: token — 
2026-05-18 02:25:06.327 | INFO     | app.main:event_stream:110 - Agent Activity — system: token — 
2026-05-18 02:25:06.330 | INFO     | app.main:event_stream:110 - Agent Activity — system: token — 
2026-05-18 02:25:06.334 | INFO     | app.main:event_stream:110 - Agent Activity — system: token — 
2026-05-18 02:25:06.343 | INFO     | app.main:event_stream:110 - Agent Activity — system: token — 
2026-05-18 02:25:06.346 | INFO     | app.main:event_stream:110 - Agent Activity — system: token — 
2026-05-18 02:25:06.348 | INFO     | app.main:event_stream:110 - Agent Activity — system: token — 
2026-05-18 02:25:06.352 | INFO     | app.main:event_stream:110 - Agent Activity — system: token — 
2026-05-18 02:25:06.355 | INFO     | app.main:event_stream:110 - Agent Activity — system: token — 
2026-05-18 02:25:06.358 | INFO     | app.main:event_stream:110 - Agent Activity — system: token — 
2026-05-18 02:25:06.360 | INFO     | app.main:event_stream:110 - Agent Activity — system: token — 
2026-05-18 02:25:06.363 | INFO     | app.main:event_stream:110 - Agent Activity — system: token — 
2026-05-18 02:25:06.367 | INFO     | app.main:event_stream:110 - Agent Activity — market: agent_start — Finding cross-platform deals for Asus Vivobook Go 15 Amd Ryzen ...
2026-05-18 02:25:06.371 | INFO     | app.agents.market_agent:find_best_deals:233 - Finding best deals for: Asus Vivobook Go 15 Amd Ryzen Quad Core
2026-05-18 02:25:09.230 | INFO     | app.services.search_service:search_deals_for_product:236 - Deal search returned 8 results for 'Asus Vivobook Go 15 Amd Ryzen Quad Core'
2026-05-18 02:25:11.520 | INFO     | app.main:event_stream:110 - Agent Activity — market: agent_complete — Found 1 cross-platform deals
2026-05-18 02:25:11.522 | INFO     | app.main:event_stream:110 - Agent Activity — system: final_result — Research complete! See the dashboard for details.
2026-05-18 02:25:11.530 | INFO     | app.main:event_stream:110 - Agent Activity — system: done — 
2026-05-18 02:26:59.873 | INFO     | app.main:lifespan:42 - 👋 VeriBuy Backend shutting down
2026-05-18 02:27:08.121 | INFO     | app.main:lifespan:32 - 🚀 VeriBuy Backend starting...
2026-05-18 02:27:08.122 | INFO     | app.main:lifespan:37 - ✅ Ollama connected — model: qwen3:0.6b
2026-05-18 02:27:25.169 | INFO     | app.main:lifespan:42 - 👋 VeriBuy Backend shutting down
2026-05-18 02:27:29.053 | INFO     | app.main:lifespan:32 - 🚀 VeriBuy Backend starting...
2026-05-18 02:27:29.054 | INFO     | app.main:lifespan:37 - ✅ Ollama connected — model: qwen3:0.6b
2026-05-18 02:28:19.956 | INFO     | app.main:chat:86 - User queried: Best coding laptops with 32GB RAM
2026-05-18 02:28:19.970 | INFO     | app.main:event_stream:110 - Agent Activity — intent: agent_start — Understanding your requirements...
2026-05-18 02:28:19.995 | INFO     | app.agents.graph:intent_node:28 - Graph: Running intent node
2026-05-18 02:28:24.541 | DEBUG    | app.agents.intent_agent:run_intent_agent:72 - Intent chain raw response: {
  "product_category": "laptop",
  "product_name": null,
  "specifications": ["32GB RAM"],
  "budget_range": {"min_price": 0, "max_price": 999999, "currency": "INR"},
  "usage_context": "general",
  "brand_preferences": [],
  "urgency": "can_wait",
  "is_specific_product": false,
  "is_complete": f
2026-05-18 02:28:24.542 | INFO     | app.agents.intent_agent:run_intent_agent:78 - Intent extracted: category=laptop, specific=False, complete=False, confidence=0.8
2026-05-18 02:28:24.548 | INFO     | app.main:event_stream:110 - Agent Activity — intent: agent_complete — Identified: laptop
2026-05-18 02:28:24.549 | INFO     | app.main:event_stream:110 - Agent Activity — intent: followup_needed — I need a bit more info: What is your budget for the laptop?
2026-05-18 02:28:24.557 | INFO     | app.main:event_stream:110 - Agent Activity — system: done — 
2026-05-18 02:29:17.451 | INFO     | app.main:chat:86 - User queried: 140000 INR
2026-05-18 02:29:17.456 | INFO     | app.main:event_stream:110 - Agent Activity — intent: agent_start — Understanding your requirements...
2026-05-18 02:29:17.469 | INFO     | app.agents.graph:intent_node:28 - Graph: Running intent node
2026-05-18 02:29:20.490 | DEBUG    | app.agents.intent_agent:run_intent_agent:72 - Intent chain raw response: {
  "product_category": "laptop",
  "product_name": null,
  "specifications": ["32GB RAM"],
  "budget_range": {"min_price": 0, "max_price": 140000, "currency": "INR"},
  "usage_context": "general",
  "brand_preferences": [],
  "urgency": "can_wait",
  "is_specific_product": false,
  "is_complete": t
2026-05-18 02:29:20.491 | INFO     | app.agents.intent_agent:run_intent_agent:78 - Intent extracted: category=laptop, specific=False, complete=True, confidence=0.8
2026-05-18 02:29:20.499 | INFO     | app.main:event_stream:110 - Agent Activity — intent: agent_complete — Identified: laptop
2026-05-18 02:29:20.502 | INFO     | app.main:event_stream:110 - Agent Activity — market: agent_start — Searching across platforms...
2026-05-18 02:29:20.506 | INFO     | app.main:event_stream:110 - Agent Activity — reddit: agent_start — Scanning Reddit discussions...
2026-05-18 02:29:20.509 | INFO     | app.main:event_stream:110 - Agent Activity — youtube: agent_start — Analyzing YouTube reviews...
2026-05-18 02:29:20.515 | INFO     | app.agents.graph:market_node:43 - Graph: Running market node
2026-05-18 02:29:20.516 | INFO     | app.agents.market_agent:run_market_agent:126 - Market agent searching: 'laptop 32GB RAM under 140000 INR India buy'
2026-05-18 02:29:20.518 | INFO     | app.services.search_service:search_products:81 - Searching products via Serper API: laptop 32GB RAM under 140000 INR India buy
2026-05-18 02:29:20.520 | INFO     | app.agents.graph:reddit_node:57 - Graph: Running reddit node
2026-05-18 02:29:20.521 | INFO     | app.agents.reddit_agent.reddit_agent:run_reddit_agent:106 - Reddit Agent: Searching ['GadgetsIndia', 'IndianGaming', 'LaptopDealsIndia', 'SuggestALaptop'] for 'laptop review India'
2026-05-18 02:29:20.524 | INFO     | app.agents.graph:youtube_node:69 - Graph: Running youtube node
2026-05-18 02:29:20.534 | INFO     | app.agents.youtube_agent.youtube_agent:run_youtube_agent:154 - YouTube Agent: Searching top long-form videos for 'laptop'
2026-05-18 02:29:23.249 | INFO     | app.agents.reddit_agent.reddit_agent:run_reddit_agent:114 - Fetching thread: Need Laptop Suggestions and Reviews from users for this laptop.
2026-05-18 02:29:25.142 | INFO     | app.agents.reddit_agent.reddit_agent:run_reddit_agent:114 - Fetching thread: The worst choice I ever made was buying a Gigabyte laptop in India
2026-05-18 02:29:26.948 | INFO     | app.agents.reddit_agent.reddit_agent:run_reddit_agent:114 - Fetching thread: Recently bought a laptop from r/lestic. Review after 10 days - Reddit
2026-05-18 02:29:28.718 | INFO     | app.services.search_service:search_youtube_videos:392 - Serper YouTube search returned 12 ranked videos for 'laptop'
2026-05-18 02:29:28.719 | INFO     | app.agents.youtube_agent.youtube_agent:run_youtube_agent:165 - Fetching transcript for video: The Best Laptops For Students in 2026 (Affordable Editon)
2026-05-18 02:29:30.841 | INFO     | app.agents.youtube_agent.youtube_agent:run_youtube_agent:165 - Fetching transcript for video: Best Laptops 2026 | HP vs Dell vs MSI vs Lenovo vs Acer vs ...
2026-05-18 02:29:33.119 | INFO     | app.agents.youtube_agent.youtube_agent:run_youtube_agent:165 - Fetching transcript for video: Laptop Buying Guide 2026 - Don't Waste Your Money!
2026-05-18 02:29:35.537 | INFO     | app.agents.youtube_agent.youtube_agent:run_youtube_agent:165 - Fetching transcript for video: The Best Laptops of 2025
2026-05-18 02:29:37.598 | INFO     | app.agents.youtube_agent.youtube_agent:run_youtube_agent:165 - Fetching transcript for video: Top 10 Best Looking Laptops of 2025
2026-05-18 02:29:39.696 | INFO     | app.agents.youtube_agent.youtube_agent:run_youtube_agent:165 - Fetching transcript for video: Best Student Laptops 2025 – Ultimate Buyer's Guide!
2026-05-18 02:29:41.998 | INFO     | app.agents.youtube_agent.youtube_agent:run_youtube_agent:165 - Fetching transcript for video: The Best Laptops to Buy in 2025
2026-05-18 02:29:43.835 | INFO     | app.agents.youtube_agent.youtube_agent:run_youtube_agent:165 - Fetching transcript for video: (2025) Best Design Laptops | Design Laptop Buyers Guide
2026-05-18 02:29:45.646 | INFO     | app.agents.youtube_agent.youtube_agent:run_youtube_agent:165 - Fetching transcript for video: Top 10 Laptops for Battery Life! – We Tested 100+ - YouTube
2026-05-18 02:29:47.516 | INFO     | app.agents.youtube_agent.youtube_agent:run_youtube_agent:165 - Fetching transcript for video: 5 Best Student Laptops 2026 | Top Laptops for School & College
2026-05-18 02:29:49.782 | INFO     | app.services.search_service:search_products:195 - Serper API returned 50 results (43 with parsed prices).
2026-05-18 02:29:49.814 | INFO     | app.main:event_stream:110 - Agent Activity — reddit: agent_complete — Analyzed 3 Reddit threads
2026-05-18 02:29:54.618 | ERROR    | app.agents.market_agent:run_market_agent:204 - Market agent analysis error: (Request ID: Root=1-6a0a2c48-47879de54defdab14843f677;a95dce86-6e3c-4a00-a93e-57bd431c4aca)

Bad request:
2026-05-18 02:29:54.629 | INFO     | app.agents.market_agent:run_market_agent:207 - Recovered 5 products from raw search result prices after LLM failure
2026-05-18 02:29:54.642 | INFO     | app.main:event_stream:110 - Agent Activity — market: agent_complete — Found 5 products
2026-05-18 02:30:02.362 | ERROR    | app.services.llm_service:parse_and_validate:102 - JSON repair failed: Expecting value: line 1 column 1 (char 0)
2026-05-18 02:30:02.363 | ERROR    | app.agents.youtube_agent.youtube_agent:run_youtube_agent:210 - YouTube transcript analysis failed: Could not parse JSON from LLM response: Based on the provided transcripts, here's a synthesis of the collective recommendations from the creators:

**Summary**
The creators collectively recommend laptops that prioritize performance, battery life, and portability. They emphasize the importance of considering specific needs, such as creativ
2026-05-18 02:30:02.365 | INFO     | app.main:event_stream:110 - Agent Activity — youtube: agent_complete — Analyzed 10 YouTube videos
2026-05-18 02:30:02.367 | INFO     | app.main:event_stream:110 - Agent Activity — system: token — 
2026-05-18 02:30:02.370 | INFO     | app.main:event_stream:110 - Agent Activity — system: token — 
2026-05-18 02:30:02.376 | INFO     | app.main:event_stream:110 - Agent Activity — system: token — 
2026-05-18 02:30:02.379 | INFO     | app.main:event_stream:110 - Agent Activity — system: token — 
2026-05-18 02:30:02.384 | INFO     | app.main:event_stream:110 - Agent Activity — system: token — 
2026-05-18 02:30:02.394 | INFO     | app.main:event_stream:110 - Agent Activity — system: token — 
2026-05-18 02:30:02.396 | INFO     | app.main:event_stream:110 - Agent Activity — system: token — 
2026-05-18 02:30:02.398 | INFO     | app.main:event_stream:110 - Agent Activity — system: token — 
2026-05-18 02:30:02.399 | INFO     | app.main:event_stream:110 - Agent Activity — system: token — 
2026-05-18 02:30:02.400 | INFO     | app.main:event_stream:110 - Agent Activity — system: token — 
2026-05-18 02:30:02.403 | INFO     | app.main:event_stream:110 - Agent Activity — system: token — 
2026-05-18 02:30:02.405 | INFO     | app.main:event_stream:110 - Agent Activity — system: token — 
2026-05-18 02:30:02.407 | INFO     | app.main:event_stream:110 - Agent Activity — system: token — 
2026-05-18 02:30:02.408 | INFO     | app.main:event_stream:110 - Agent Activity — system: token — 
2026-05-18 02:30:02.410 | INFO     | app.main:event_stream:110 - Agent Activity — system: token — 
2026-05-18 02:30:02.412 | INFO     | app.main:event_stream:110 - Agent Activity — system: token — 
2026-05-18 02:30:02.413 | INFO     | app.main:event_stream:110 - Agent Activity — system: token — 
2026-05-18 02:30:02.415 | INFO     | app.main:event_stream:110 - Agent Activity — system: token — 
2026-05-18 02:30:02.416 | INFO     | app.main:event_stream:110 - Agent Activity — system: token — 
2026-05-18 02:30:02.417 | INFO     | app.main:event_stream:110 - Agent Activity — system: token — 
2026-05-18 02:30:02.420 | INFO     | app.main:event_stream:110 - Agent Activity — system: token — 
2026-05-18 02:30:02.422 | INFO     | app.main:event_stream:110 - Agent Activity — system: token — 
2026-05-18 02:30:02.424 | INFO     | app.main:event_stream:110 - Agent Activity — system: token — 
2026-05-18 02:30:02.425 | INFO     | app.main:event_stream:110 - Agent Activity — system: token — 
2026-05-18 02:30:02.427 | INFO     | app.main:event_stream:110 - Agent Activity — system: token — 
2026-05-18 02:30:02.428 | INFO     | app.main:event_stream:110 - Agent Activity — system: token — 
2026-05-18 02:30:02.431 | INFO     | app.main:event_stream:110 - Agent Activity — system: token — 
2026-05-18 02:30:02.433 | INFO     | app.main:event_stream:110 - Agent Activity — system: token — 
2026-05-18 02:30:02.435 | INFO     | app.main:event_stream:110 - Agent Activity — system: token — 
2026-05-18 02:30:02.436 | INFO     | app.main:event_stream:110 - Agent Activity — system: token — 
2026-05-18 02:30:02.436 | INFO     | app.main:event_stream:110 - Agent Activity — system: token — 
2026-05-18 02:30:02.438 | INFO     | app.main:event_stream:110 - Agent Activity — system: token — 
2026-05-18 02:30:02.440 | INFO     | app.main:event_stream:110 - Agent Activity — system: token — 
2026-05-18 02:30:02.441 | INFO     | app.main:event_stream:110 - Agent Activity — system: token — 
2026-05-18 02:30:02.443 | INFO     | app.main:event_stream:110 - Agent Activity — system: token — 
2026-05-18 02:30:02.444 | INFO     | app.main:event_stream:110 - Agent Activity — system: token — 
2026-05-18 02:30:02.445 | INFO     | app.main:event_stream:110 - Agent Activity — system: token — 
2026-05-18 02:30:02.446 | INFO     | app.main:event_stream:110 - Agent Activity — system: token — 
2026-05-18 02:30:02.449 | INFO     | app.main:event_stream:110 - Agent Activity — system: token — 
2026-05-18 02:30:02.450 | INFO     | app.main:event_stream:110 - Agent Activity — system: token — 
2026-05-18 02:30:02.451 | INFO     | app.main:event_stream:110 - Agent Activity — system: token — 
2026-05-18 02:30:02.452 | INFO     | app.main:event_stream:110 - Agent Activity — system: token — 
2026-05-18 02:30:02.454 | INFO     | app.main:event_stream:110 - Agent Activity — system: token — 
2026-05-18 02:30:02.455 | INFO     | app.main:event_stream:110 - Agent Activity — system: token — 
2026-05-18 02:30:02.457 | INFO     | app.main:event_stream:110 - Agent Activity — system: token — 
2026-05-18 02:30:02.458 | INFO     | app.main:event_stream:110 - Agent Activity — system: token — 
2026-05-18 02:30:02.460 | INFO     | app.main:event_stream:110 - Agent Activity — system: token — 
2026-05-18 02:30:02.460 | INFO     | app.main:event_stream:110 - Agent Activity — system: token — 
2026-05-18 02:30:02.461 | INFO     | app.main:event_stream:110 - Agent Activity — system: token — 
2026-05-18 02:30:02.462 | INFO     | app.main:event_stream:110 - Agent Activity — system: token — 
2026-05-18 02:30:02.463 | INFO     | app.main:event_stream:110 - Agent Activity — system: token — 
2026-05-18 02:30:02.464 | INFO     | app.main:event_stream:110 - Agent Activity — system: token — 
2026-05-18 02:30:02.465 | INFO     | app.main:event_stream:110 - Agent Activity — system: token — 
2026-05-18 02:30:02.465 | INFO     | app.main:event_stream:110 - Agent Activity — system: token — 
2026-05-18 02:30:02.466 | INFO     | app.main:event_stream:110 - Agent Activity — system: token — 
2026-05-18 02:30:02.467 | INFO     | app.main:event_stream:110 - Agent Activity — system: token — 
2026-05-18 02:30:02.468 | INFO     | app.main:event_stream:110 - Agent Activity — system: token — 
2026-05-18 02:30:02.470 | INFO     | app.main:event_stream:110 - Agent Activity — system: token — 
2026-05-18 02:30:02.473 | INFO     | app.main:event_stream:110 - Agent Activity — system: token — 
2026-05-18 02:30:02.479 | INFO     | app.main:event_stream:110 - Agent Activity — system: token — 
2026-05-18 02:30:02.481 | INFO     | app.main:event_stream:110 - Agent Activity — system: token — 
2026-05-18 02:30:02.482 | INFO     | app.main:event_stream:110 - Agent Activity — system: token — 
2026-05-18 02:30:02.483 | INFO     | app.main:event_stream:110 - Agent Activity — system: token — 
2026-05-18 02:30:02.484 | INFO     | app.main:event_stream:110 - Agent Activity — system: token — 
2026-05-18 02:30:02.485 | INFO     | app.main:event_stream:110 - Agent Activity — system: token — 
2026-05-18 02:30:02.487 | INFO     | app.main:event_stream:110 - Agent Activity — system: token — 
2026-05-18 02:30:02.488 | INFO     | app.main:event_stream:110 - Agent Activity — system: token — 
2026-05-18 02:30:02.489 | INFO     | app.main:event_stream:110 - Agent Activity — system: token — 
2026-05-18 02:30:02.491 | INFO     | app.main:event_stream:110 - Agent Activity — system: token — 
2026-05-18 02:30:02.494 | INFO     | app.main:event_stream:110 - Agent Activity — system: token — 
2026-05-18 02:30:02.495 | INFO     | app.main:event_stream:110 - Agent Activity — system: token — 
2026-05-18 02:30:02.496 | INFO     | app.main:event_stream:110 - Agent Activity — system: token — 
2026-05-18 02:30:02.497 | INFO     | app.main:event_stream:110 - Agent Activity — system: token — 
2026-05-18 02:30:02.498 | INFO     | app.main:event_stream:110 - Agent Activity — system: token — 
2026-05-18 02:30:02.499 | INFO     | app.main:event_stream:110 - Agent Activity — system: token — 
2026-05-18 02:30:02.500 | INFO     | app.main:event_stream:110 - Agent Activity — system: token — 
2026-05-18 02:30:02.501 | INFO     | app.main:event_stream:110 - Agent Activity — system: token — 
2026-05-18 02:30:02.501 | INFO     | app.main:event_stream:110 - Agent Activity — system: token — 
2026-05-18 02:30:02.503 | INFO     | app.main:event_stream:110 - Agent Activity — system: token — 
2026-05-18 02:30:02.505 | INFO     | app.main:event_stream:110 - Agent Activity — system: token — 
2026-05-18 02:30:02.508 | INFO     | app.main:event_stream:110 - Agent Activity — system: token — 
2026-05-18 02:30:02.510 | INFO     | app.main:event_stream:110 - Agent Activity — system: token — 
2026-05-18 02:30:02.511 | INFO     | app.main:event_stream:110 - Agent Activity — system: token — 
2026-05-18 02:30:02.512 | INFO     | app.main:event_stream:110 - Agent Activity — system: token — 
2026-05-18 02:30:02.513 | INFO     | app.main:event_stream:110 - Agent Activity — system: token — 
2026-05-18 02:30:02.514 | INFO     | app.main:event_stream:110 - Agent Activity — system: token — 
2026-05-18 02:30:02.515 | INFO     | app.main:event_stream:110 - Agent Activity — system: token — 
2026-05-18 02:30:02.516 | INFO     | app.main:event_stream:110 - Agent Activity — system: token — 
2026-05-18 02:30:02.518 | INFO     | app.main:event_stream:110 - Agent Activity — system: token — 
2026-05-18 02:30:02.520 | INFO     | app.main:event_stream:110 - Agent Activity — system: token — 
2026-05-18 02:30:02.524 | INFO     | app.main:event_stream:110 - Agent Activity — system: token — 
2026-05-18 02:30:02.527 | INFO     | app.main:event_stream:110 - Agent Activity — system: token — 
2026-05-18 02:30:02.533 | INFO     | app.main:event_stream:110 - Agent Activity — system: token — 
2026-05-18 02:30:02.536 | INFO     | app.main:event_stream:110 - Agent Activity — system: token — 
2026-05-18 02:30:02.538 | INFO     | app.main:event_stream:110 - Agent Activity — system: token — 
2026-05-18 02:30:02.540 | INFO     | app.main:event_stream:110 - Agent Activity — system: token — 
2026-05-18 02:30:02.543 | INFO     | app.main:event_stream:110 - Agent Activity — system: token — 
2026-05-18 02:30:02.544 | INFO     | app.main:event_stream:110 - Agent Activity — system: token — 
2026-05-18 02:30:02.546 | INFO     | app.main:event_stream:110 - Agent Activity — system: token — 
2026-05-18 02:30:02.548 | INFO     | app.main:event_stream:110 - Agent Activity — system: token — 
2026-05-18 02:30:02.549 | INFO     | app.main:event_stream:110 - Agent Activity — system: token — 
2026-05-18 02:30:02.550 | INFO     | app.main:event_stream:110 - Agent Activity — system: token — 
2026-05-18 02:30:02.551 | INFO     | app.main:event_stream:110 - Agent Activity — system: token — 
2026-05-18 02:30:02.552 | INFO     | app.main:event_stream:110 - Agent Activity — system: token — 
2026-05-18 02:30:02.554 | INFO     | app.main:event_stream:110 - Agent Activity — system: token — 
2026-05-18 02:30:02.556 | INFO     | app.main:event_stream:110 - Agent Activity — system: token — 
2026-05-18 02:30:02.557 | INFO     | app.main:event_stream:110 - Agent Activity — system: token — 
2026-05-18 02:30:02.559 | INFO     | app.main:event_stream:110 - Agent Activity — system: token — 
2026-05-18 02:30:02.560 | INFO     | app.main:event_stream:110 - Agent Activity — system: token — 
2026-05-18 02:30:02.561 | INFO     | app.main:event_stream:110 - Agent Activity — system: token — 
2026-05-18 02:30:02.562 | INFO     | app.main:event_stream:110 - Agent Activity — system: token — 
2026-05-18 02:30:02.563 | INFO     | app.main:event_stream:110 - Agent Activity — system: token — 
2026-05-18 02:30:02.564 | INFO     | app.main:event_stream:110 - Agent Activity — system: token — 
2026-05-18 02:30:02.564 | INFO     | app.main:event_stream:110 - Agent Activity — system: token — 
2026-05-18 02:30:02.565 | INFO     | app.main:event_stream:110 - Agent Activity — system: token — 
2026-05-18 02:30:02.566 | INFO     | app.main:event_stream:110 - Agent Activity — system: token — 
2026-05-18 02:30:02.568 | INFO     | app.main:event_stream:110 - Agent Activity — system: token — 
2026-05-18 02:30:02.569 | INFO     | app.main:event_stream:110 - Agent Activity — system: token — 
2026-05-18 02:30:02.572 | INFO     | app.main:event_stream:110 - Agent Activity — system: token — 
2026-05-18 02:30:02.573 | INFO     | app.main:event_stream:110 - Agent Activity — system: token — 
2026-05-18 02:30:02.576 | INFO     | app.main:event_stream:110 - Agent Activity — system: token — 
2026-05-18 02:30:02.578 | INFO     | app.main:event_stream:110 - Agent Activity — system: token — 
2026-05-18 02:30:02.584 | INFO     | app.main:event_stream:110 - Agent Activity — system: token — 
2026-05-18 02:30:02.586 | INFO     | app.main:event_stream:110 - Agent Activity — system: token — 
2026-05-18 02:30:02.588 | INFO     | app.main:event_stream:110 - Agent Activity — system: token — 
2026-05-18 02:30:02.591 | INFO     | app.main:event_stream:110 - Agent Activity — system: token — 
2026-05-18 02:30:02.592 | INFO     | app.main:event_stream:110 - Agent Activity — system: token — 
2026-05-18 02:30:02.595 | INFO     | app.main:event_stream:110 - Agent Activity — system: token — 
2026-05-18 02:30:02.597 | INFO     | app.main:event_stream:110 - Agent Activity — system: token — 
2026-05-18 02:30:02.597 | INFO     | app.main:event_stream:110 - Agent Activity — system: token — 
2026-05-18 02:30:02.598 | INFO     | app.main:event_stream:110 - Agent Activity — system: token — 
2026-05-18 02:30:02.599 | INFO     | app.main:event_stream:110 - Agent Activity — system: token — 
2026-05-18 02:30:02.600 | INFO     | app.main:event_stream:110 - Agent Activity — system: token — 
2026-05-18 02:30:02.602 | INFO     | app.main:event_stream:110 - Agent Activity — system: token — 
2026-05-18 02:30:02.603 | INFO     | app.main:event_stream:110 - Agent Activity — system: token — 
2026-05-18 02:30:02.605 | INFO     | app.main:event_stream:110 - Agent Activity — system: token — 
2026-05-18 02:30:02.607 | INFO     | app.main:event_stream:110 - Agent Activity — system: token — 
2026-05-18 02:30:02.609 | INFO     | app.main:event_stream:110 - Agent Activity — system: token — 
2026-05-18 02:30:02.611 | INFO     | app.main:event_stream:110 - Agent Activity — system: token — 
2026-05-18 02:30:02.612 | INFO     | app.main:event_stream:110 - Agent Activity — system: token — 
2026-05-18 02:30:02.612 | INFO     | app.main:event_stream:110 - Agent Activity — system: token — 
2026-05-18 02:30:02.613 | INFO     | app.main:event_stream:110 - Agent Activity — system: token — 
2026-05-18 02:30:02.614 | INFO     | app.main:event_stream:110 - Agent Activity — system: token — 
2026-05-18 02:30:02.615 | INFO     | app.main:event_stream:110 - Agent Activity — system: token — 
2026-05-18 02:30:02.616 | INFO     | app.main:event_stream:110 - Agent Activity — system: token — 
2026-05-18 02:30:02.616 | INFO     | app.main:event_stream:110 - Agent Activity — system: token — 
2026-05-18 02:30:02.617 | INFO     | app.main:event_stream:110 - Agent Activity — system: token — 
2026-05-18 02:30:02.618 | INFO     | app.main:event_stream:110 - Agent Activity — system: token — 
2026-05-18 02:30:02.619 | INFO     | app.main:event_stream:110 - Agent Activity — system: token — 
2026-05-18 02:30:02.621 | INFO     | app.main:event_stream:110 - Agent Activity — system: token — 
2026-05-18 02:30:02.622 | INFO     | app.main:event_stream:110 - Agent Activity — system: token — 
2026-05-18 02:30:02.623 | INFO     | app.main:event_stream:110 - Agent Activity — system: token — 
2026-05-18 02:30:02.624 | INFO     | app.main:event_stream:110 - Agent Activity — system: token — 
2026-05-18 02:30:02.625 | INFO     | app.main:event_stream:110 - Agent Activity — system: token — 
2026-05-18 02:30:02.627 | INFO     | app.main:event_stream:110 - Agent Activity — system: token — 
2026-05-18 02:30:02.629 | INFO     | app.main:event_stream:110 - Agent Activity — system: token — 
2026-05-18 02:30:02.633 | INFO     | app.main:event_stream:110 - Agent Activity — system: token — 
2026-05-18 02:30:02.635 | INFO     | app.main:event_stream:110 - Agent Activity — system: token — 
2026-05-18 02:30:02.637 | INFO     | app.main:event_stream:110 - Agent Activity — system: token — 
2026-05-18 02:30:02.639 | INFO     | app.main:event_stream:110 - Agent Activity — system: token — 
2026-05-18 02:30:02.641 | INFO     | app.main:event_stream:110 - Agent Activity — system: token — 
2026-05-18 02:30:02.643 | INFO     | app.main:event_stream:110 - Agent Activity — system: token — 
2026-05-18 02:30:02.645 | INFO     | app.main:event_stream:110 - Agent Activity — system: token — 
2026-05-18 02:30:02.646 | INFO     | app.main:event_stream:110 - Agent Activity — system: token — 
2026-05-18 02:30:02.647 | INFO     | app.main:event_stream:110 - Agent Activity — system: token — 
2026-05-18 02:30:02.648 | INFO     | app.main:event_stream:110 - Agent Activity — system: token — 
2026-05-18 02:30:02.648 | INFO     | app.main:event_stream:110 - Agent Activity — system: token — 
2026-05-18 02:30:02.649 | INFO     | app.main:event_stream:110 - Agent Activity — system: token — 
2026-05-18 02:30:02.650 | INFO     | app.main:event_stream:110 - Agent Activity — system: token — 
2026-05-18 02:30:02.651 | INFO     | app.main:event_stream:110 - Agent Activity — system: token — 
2026-05-18 02:30:02.652 | INFO     | app.main:event_stream:110 - Agent Activity — system: token — 
2026-05-18 02:30:02.653 | INFO     | app.main:event_stream:110 - Agent Activity — system: token — 
2026-05-18 02:30:02.655 | INFO     | app.main:event_stream:110 - Agent Activity — system: token — 
2026-05-18 02:30:02.656 | INFO     | app.main:event_stream:110 - Agent Activity — system: token — 
2026-05-18 02:30:02.657 | INFO     | app.main:event_stream:110 - Agent Activity — system: token — 
2026-05-18 02:30:02.658 | INFO     | app.main:event_stream:110 - Agent Activity — system: token — 
2026-05-18 02:30:02.659 | INFO     | app.main:event_stream:110 - Agent Activity — system: token — 
2026-05-18 02:30:02.660 | INFO     | app.main:event_stream:110 - Agent Activity — system: token — 
2026-05-18 02:30:02.660 | INFO     | app.main:event_stream:110 - Agent Activity — system: token — 
2026-05-18 02:30:02.661 | INFO     | app.main:event_stream:110 - Agent Activity — system: token — 
2026-05-18 02:30:02.662 | INFO     | app.main:event_stream:110 - Agent Activity — system: token — 
2026-05-18 02:30:02.662 | INFO     | app.main:event_stream:110 - Agent Activity — system: token — 
2026-05-18 02:30:02.663 | INFO     | app.main:event_stream:110 - Agent Activity — system: token — 
2026-05-18 02:30:02.664 | INFO     | app.main:event_stream:110 - Agent Activity — system: token — 
2026-05-18 02:30:02.665 | INFO     | app.main:event_stream:110 - Agent Activity — system: token — 
2026-05-18 02:30:02.666 | INFO     | app.main:event_stream:110 - Agent Activity — system: token — 
2026-05-18 02:30:02.672 | INFO     | app.main:event_stream:110 - Agent Activity — system: token — 
2026-05-18 02:30:02.674 | INFO     | app.main:event_stream:110 - Agent Activity — system: token — 
2026-05-18 02:30:02.677 | INFO     | app.main:event_stream:110 - Agent Activity — system: token — 
2026-05-18 02:30:02.679 | INFO     | app.main:event_stream:110 - Agent Activity — system: token — 
2026-05-18 02:30:02.687 | INFO     | app.main:event_stream:110 - Agent Activity — system: token — 
2026-05-18 02:30:02.692 | INFO     | app.main:event_stream:110 - Agent Activity — system: token — 
2026-05-18 02:30:02.695 | INFO     | app.main:event_stream:110 - Agent Activity — system: token — 
2026-05-18 02:30:02.697 | INFO     | app.main:event_stream:110 - Agent Activity — system: token — 
2026-05-18 02:30:02.699 | INFO     | app.main:event_stream:110 - Agent Activity — system: token — 
2026-05-18 02:30:02.701 | INFO     | app.main:event_stream:110 - Agent Activity — system: token — 
2026-05-18 02:30:02.702 | INFO     | app.main:event_stream:110 - Agent Activity — system: token — 
2026-05-18 02:30:02.703 | INFO     | app.main:event_stream:110 - Agent Activity — system: token — 
2026-05-18 02:30:02.705 | INFO     | app.main:event_stream:110 - Agent Activity — system: token — 
2026-05-18 02:30:02.707 | INFO     | app.main:event_stream:110 - Agent Activity — system: token — 
2026-05-18 02:30:02.708 | INFO     | app.main:event_stream:110 - Agent Activity — system: token — 
2026-05-18 02:30:02.709 | INFO     | app.main:event_stream:110 - Agent Activity — system: token — 
2026-05-18 02:30:02.710 | INFO     | app.main:event_stream:110 - Agent Activity — system: token — 
2026-05-18 02:30:02.711 | INFO     | app.main:event_stream:110 - Agent Activity — system: token — 
2026-05-18 02:30:02.712 | INFO     | app.main:event_stream:110 - Agent Activity — system: token — 
2026-05-18 02:30:02.713 | INFO     | app.main:event_stream:110 - Agent Activity — system: token — 
2026-05-18 02:30:02.714 | INFO     | app.main:event_stream:110 - Agent Activity — system: token — 
2026-05-18 02:30:02.716 | INFO     | app.main:event_stream:110 - Agent Activity — system: token — 
2026-05-18 02:30:02.719 | INFO     | app.main:event_stream:110 - Agent Activity — system: token — 
2026-05-18 02:30:02.721 | INFO     | app.main:event_stream:110 - Agent Activity — system: token — 
2026-05-18 02:30:02.724 | INFO     | app.main:event_stream:110 - Agent Activity — system: token — 
2026-05-18 02:30:02.725 | INFO     | app.main:event_stream:110 - Agent Activity — system: token — 
2026-05-18 02:30:02.734 | INFO     | app.main:event_stream:110 - Agent Activity — system: token — 
2026-05-18 02:30:02.739 | INFO     | app.main:event_stream:110 - Agent Activity — system: token — 
2026-05-18 02:30:02.740 | INFO     | app.main:event_stream:110 - Agent Activity — system: token — 
2026-05-18 02:30:02.742 | INFO     | app.main:event_stream:110 - Agent Activity — system: token — 
2026-05-18 02:30:02.743 | INFO     | app.main:event_stream:110 - Agent Activity — system: token — 
2026-05-18 02:30:02.746 | INFO     | app.main:event_stream:110 - Agent Activity — system: token — 
2026-05-18 02:30:02.747 | INFO     | app.main:event_stream:110 - Agent Activity — system: token — 
2026-05-18 02:30:02.748 | INFO     | app.main:event_stream:110 - Agent Activity — system: token — 
2026-05-18 02:30:02.749 | INFO     | app.main:event_stream:110 - Agent Activity — system: token — 
2026-05-18 02:30:02.750 | INFO     | app.main:event_stream:110 - Agent Activity — system: token — 
2026-05-18 02:30:02.750 | INFO     | app.main:event_stream:110 - Agent Activity — system: token — 
2026-05-18 02:30:02.751 | INFO     | app.main:event_stream:110 - Agent Activity — system: token — 
2026-05-18 02:30:02.752 | INFO     | app.main:event_stream:110 - Agent Activity — system: token — 
2026-05-18 02:30:02.754 | INFO     | app.main:event_stream:110 - Agent Activity — system: token — 
2026-05-18 02:30:02.757 | INFO     | app.main:event_stream:110 - Agent Activity — system: token — 
2026-05-18 02:30:02.758 | INFO     | app.main:event_stream:110 - Agent Activity — system: token — 
2026-05-18 02:30:02.759 | INFO     | app.main:event_stream:110 - Agent Activity — system: token — 
2026-05-18 02:30:02.760 | INFO     | app.main:event_stream:110 - Agent Activity — system: token — 
2026-05-18 02:30:02.761 | INFO     | app.main:event_stream:110 - Agent Activity — system: token — 
2026-05-18 02:30:02.762 | INFO     | app.main:event_stream:110 - Agent Activity — system: token — 
2026-05-18 02:30:02.771 | INFO     | app.main:event_stream:110 - Agent Activity — system: token — 
2026-05-18 02:30:02.777 | INFO     | app.main:event_stream:110 - Agent Activity — system: token — 
2026-05-18 02:30:02.778 | INFO     | app.main:event_stream:110 - Agent Activity — system: token — 
2026-05-18 02:30:02.781 | INFO     | app.main:event_stream:110 - Agent Activity — system: token — 
2026-05-18 02:30:02.784 | INFO     | app.main:event_stream:110 - Agent Activity — system: token — 
2026-05-18 02:30:02.786 | INFO     | app.main:event_stream:110 - Agent Activity — system: token — 
2026-05-18 02:30:02.788 | INFO     | app.main:event_stream:110 - Agent Activity — system: token — 
2026-05-18 02:30:02.789 | INFO     | app.main:event_stream:110 - Agent Activity — system: token — 
2026-05-18 02:30:02.791 | INFO     | app.main:event_stream:110 - Agent Activity — system: token — 
2026-05-18 02:30:02.793 | INFO     | app.main:event_stream:110 - Agent Activity — system: token — 
2026-05-18 02:30:02.796 | INFO     | app.main:event_stream:110 - Agent Activity — system: token — 
2026-05-18 02:30:02.797 | INFO     | app.main:event_stream:110 - Agent Activity — system: token — 
2026-05-18 02:30:02.798 | INFO     | app.main:event_stream:110 - Agent Activity — system: token — 
2026-05-18 02:30:02.799 | INFO     | app.main:event_stream:110 - Agent Activity — system: token — 
2026-05-18 02:30:02.800 | INFO     | app.main:event_stream:110 - Agent Activity — system: token — 
2026-05-18 02:30:02.802 | INFO     | app.main:event_stream:110 - Agent Activity — system: token — 
2026-05-18 02:30:02.803 | INFO     | app.main:event_stream:110 - Agent Activity — system: token — 
2026-05-18 02:30:02.805 | INFO     | app.main:event_stream:110 - Agent Activity — system: token — 
2026-05-18 02:30:02.806 | INFO     | app.main:event_stream:110 - Agent Activity — system: token — 
2026-05-18 02:30:02.809 | INFO     | app.main:event_stream:110 - Agent Activity — system: token — 
2026-05-18 02:30:02.811 | INFO     | app.main:event_stream:110 - Agent Activity — system: token — 
2026-05-18 02:30:02.811 | INFO     | app.main:event_stream:110 - Agent Activity — system: token — 
2026-05-18 02:30:02.812 | INFO     | app.main:event_stream:110 - Agent Activity — system: token — 
2026-05-18 02:30:02.813 | INFO     | app.main:event_stream:110 - Agent Activity — system: token — 
2026-05-18 02:30:02.814 | INFO     | app.main:event_stream:110 - Agent Activity — system: token — 
2026-05-18 02:30:02.815 | INFO     | app.main:event_stream:110 - Agent Activity — system: token — 
2026-05-18 02:30:02.816 | INFO     | app.main:event_stream:110 - Agent Activity — system: token — 
2026-05-18 02:30:02.817 | INFO     | app.main:event_stream:110 - Agent Activity — system: token — 
2026-05-18 02:30:02.818 | INFO     | app.main:event_stream:110 - Agent Activity — system: token — 
2026-05-18 02:30:02.819 | INFO     | app.main:event_stream:110 - Agent Activity — system: token — 
2026-05-18 02:30:02.820 | INFO     | app.main:event_stream:110 - Agent Activity — system: token — 
2026-05-18 02:30:02.824 | INFO     | app.main:event_stream:110 - Agent Activity — system: token — 
2026-05-18 02:30:02.828 | INFO     | app.main:event_stream:110 - Agent Activity — system: token — 
2026-05-18 02:30:02.830 | INFO     | app.main:event_stream:110 - Agent Activity — system: token — 
2026-05-18 02:30:02.832 | INFO     | app.main:event_stream:110 - Agent Activity — system: token — 
2026-05-18 02:30:02.833 | INFO     | app.main:event_stream:110 - Agent Activity — system: token — 
2026-05-18 02:30:02.834 | INFO     | app.main:event_stream:110 - Agent Activity — system: token — 
2026-05-18 02:30:02.835 | INFO     | app.main:event_stream:110 - Agent Activity — system: token — 
2026-05-18 02:30:02.835 | INFO     | app.main:event_stream:110 - Agent Activity — system: token — 
2026-05-18 02:30:02.837 | INFO     | app.main:event_stream:110 - Agent Activity — system: token — 
2026-05-18 02:30:02.838 | INFO     | app.main:event_stream:110 - Agent Activity — system: token — 
2026-05-18 02:30:02.839 | INFO     | app.main:event_stream:110 - Agent Activity — system: token — 
2026-05-18 02:30:02.840 | INFO     | app.main:event_stream:110 - Agent Activity — system: token — 
2026-05-18 02:30:02.842 | INFO     | app.main:event_stream:110 - Agent Activity — system: token — 
2026-05-18 02:30:02.844 | INFO     | app.main:event_stream:110 - Agent Activity — system: token — 
2026-05-18 02:30:02.845 | INFO     | app.main:event_stream:110 - Agent Activity — system: token — 
2026-05-18 02:30:02.845 | INFO     | app.main:event_stream:110 - Agent Activity — system: token — 
2026-05-18 02:30:02.846 | INFO     | app.main:event_stream:110 - Agent Activity — system: token — 
2026-05-18 02:30:02.847 | INFO     | app.main:event_stream:110 - Agent Activity — system: token — 
2026-05-18 02:30:02.848 | INFO     | app.main:event_stream:110 - Agent Activity — system: token — 
2026-05-18 02:30:02.848 | INFO     | app.main:event_stream:110 - Agent Activity — system: token — 
2026-05-18 02:30:02.850 | INFO     | app.main:event_stream:110 - Agent Activity — system: token — 
2026-05-18 02:30:02.852 | INFO     | app.main:event_stream:110 - Agent Activity — system: token — 
2026-05-18 02:30:02.854 | INFO     | app.main:event_stream:110 - Agent Activity — system: token — 
2026-05-18 02:30:02.857 | INFO     | app.main:event_stream:110 - Agent Activity — system: token — 
2026-05-18 02:30:02.859 | INFO     | app.main:event_stream:110 - Agent Activity — system: token — 
2026-05-18 02:30:02.861 | INFO     | app.main:event_stream:110 - Agent Activity — system: token — 
2026-05-18 02:30:02.863 | INFO     | app.main:event_stream:110 - Agent Activity — system: token — 
2026-05-18 02:30:02.866 | INFO     | app.main:event_stream:110 - Agent Activity — system: token — 
2026-05-18 02:30:02.869 | INFO     | app.main:event_stream:110 - Agent Activity — system: token — 
2026-05-18 02:30:02.871 | INFO     | app.main:event_stream:110 - Agent Activity — system: token — 
2026-05-18 02:30:02.873 | INFO     | app.main:event_stream:110 - Agent Activity — system: token — 
2026-05-18 02:30:02.875 | INFO     | app.main:event_stream:110 - Agent Activity — system: token — 
2026-05-18 02:30:02.876 | INFO     | app.main:event_stream:110 - Agent Activity — system: token — 
2026-05-18 02:30:02.880 | INFO     | app.main:event_stream:110 - Agent Activity — system: token — 
2026-05-18 02:30:02.882 | INFO     | app.main:event_stream:110 - Agent Activity — system: token — 
2026-05-18 02:30:02.883 | INFO     | app.main:event_stream:110 - Agent Activity — system: token — 
2026-05-18 02:30:02.885 | INFO     | app.main:event_stream:110 - Agent Activity — system: token — 
2026-05-18 02:30:02.889 | INFO     | app.main:event_stream:110 - Agent Activity — system: token — 
2026-05-18 02:30:02.891 | INFO     | app.main:event_stream:110 - Agent Activity — system: token — 
2026-05-18 02:30:02.893 | INFO     | app.main:event_stream:110 - Agent Activity — system: token — 
2026-05-18 02:30:02.895 | INFO     | app.main:event_stream:110 - Agent Activity — system: token — 
2026-05-18 02:30:02.896 | INFO     | app.main:event_stream:110 - Agent Activity — system: token — 
2026-05-18 02:30:02.897 | INFO     | app.main:event_stream:110 - Agent Activity — system: token — 
2026-05-18 02:30:02.898 | INFO     | app.main:event_stream:110 - Agent Activity — system: token — 
2026-05-18 02:30:02.899 | INFO     | app.main:event_stream:110 - Agent Activity — system: token — 
2026-05-18 02:30:02.900 | INFO     | app.main:event_stream:110 - Agent Activity — system: token — 
2026-05-18 02:30:02.901 | INFO     | app.main:event_stream:110 - Agent Activity — system: token — 
2026-05-18 02:30:02.903 | INFO     | app.main:event_stream:110 - Agent Activity — system: token — 
2026-05-18 02:30:02.918 | INFO     | app.main:event_stream:110 - Agent Activity — system: token — 
2026-05-18 02:30:02.920 | INFO     | app.main:event_stream:110 - Agent Activity — system: token — 
2026-05-18 02:30:02.925 | INFO     | app.main:event_stream:110 - Agent Activity — system: token — 
2026-05-18 02:30:02.926 | INFO     | app.main:event_stream:110 - Agent Activity — system: token — 
2026-05-18 02:30:02.928 | INFO     | app.main:event_stream:110 - Agent Activity — system: token — 
2026-05-18 02:30:02.931 | INFO     | app.main:event_stream:110 - Agent Activity — system: token — 
2026-05-18 02:30:02.933 | INFO     | app.main:event_stream:110 - Agent Activity — system: token — 
2026-05-18 02:30:02.934 | INFO     | app.main:event_stream:110 - Agent Activity — system: token — 
2026-05-18 02:30:02.936 | INFO     | app.main:event_stream:110 - Agent Activity — system: token — 
2026-05-18 02:30:02.938 | INFO     | app.main:event_stream:110 - Agent Activity — system: token — 
2026-05-18 02:30:02.941 | INFO     | app.main:event_stream:110 - Agent Activity — system: token — 
2026-05-18 02:30:02.942 | INFO     | app.main:event_stream:110 - Agent Activity — system: token — 
2026-05-18 02:30:02.943 | INFO     | app.main:event_stream:110 - Agent Activity — system: token — 
2026-05-18 02:30:02.945 | INFO     | app.main:event_stream:110 - Agent Activity — system: token — 
2026-05-18 02:30:02.947 | INFO     | app.main:event_stream:110 - Agent Activity — system: token — 
2026-05-18 02:30:02.948 | INFO     | app.main:event_stream:110 - Agent Activity — system: token — 
2026-05-18 02:30:02.949 | INFO     | app.main:event_stream:110 - Agent Activity — system: token — 
2026-05-18 02:30:02.950 | INFO     | app.main:event_stream:110 - Agent Activity — system: token — 
2026-05-18 02:30:02.952 | INFO     | app.main:event_stream:110 - Agent Activity — system: token — 
2026-05-18 02:30:02.954 | INFO     | app.main:event_stream:110 - Agent Activity — system: token — 
2026-05-18 02:30:02.957 | INFO     | app.main:event_stream:110 - Agent Activity — system: token — 
2026-05-18 02:30:02.966 | INFO     | app.main:event_stream:110 - Agent Activity — system: token — 
2026-05-18 02:30:02.974 | INFO     | app.main:event_stream:110 - Agent Activity — system: token — 
2026-05-18 02:30:02.977 | INFO     | app.main:event_stream:110 - Agent Activity — system: token — 
2026-05-18 02:30:02.981 | INFO     | app.main:event_stream:110 - Agent Activity — system: token — 
2026-05-18 02:30:02.982 | INFO     | app.main:event_stream:110 - Agent Activity — system: token — 
2026-05-18 02:30:02.987 | INFO     | app.main:event_stream:110 - Agent Activity — system: token — 
2026-05-18 02:30:02.992 | INFO     | app.main:event_stream:110 - Agent Activity — system: token — 
2026-05-18 02:30:02.995 | INFO     | app.main:event_stream:110 - Agent Activity — system: token — 
2026-05-18 02:30:02.997 | INFO     | app.main:event_stream:110 - Agent Activity — system: token — 
2026-05-18 02:30:02.998 | INFO     | app.main:event_stream:110 - Agent Activity — system: token — 
2026-05-18 02:30:02.999 | INFO     | app.main:event_stream:110 - Agent Activity — system: token — 
2026-05-18 02:30:03.000 | INFO     | app.main:event_stream:110 - Agent Activity — system: token — 
2026-05-18 02:30:03.000 | INFO     | app.main:event_stream:110 - Agent Activity — system: token — 
2026-05-18 02:30:03.002 | INFO     | app.main:event_stream:110 - Agent Activity — system: token — 
2026-05-18 02:30:03.004 | INFO     | app.main:event_stream:110 - Agent Activity — system: token — 
2026-05-18 02:30:03.006 | INFO     | app.main:event_stream:110 - Agent Activity — system: token — 
2026-05-18 02:30:03.007 | INFO     | app.main:event_stream:110 - Agent Activity — system: token — 
2026-05-18 02:30:03.009 | INFO     | app.main:event_stream:110 - Agent Activity — system: token — 
2026-05-18 02:30:03.012 | INFO     | app.main:event_stream:110 - Agent Activity — system: token — 
2026-05-18 02:30:03.013 | INFO     | app.main:event_stream:110 - Agent Activity — system: token — 
2026-05-18 02:30:03.014 | INFO     | app.main:event_stream:110 - Agent Activity — system: token — 
2026-05-18 02:30:03.014 | INFO     | app.main:event_stream:110 - Agent Activity — system: token — 
2026-05-18 02:30:03.015 | INFO     | app.main:event_stream:110 - Agent Activity — system: token — 
2026-05-18 02:30:03.016 | INFO     | app.main:event_stream:110 - Agent Activity — system: token — 
2026-05-18 02:30:03.017 | INFO     | app.main:event_stream:110 - Agent Activity — system: token — 
2026-05-18 02:30:03.019 | INFO     | app.main:event_stream:110 - Agent Activity — system: token — 
2026-05-18 02:30:03.021 | INFO     | app.main:event_stream:110 - Agent Activity — system: token — 
2026-05-18 02:30:03.022 | INFO     | app.main:event_stream:110 - Agent Activity — system: token — 
2026-05-18 02:30:03.023 | INFO     | app.main:event_stream:110 - Agent Activity — system: token — 
2026-05-18 02:30:03.024 | INFO     | app.main:event_stream:110 - Agent Activity — system: token — 
2026-05-18 02:30:03.026 | INFO     | app.main:event_stream:110 - Agent Activity — system: token — 
2026-05-18 02:30:03.029 | INFO     | app.main:event_stream:110 - Agent Activity — system: token — 
2026-05-18 02:30:03.030 | INFO     | app.main:event_stream:110 - Agent Activity — system: token — 
2026-05-18 02:30:03.031 | INFO     | app.main:event_stream:110 - Agent Activity — system: token — 
2026-05-18 02:30:03.032 | INFO     | app.main:event_stream:110 - Agent Activity — system: token — 
2026-05-18 02:30:03.033 | INFO     | app.main:event_stream:110 - Agent Activity — system: token — 
2026-05-18 02:30:03.034 | INFO     | app.main:event_stream:110 - Agent Activity — system: token — 
2026-05-18 02:30:03.035 | INFO     | app.main:event_stream:110 - Agent Activity — system: token — 
2026-05-18 02:30:03.036 | INFO     | app.main:event_stream:110 - Agent Activity — system: token — 
2026-05-18 02:30:03.037 | INFO     | app.main:event_stream:110 - Agent Activity — system: token — 
2026-05-18 02:30:03.038 | INFO     | app.main:event_stream:110 - Agent Activity — system: token — 
2026-05-18 02:30:03.040 | INFO     | app.main:event_stream:110 - Agent Activity — system: token — 
2026-05-18 02:30:03.041 | INFO     | app.main:event_stream:110 - Agent Activity — system: token — 
2026-05-18 02:30:03.043 | INFO     | app.main:event_stream:110 - Agent Activity — system: token — 
2026-05-18 02:30:03.045 | INFO     | app.main:event_stream:110 - Agent Activity — system: token — 
2026-05-18 02:30:03.047 | INFO     | app.main:event_stream:110 - Agent Activity — system: token — 
2026-05-18 02:30:03.048 | INFO     | app.main:event_stream:110 - Agent Activity — system: token — 
2026-05-18 02:30:03.049 | INFO     | app.main:event_stream:110 - Agent Activity — system: token — 
2026-05-18 02:30:03.049 | INFO     | app.main:event_stream:110 - Agent Activity — market: agent_start — Finding cross-platform deals for Laptop, 32GB RAM 512GB SSD Lap...
2026-05-18 02:30:03.051 | INFO     | app.agents.market_agent:find_best_deals:233 - Finding best deals for: Laptop, 32GB RAM 512GB SSD Laptops Computer, 6500Y Processor (Beats N5095 up to 3.4GHz), 15.6" FHD IPS Display Win11 Laptop PC for Student and Busines
2026-05-18 02:30:05.622 | INFO     | app.services.search_service:search_deals_for_product:236 - Deal search returned 1 results for 'Laptop, 32GB RAM 512GB SSD Laptops Computer, 6500Y Processor (Beats N5095 up to 3.4GHz), 15.6" FHD IPS Display Win11 Laptop PC for Student and Busines'
2026-05-18 02:30:08.726 | INFO     | app.main:event_stream:110 - Agent Activity — system: final_result — Research complete! See the dashboard for details.
2026-05-18 02:30:08.732 | INFO     | app.main:event_stream:110 - Agent Activity — system: done — 
2026-05-18 02:45:50.497 | INFO     | app.main:chat:86 - User queried: Best coding laptops with 32GB RAM
2026-05-18 02:45:50.501 | INFO     | app.main:event_stream:110 - Agent Activity — intent: agent_start — Understanding your requirements...
2026-05-18 02:45:50.507 | INFO     | app.agents.graph:intent_node:28 - Graph: Running intent node
2026-05-18 02:45:53.708 | DEBUG    | app.agents.intent_agent:run_intent_agent:72 - Intent chain raw response: {
  "product_category": "laptop",
  "product_name": null,
  "specifications": ["32GB RAM"],
  "budget_range": {"min_price": 0, "max_price": 999999, "currency": "INR"},
  "usage_context": "general",
  "brand_preferences": [],
  "urgency": "can_wait",
  "is_specific_product": false,
  "is_complete": f
2026-05-18 02:45:53.709 | INFO     | app.agents.intent_agent:run_intent_agent:78 - Intent extracted: category=laptop, specific=False, complete=False, confidence=0.8
2026-05-18 02:45:53.716 | INFO     | app.main:event_stream:110 - Agent Activity — intent: agent_complete — Identified: laptop
2026-05-18 02:45:53.719 | INFO     | app.main:event_stream:110 - Agent Activity — intent: followup_needed — I need a bit more info: What is your budget for the laptop?
2026-05-18 02:45:53.724 | INFO     | app.main:event_stream:110 - Agent Activity — system: done — 
2026-05-18 02:46:01.485 | INFO     | app.main:chat:86 - User queried: 140000 INR
2026-05-18 02:46:01.490 | INFO     | app.main:event_stream:110 - Agent Activity — intent: agent_start — Understanding your requirements...
2026-05-18 02:46:01.494 | INFO     | app.agents.graph:intent_node:28 - Graph: Running intent node
2026-05-18 02:46:04.329 | DEBUG    | app.agents.intent_agent:run_intent_agent:72 - Intent chain raw response: {
  "product_category": "laptop",
  "product_name": null,
  "specifications": ["32GB RAM"],
  "budget_range": {"min_price": 0, "max_price": 140000, "currency": "INR"},
  "usage_context": "general",
  "brand_preferences": [],
  "urgency": "can_wait",
  "is_specific_product": false,
  "is_complete": t
2026-05-18 02:46:04.330 | INFO     | app.agents.intent_agent:run_intent_agent:78 - Intent extracted: category=laptop, specific=False, complete=True, confidence=1.0
2026-05-18 02:46:04.335 | INFO     | app.main:event_stream:110 - Agent Activity — intent: agent_complete — Identified: laptop
2026-05-18 02:46:04.336 | INFO     | app.main:event_stream:110 - Agent Activity — market: agent_start — Searching across platforms...
2026-05-18 02:46:04.339 | INFO     | app.main:event_stream:110 - Agent Activity — reddit: agent_start — Scanning Reddit discussions...
2026-05-18 02:46:04.343 | INFO     | app.main:event_stream:110 - Agent Activity — youtube: agent_start — Analyzing YouTube reviews...
2026-05-18 02:46:04.354 | INFO     | app.agents.graph:market_node:43 - Graph: Running market node
2026-05-18 02:46:04.358 | INFO     | app.agents.market_agent:run_market_agent:126 - Market agent searching: 'laptop 32GB RAM under 140000 INR India buy'
2026-05-18 02:46:04.360 | INFO     | app.services.search_service:search_products:81 - Searching products via Serper API: laptop 32GB RAM under 140000 INR India buy
2026-05-18 02:46:04.362 | INFO     | app.agents.graph:reddit_node:57 - Graph: Running reddit node
2026-05-18 02:46:04.365 | INFO     | app.agents.reddit_agent.reddit_agent:run_reddit_agent:106 - Reddit Agent: Searching ['GadgetsIndia', 'IndianGaming', 'LaptopDealsIndia', 'SuggestALaptop'] for 'laptop review India'
2026-05-18 02:46:04.367 | INFO     | app.agents.graph:youtube_node:69 - Graph: Running youtube node
2026-05-18 02:46:04.370 | INFO     | app.agents.youtube_agent.youtube_agent:run_youtube_agent:154 - YouTube Agent: Searching top long-form videos for 'laptop'
2026-05-18 02:46:09.511 | INFO     | app.agents.reddit_agent.reddit_agent:run_reddit_agent:114 - Fetching thread: Need Laptop Suggestions and Reviews from users for this laptop.
2026-05-18 02:46:11.535 | INFO     | app.agents.reddit_agent.reddit_agent:run_reddit_agent:114 - Fetching thread: The worst choice I ever made was buying a Gigabyte laptop in India
2026-05-18 02:46:13.310 | INFO     | app.agents.reddit_agent.reddit_agent:run_reddit_agent:114 - Fetching thread: Recently bought a laptop from r/lestic. Review after 10 days - Reddit
2026-05-18 02:46:15.031 | INFO     | app.services.search_service:search_youtube_videos:392 - Serper YouTube search returned 12 ranked videos for 'laptop'
2026-05-18 02:46:15.032 | INFO     | app.agents.youtube_agent.youtube_agent:run_youtube_agent:165 - Fetching transcript for video: The Best Laptops For Students in 2026 (Affordable Editon)
2026-05-18 02:46:17.615 | WARNING  | app.agents.youtube_agent.transcript_extractor:extract_and_clean_transcript:40 - Transcript extraction blocked by YouTube for video 5OzQtuI_3tg; using Serper video metadata fallback.
2026-05-18 02:46:17.618 | INFO     | app.agents.youtube_agent.youtube_agent:run_youtube_agent:165 - Fetching transcript for video: Best Laptops 2026 | HP vs Dell vs MSI vs Lenovo vs Acer vs ...
2026-05-18 02:46:19.999 | WARNING  | app.agents.youtube_agent.transcript_extractor:extract_and_clean_transcript:40 - Transcript extraction blocked by YouTube for video 8pJJXwQE4qw; using Serper video metadata fallback.
2026-05-18 02:46:20.009 | INFO     | app.agents.youtube_agent.youtube_agent:run_youtube_agent:165 - Fetching transcript for video: The Best and Worst 18" Gaming Laptops - I Tested Them All!
2026-05-18 02:46:21.991 | WARNING  | app.agents.youtube_agent.transcript_extractor:extract_and_clean_transcript:46 - Transcript extraction failed for video zydSB0LA5vg: Could not retrieve a transcript for the video https://www.youtube.com/watch?v=zydSB0LA5vg! This is most likely caused by:
2026-05-18 02:46:21.996 | INFO     | app.agents.youtube_agent.youtube_agent:run_youtube_agent:165 - Fetching transcript for video: Laptop Buying Guide 2026 - Don't Waste Your Money!
2026-05-18 02:46:24.520 | WARNING  | app.agents.youtube_agent.transcript_extractor:extract_and_clean_transcript:40 - Transcript extraction blocked by YouTube for video QyhBakGTyeI; using Serper video metadata fallback.
2026-05-18 02:46:24.523 | INFO     | app.agents.youtube_agent.youtube_agent:run_youtube_agent:165 - Fetching transcript for video: The Best Laptops of 2025
2026-05-18 02:46:26.711 | WARNING  | app.agents.youtube_agent.transcript_extractor:extract_and_clean_transcript:40 - Transcript extraction blocked by YouTube for video PKshhTHyoZU; using Serper video metadata fallback.
2026-05-18 02:46:26.720 | INFO     | app.agents.youtube_agent.youtube_agent:run_youtube_agent:165 - Fetching transcript for video: Top 10 Best Looking Laptops of 2025
2026-05-18 02:46:29.130 | WARNING  | app.agents.youtube_agent.transcript_extractor:extract_and_clean_transcript:40 - Transcript extraction blocked by YouTube for video 9iEoQMF_hPY; using Serper video metadata fallback.
2026-05-18 02:46:29.137 | INFO     | app.agents.youtube_agent.youtube_agent:run_youtube_agent:165 - Fetching transcript for video: Best Student Laptops 2025 – Ultimate Buyer's Guide!
2026-05-18 02:46:31.748 | WARNING  | app.agents.youtube_agent.transcript_extractor:extract_and_clean_transcript:40 - Transcript extraction blocked by YouTube for video CV6HsBln6jI; using Serper video metadata fallback.
2026-05-18 02:46:31.751 | INFO     | app.agents.youtube_agent.youtube_agent:run_youtube_agent:165 - Fetching transcript for video: The Best Laptops to Buy in 2025
2026-05-18 02:46:35.966 | WARNING  | app.agents.youtube_agent.transcript_extractor:extract_and_clean_transcript:40 - Transcript extraction blocked by YouTube for video Dq9JbQxUk3I; using Serper video metadata fallback.
2026-05-18 02:46:35.969 | INFO     | app.agents.youtube_agent.youtube_agent:run_youtube_agent:165 - Fetching transcript for video: Top 10 Laptops for Battery Life! – We Tested 100+ - YouTube
2026-05-18 02:46:38.173 | WARNING  | app.agents.youtube_agent.transcript_extractor:extract_and_clean_transcript:40 - Transcript extraction blocked by YouTube for video EYIzDHbxtK8; using Serper video metadata fallback.
2026-05-18 02:46:38.176 | INFO     | app.agents.youtube_agent.youtube_agent:run_youtube_agent:165 - Fetching transcript for video: 5 Best Student Laptops 2026 | Top Laptops for School & College
2026-05-18 02:46:40.523 | WARNING  | app.agents.youtube_agent.transcript_extractor:extract_and_clean_transcript:40 - Transcript extraction blocked by YouTube for video 3q19gv0_gVw; using Serper video metadata fallback.
2026-05-18 02:46:40.541 | INFO     | app.services.search_service:search_products:195 - Serper API returned 50 results (43 with parsed prices).
2026-05-18 02:46:40.559 | INFO     | app.main:event_stream:110 - Agent Activity — reddit: agent_complete — Analyzed 3 Reddit threads
2026-05-18 02:46:45.071 | ERROR    | app.agents.market_agent:run_market_agent:204 - Market agent analysis error: (Request ID: Root=1-6a0a303b-6f646ae43cea3f5740b4488a;52cb2040-fe4e-44d4-abff-dfa0574e6782)

Bad request:
2026-05-18 02:46:45.073 | INFO     | app.agents.market_agent:run_market_agent:207 - Recovered 5 products from raw search result prices after LLM failure
2026-05-18 02:46:45.076 | INFO     | app.main:event_stream:110 - Agent Activity — market: agent_complete — Found 5 products
2026-05-18 02:46:52.130 | ERROR    | app.services.llm_service:parse_and_validate:102 - JSON repair failed: Expecting value: line 1 column 1 (char 0)
2026-05-18 02:46:52.131 | ERROR    | app.agents.youtube_agent.youtube_agent:run_youtube_agent:210 - YouTube transcript analysis failed: Could not parse JSON from LLM response: Based on the provided YouTube evidence, I've analyzed the transcripts and produced product recommendations.

**Summary:** Creators collectively recommend laptops for students, general usage, and gaming, emphasizing factors like battery life, portability, and performance. They also provide buying gui
2026-05-18 02:46:52.135 | INFO     | app.main:event_stream:110 - Agent Activity — youtube: agent_complete — Analyzed 0 YouTube videos
2026-05-18 02:46:52.145 | INFO     | app.main:event_stream:110 - Agent Activity — system: token — 
2026-05-18 02:46:52.147 | INFO     | app.main:event_stream:110 - Agent Activity — system: token — 
2026-05-18 02:46:52.149 | INFO     | app.main:event_stream:110 - Agent Activity — system: token — 
2026-05-18 02:46:52.150 | INFO     | app.main:event_stream:110 - Agent Activity — system: token — 
2026-05-18 02:46:52.152 | INFO     | app.main:event_stream:110 - Agent Activity — system: token — 
2026-05-18 02:46:52.155 | INFO     | app.main:event_stream:110 - Agent Activity — system: token — 
2026-05-18 02:46:52.162 | INFO     | app.main:event_stream:110 - Agent Activity — system: token — 
2026-05-18 02:46:52.164 | INFO     | app.main:event_stream:110 - Agent Activity — system: token — 
2026-05-18 02:46:52.165 | INFO     | app.main:event_stream:110 - Agent Activity — system: token — 
2026-05-18 02:46:52.167 | INFO     | app.main:event_stream:110 - Agent Activity — system: token — 
2026-05-18 02:46:52.169 | INFO     | app.main:event_stream:110 - Agent Activity — system: token — 
2026-05-18 02:46:52.172 | INFO     | app.main:event_stream:110 - Agent Activity — system: token — 
2026-05-18 02:46:52.174 | INFO     | app.main:event_stream:110 - Agent Activity — system: token — 
2026-05-18 02:46:52.176 | INFO     | app.main:event_stream:110 - Agent Activity — system: token — 
2026-05-18 02:46:52.177 | INFO     | app.main:event_stream:110 - Agent Activity — system: token — 
2026-05-18 02:46:52.179 | INFO     | app.main:event_stream:110 - Agent Activity — system: token — 
2026-05-18 02:46:52.180 | INFO     | app.main:event_stream:110 - Agent Activity — system: token — 
2026-05-18 02:46:52.183 | INFO     | app.main:event_stream:110 - Agent Activity — system: token — 
2026-05-18 02:46:52.185 | INFO     | app.main:event_stream:110 - Agent Activity — system: token — 
2026-05-18 02:46:52.188 | INFO     | app.main:event_stream:110 - Agent Activity — system: token — 
2026-05-18 02:46:52.192 | INFO     | app.main:event_stream:110 - Agent Activity — system: token — 
2026-05-18 02:46:52.194 | INFO     | app.main:event_stream:110 - Agent Activity — system: token — 
2026-05-18 02:46:52.196 | INFO     | app.main:event_stream:110 - Agent Activity — system: token — 
2026-05-18 02:46:52.200 | INFO     | app.main:event_stream:110 - Agent Activity — system: token — 
2026-05-18 02:46:52.201 | INFO     | app.main:event_stream:110 - Agent Activity — system: token — 
2026-05-18 02:46:52.202 | INFO     | app.main:event_stream:110 - Agent Activity — system: token — 
2026-05-18 02:46:52.203 | INFO     | app.main:event_stream:110 - Agent Activity — system: token — 
2026-05-18 02:46:52.204 | INFO     | app.main:event_stream:110 - Agent Activity — system: token — 
2026-05-18 02:46:52.205 | INFO     | app.main:event_stream:110 - Agent Activity — system: token — 
2026-05-18 02:46:52.206 | INFO     | app.main:event_stream:110 - Agent Activity — system: token — 
2026-05-18 02:46:52.207 | INFO     | app.main:event_stream:110 - Agent Activity — system: token — 
2026-05-18 02:46:52.208 | INFO     | app.main:event_stream:110 - Agent Activity — system: token — 
2026-05-18 02:46:52.210 | INFO     | app.main:event_stream:110 - Agent Activity — system: token — 
2026-05-18 02:46:52.211 | INFO     | app.main:event_stream:110 - Agent Activity — system: token — 
2026-05-18 02:46:52.212 | INFO     | app.main:event_stream:110 - Agent Activity — system: token — 
2026-05-18 02:46:52.213 | INFO     | app.main:event_stream:110 - Agent Activity — system: token — 
2026-05-18 02:46:52.214 | INFO     | app.main:event_stream:110 - Agent Activity — system: token — 
2026-05-18 02:46:52.215 | INFO     | app.main:event_stream:110 - Agent Activity — system: token — 
2026-05-18 02:46:52.216 | INFO     | app.main:event_stream:110 - Agent Activity — system: token — 
2026-05-18 02:46:52.218 | INFO     | app.main:event_stream:110 - Agent Activity — system: token — 
2026-05-18 02:46:52.219 | INFO     | app.main:event_stream:110 - Agent Activity — system: token — 
2026-05-18 02:46:52.220 | INFO     | app.main:event_stream:110 - Agent Activity — system: token — 
2026-05-18 02:46:52.221 | INFO     | app.main:event_stream:110 - Agent Activity — system: token — 
2026-05-18 02:46:52.223 | INFO     | app.main:event_stream:110 - Agent Activity — system: token — 
2026-05-18 02:46:52.224 | INFO     | app.main:event_stream:110 - Agent Activity — system: token — 
2026-05-18 02:46:52.225 | INFO     | app.main:event_stream:110 - Agent Activity — system: token — 
2026-05-18 02:46:52.226 | INFO     | app.main:event_stream:110 - Agent Activity — system: token — 
2026-05-18 02:46:52.228 | INFO     | app.main:event_stream:110 - Agent Activity — system: token — 
2026-05-18 02:46:52.228 | INFO     | app.main:event_stream:110 - Agent Activity — system: token — 
2026-05-18 02:46:52.229 | INFO     | app.main:event_stream:110 - Agent Activity — system: token — 
2026-05-18 02:46:52.231 | INFO     | app.main:event_stream:110 - Agent Activity — system: token — 
2026-05-18 02:46:52.232 | INFO     | app.main:event_stream:110 - Agent Activity — system: token — 
2026-05-18 02:46:52.233 | INFO     | app.main:event_stream:110 - Agent Activity — system: token — 
2026-05-18 02:46:52.234 | INFO     | app.main:event_stream:110 - Agent Activity — system: token — 
2026-05-18 02:46:52.239 | INFO     | app.main:event_stream:110 - Agent Activity — system: token — 
2026-05-18 02:46:52.241 | INFO     | app.main:event_stream:110 - Agent Activity — system: token — 
2026-05-18 02:46:52.244 | INFO     | app.main:event_stream:110 - Agent Activity — system: token — 
2026-05-18 02:46:52.246 | INFO     | app.main:event_stream:110 - Agent Activity — system: token — 
2026-05-18 02:46:52.246 | INFO     | app.main:event_stream:110 - Agent Activity — system: token — 
2026-05-18 02:46:52.248 | INFO     | app.main:event_stream:110 - Agent Activity — system: token — 
2026-05-18 02:46:52.248 | INFO     | app.main:event_stream:110 - Agent Activity — system: token — 
2026-05-18 02:46:52.249 | INFO     | app.main:event_stream:110 - Agent Activity — system: token — 
2026-05-18 02:46:52.250 | INFO     | app.main:event_stream:110 - Agent Activity — system: token — 
2026-05-18 02:46:52.251 | INFO     | app.main:event_stream:110 - Agent Activity — system: token — 
2026-05-18 02:46:52.252 | INFO     | app.main:event_stream:110 - Agent Activity — system: token — 
2026-05-18 02:46:52.254 | INFO     | app.main:event_stream:110 - Agent Activity — system: token — 
2026-05-18 02:46:52.258 | INFO     | app.main:event_stream:110 - Agent Activity — system: token — 
2026-05-18 02:46:52.259 | INFO     | app.main:event_stream:110 - Agent Activity — system: token — 
2026-05-18 02:46:52.260 | INFO     | app.main:event_stream:110 - Agent Activity — system: token — 
2026-05-18 02:46:52.261 | INFO     | app.main:event_stream:110 - Agent Activity — system: token — 
2026-05-18 02:46:52.262 | INFO     | app.main:event_stream:110 - Agent Activity — system: token — 
2026-05-18 02:46:52.263 | INFO     | app.main:event_stream:110 - Agent Activity — system: token — 
2026-05-18 02:46:52.264 | INFO     | app.main:event_stream:110 - Agent Activity — system: token — 
2026-05-18 02:46:52.265 | INFO     | app.main:event_stream:110 - Agent Activity — system: token — 
2026-05-18 02:46:52.266 | INFO     | app.main:event_stream:110 - Agent Activity — system: token — 
2026-05-18 02:46:52.268 | INFO     | app.main:event_stream:110 - Agent Activity — system: token — 
2026-05-18 02:46:52.270 | INFO     | app.main:event_stream:110 - Agent Activity — system: token — 
2026-05-18 02:46:52.272 | INFO     | app.main:event_stream:110 - Agent Activity — system: token — 
2026-05-18 02:46:52.273 | INFO     | app.main:event_stream:110 - Agent Activity — system: token — 
2026-05-18 02:46:52.274 | INFO     | app.main:event_stream:110 - Agent Activity — system: token — 
2026-05-18 02:46:52.275 | INFO     | app.main:event_stream:110 - Agent Activity — system: token — 
2026-05-18 02:46:52.277 | INFO     | app.main:event_stream:110 - Agent Activity — system: token — 
2026-05-18 02:46:52.278 | INFO     | app.main:event_stream:110 - Agent Activity — system: token — 
2026-05-18 02:46:52.280 | INFO     | app.main:event_stream:110 - Agent Activity — system: token — 
2026-05-18 02:46:52.284 | INFO     | app.main:event_stream:110 - Agent Activity — system: token — 
2026-05-18 02:46:52.287 | INFO     | app.main:event_stream:110 - Agent Activity — system: token — 
2026-05-18 02:46:52.290 | INFO     | app.main:event_stream:110 - Agent Activity — system: token — 
2026-05-18 02:46:52.293 | INFO     | app.main:event_stream:110 - Agent Activity — system: token — 
2026-05-18 02:46:52.296 | INFO     | app.main:event_stream:110 - Agent Activity — system: token — 
2026-05-18 02:46:52.298 | INFO     | app.main:event_stream:110 - Agent Activity — system: token — 
2026-05-18 02:46:52.299 | INFO     | app.main:event_stream:110 - Agent Activity — system: token — 
2026-05-18 02:46:52.301 | INFO     | app.main:event_stream:110 - Agent Activity — system: token — 
2026-05-18 02:46:52.303 | INFO     | app.main:event_stream:110 - Agent Activity — system: token — 
2026-05-18 02:46:52.305 | INFO     | app.main:event_stream:110 - Agent Activity — system: token — 
2026-05-18 02:46:52.309 | INFO     | app.main:event_stream:110 - Agent Activity — system: token — 
2026-05-18 02:46:52.310 | INFO     | app.main:event_stream:110 - Agent Activity — system: token — 
2026-05-18 02:46:52.312 | INFO     | app.main:event_stream:110 - Agent Activity — system: token — 
2026-05-18 02:46:52.313 | INFO     | app.main:event_stream:110 - Agent Activity — system: token — 
2026-05-18 02:46:52.314 | INFO     | app.main:event_stream:110 - Agent Activity — system: token — 
2026-05-18 02:46:52.315 | INFO     | app.main:event_stream:110 - Agent Activity — system: token — 
2026-05-18 02:46:52.316 | INFO     | app.main:event_stream:110 - Agent Activity — system: token — 
2026-05-18 02:46:52.318 | INFO     | app.main:event_stream:110 - Agent Activity — system: token — 
2026-05-18 02:46:52.320 | INFO     | app.main:event_stream:110 - Agent Activity — system: token — 
2026-05-18 02:46:52.323 | INFO     | app.main:event_stream:110 - Agent Activity — system: token — 
2026-05-18 02:46:52.326 | INFO     | app.main:event_stream:110 - Agent Activity — system: token — 
2026-05-18 02:46:52.329 | INFO     | app.main:event_stream:110 - Agent Activity — system: token — 
2026-05-18 02:46:52.331 | INFO     | app.main:event_stream:110 - Agent Activity — system: token — 
2026-05-18 02:46:52.341 | INFO     | app.main:event_stream:110 - Agent Activity — system: token — 
2026-05-18 02:46:52.345 | INFO     | app.main:event_stream:110 - Agent Activity — system: token — 
2026-05-18 02:46:52.347 | INFO     | app.main:event_stream:110 - Agent Activity — system: token — 
2026-05-18 02:46:52.351 | INFO     | app.main:event_stream:110 - Agent Activity — system: token — 
2026-05-18 02:46:52.353 | INFO     | app.main:event_stream:110 - Agent Activity — system: token — 
2026-05-18 02:46:52.355 | INFO     | app.main:event_stream:110 - Agent Activity — system: token — 
2026-05-18 02:46:52.356 | INFO     | app.main:event_stream:110 - Agent Activity — system: token — 
2026-05-18 02:46:52.358 | INFO     | app.main:event_stream:110 - Agent Activity — system: token — 
2026-05-18 02:46:52.360 | INFO     | app.main:event_stream:110 - Agent Activity — system: token — 
2026-05-18 02:46:52.361 | INFO     | app.main:event_stream:110 - Agent Activity — system: token — 
2026-05-18 02:46:52.363 | INFO     | app.main:event_stream:110 - Agent Activity — system: token — 
2026-05-18 02:46:52.364 | INFO     | app.main:event_stream:110 - Agent Activity — system: token — 
2026-05-18 02:46:52.366 | INFO     | app.main:event_stream:110 - Agent Activity — system: token — 
2026-05-18 02:46:52.369 | INFO     | app.main:event_stream:110 - Agent Activity — system: token — 
2026-05-18 02:46:52.371 | INFO     | app.main:event_stream:110 - Agent Activity — system: token — 
2026-05-18 02:46:52.372 | INFO     | app.main:event_stream:110 - Agent Activity — system: token — 
2026-05-18 02:46:52.374 | INFO     | app.main:event_stream:110 - Agent Activity — system: token — 
2026-05-18 02:46:52.375 | INFO     | app.main:event_stream:110 - Agent Activity — system: token — 
2026-05-18 02:46:52.376 | INFO     | app.main:event_stream:110 - Agent Activity — system: token — 
2026-05-18 02:46:52.377 | INFO     | app.main:event_stream:110 - Agent Activity — system: token — 
2026-05-18 02:46:52.378 | INFO     | app.main:event_stream:110 - Agent Activity — system: token — 
2026-05-18 02:46:52.379 | INFO     | app.main:event_stream:110 - Agent Activity — system: token — 
2026-05-18 02:46:52.379 | INFO     | app.main:event_stream:110 - Agent Activity — system: token — 
2026-05-18 02:46:52.380 | INFO     | app.main:event_stream:110 - Agent Activity — system: token — 
2026-05-18 02:46:52.381 | INFO     | app.main:event_stream:110 - Agent Activity — system: token — 
2026-05-18 02:46:52.382 | INFO     | app.main:event_stream:110 - Agent Activity — system: token — 
2026-05-18 02:46:52.383 | INFO     | app.main:event_stream:110 - Agent Activity — system: token — 
2026-05-18 02:46:52.384 | INFO     | app.main:event_stream:110 - Agent Activity — system: token — 
2026-05-18 02:46:52.386 | INFO     | app.main:event_stream:110 - Agent Activity — system: token — 
2026-05-18 02:46:52.387 | INFO     | app.main:event_stream:110 - Agent Activity — system: token — 
2026-05-18 02:46:52.390 | INFO     | app.main:event_stream:110 - Agent Activity — system: token — 
2026-05-18 02:46:52.397 | INFO     | app.main:event_stream:110 - Agent Activity — system: token — 
2026-05-18 02:46:52.399 | INFO     | app.main:event_stream:110 - Agent Activity — system: token — 
2026-05-18 02:46:52.400 | INFO     | app.main:event_stream:110 - Agent Activity — system: token — 
2026-05-18 02:46:52.402 | INFO     | app.main:event_stream:110 - Agent Activity — system: token — 
2026-05-18 02:46:52.403 | INFO     | app.main:event_stream:110 - Agent Activity — system: token — 
2026-05-18 02:46:52.405 | INFO     | app.main:event_stream:110 - Agent Activity — system: token — 
2026-05-18 02:46:52.407 | INFO     | app.main:event_stream:110 - Agent Activity — system: token — 
2026-05-18 02:46:52.408 | INFO     | app.main:event_stream:110 - Agent Activity — system: token — 
2026-05-18 02:46:52.410 | INFO     | app.main:event_stream:110 - Agent Activity — system: token — 
2026-05-18 02:46:52.411 | INFO     | app.main:event_stream:110 - Agent Activity — system: token — 
2026-05-18 02:46:52.412 | INFO     | app.main:event_stream:110 - Agent Activity — system: token — 
2026-05-18 02:46:52.413 | INFO     | app.main:event_stream:110 - Agent Activity — system: token — 
2026-05-18 02:46:52.414 | INFO     | app.main:event_stream:110 - Agent Activity — system: token — 
2026-05-18 02:46:52.415 | INFO     | app.main:event_stream:110 - Agent Activity — system: token — 
2026-05-18 02:46:52.415 | INFO     | app.main:event_stream:110 - Agent Activity — system: token — 
2026-05-18 02:46:52.417 | INFO     | app.main:event_stream:110 - Agent Activity — system: token — 
2026-05-18 02:46:52.418 | INFO     | app.main:event_stream:110 - Agent Activity — system: token — 
2026-05-18 02:46:52.420 | INFO     | app.main:event_stream:110 - Agent Activity — system: token — 
2026-05-18 02:46:52.421 | INFO     | app.main:event_stream:110 - Agent Activity — system: token — 
2026-05-18 02:46:52.422 | INFO     | app.main:event_stream:110 - Agent Activity — system: token — 
2026-05-18 02:46:52.423 | INFO     | app.main:event_stream:110 - Agent Activity — system: token — 
2026-05-18 02:46:52.425 | INFO     | app.main:event_stream:110 - Agent Activity — system: token — 
2026-05-18 02:46:52.426 | INFO     | app.main:event_stream:110 - Agent Activity — system: token — 
2026-05-18 02:46:52.427 | INFO     | app.main:event_stream:110 - Agent Activity — system: token — 
2026-05-18 02:46:52.428 | INFO     | app.main:event_stream:110 - Agent Activity — system: token — 
2026-05-18 02:46:52.428 | INFO     | app.main:event_stream:110 - Agent Activity — system: token — 
2026-05-18 02:46:52.429 | INFO     | app.main:event_stream:110 - Agent Activity — system: token — 
2026-05-18 02:46:52.430 | INFO     | app.main:event_stream:110 - Agent Activity — system: token — 
2026-05-18 02:46:52.431 | INFO     | app.main:event_stream:110 - Agent Activity — system: token — 
2026-05-18 02:46:52.432 | INFO     | app.main:event_stream:110 - Agent Activity — system: token — 
2026-05-18 02:46:52.432 | INFO     | app.main:event_stream:110 - Agent Activity — system: token — 
2026-05-18 02:46:52.433 | INFO     | app.main:event_stream:110 - Agent Activity — system: token — 
2026-05-18 02:46:52.434 | INFO     | app.main:event_stream:110 - Agent Activity — system: token — 
2026-05-18 02:46:52.435 | INFO     | app.main:event_stream:110 - Agent Activity — system: token — 
2026-05-18 02:46:52.438 | INFO     | app.main:event_stream:110 - Agent Activity — system: token — 
2026-05-18 02:46:52.439 | INFO     | app.main:event_stream:110 - Agent Activity — system: token — 
2026-05-18 02:46:52.440 | INFO     | app.main:event_stream:110 - Agent Activity — system: token — 
2026-05-18 02:46:52.441 | INFO     | app.main:event_stream:110 - Agent Activity — system: token — 
2026-05-18 02:46:52.442 | INFO     | app.main:event_stream:110 - Agent Activity — system: token — 
2026-05-18 02:46:52.443 | INFO     | app.main:event_stream:110 - Agent Activity — system: token — 
2026-05-18 02:46:52.444 | INFO     | app.main:event_stream:110 - Agent Activity — system: token — 
2026-05-18 02:46:52.445 | INFO     | app.main:event_stream:110 - Agent Activity — system: token — 
2026-05-18 02:46:52.446 | INFO     | app.main:event_stream:110 - Agent Activity — system: token — 
2026-05-18 02:46:52.447 | INFO     | app.main:event_stream:110 - Agent Activity — system: token — 
2026-05-18 02:46:52.448 | INFO     | app.main:event_stream:110 - Agent Activity — system: token — 
2026-05-18 02:46:52.450 | INFO     | app.main:event_stream:110 - Agent Activity — system: token — 
2026-05-18 02:46:52.453 | INFO     | app.main:event_stream:110 - Agent Activity — system: token — 
2026-05-18 02:46:52.462 | INFO     | app.main:event_stream:110 - Agent Activity — system: token — 
2026-05-18 02:46:52.464 | INFO     | app.main:event_stream:110 - Agent Activity — system: token — 
2026-05-18 02:46:52.466 | INFO     | app.main:event_stream:110 - Agent Activity — system: token — 
2026-05-18 02:46:52.469 | INFO     | app.main:event_stream:110 - Agent Activity — system: token — 
2026-05-18 02:46:52.470 | INFO     | app.main:event_stream:110 - Agent Activity — system: token — 
2026-05-18 02:46:52.472 | INFO     | app.main:event_stream:110 - Agent Activity — system: token — 
2026-05-18 02:46:52.473 | INFO     | app.main:event_stream:110 - Agent Activity — system: token — 
2026-05-18 02:46:52.474 | INFO     | app.main:event_stream:110 - Agent Activity — system: token — 
2026-05-18 02:46:52.476 | INFO     | app.main:event_stream:110 - Agent Activity — system: token — 
2026-05-18 02:46:52.477 | INFO     | app.main:event_stream:110 - Agent Activity — system: token — 
2026-05-18 02:46:52.479 | INFO     | app.main:event_stream:110 - Agent Activity — system: token — 
2026-05-18 02:46:52.480 | INFO     | app.main:event_stream:110 - Agent Activity — system: token — 
2026-05-18 02:46:52.481 | INFO     | app.main:event_stream:110 - Agent Activity — system: token — 
2026-05-18 02:46:52.482 | INFO     | app.main:event_stream:110 - Agent Activity — system: token — 
2026-05-18 02:46:52.484 | INFO     | app.main:event_stream:110 - Agent Activity — system: token — 
2026-05-18 02:46:52.486 | INFO     | app.main:event_stream:110 - Agent Activity — system: token — 
2026-05-18 02:46:52.488 | INFO     | app.main:event_stream:110 - Agent Activity — system: token — 
2026-05-18 02:46:52.489 | INFO     | app.main:event_stream:110 - Agent Activity — system: token — 
2026-05-18 02:46:52.489 | INFO     | app.main:event_stream:110 - Agent Activity — system: token — 
2026-05-18 02:46:52.490 | INFO     | app.main:event_stream:110 - Agent Activity — system: token — 
2026-05-18 02:46:52.491 | INFO     | app.main:event_stream:110 - Agent Activity — system: token — 
2026-05-18 02:46:52.492 | INFO     | app.main:event_stream:110 - Agent Activity — system: token — 
2026-05-18 02:46:52.494 | INFO     | app.main:event_stream:110 - Agent Activity — system: token — 
2026-05-18 02:46:52.495 | INFO     | app.main:event_stream:110 - Agent Activity — system: token — 
2026-05-18 02:46:52.496 | INFO     | app.main:event_stream:110 - Agent Activity — system: token — 
2026-05-18 02:46:52.497 | INFO     | app.main:event_stream:110 - Agent Activity — system: token — 
2026-05-18 02:46:52.498 | INFO     | app.main:event_stream:110 - Agent Activity — system: token — 
2026-05-18 02:46:52.499 | INFO     | app.main:event_stream:110 - Agent Activity — system: token — 
2026-05-18 02:46:52.500 | INFO     | app.main:event_stream:110 - Agent Activity — system: token — 
2026-05-18 02:46:52.502 | INFO     | app.main:event_stream:110 - Agent Activity — system: token — 
2026-05-18 02:46:52.505 | INFO     | app.main:event_stream:110 - Agent Activity — system: token — 
2026-05-18 02:46:52.508 | INFO     | app.main:event_stream:110 - Agent Activity — system: token — 
2026-05-18 02:46:52.510 | INFO     | app.main:event_stream:110 - Agent Activity — system: token — 
2026-05-18 02:46:52.512 | INFO     | app.main:event_stream:110 - Agent Activity — system: token — 
2026-05-18 02:46:52.521 | INFO     | app.main:event_stream:110 - Agent Activity — system: token — 
2026-05-18 02:46:52.529 | INFO     | app.main:event_stream:110 - Agent Activity — system: token — 
2026-05-18 02:46:52.531 | INFO     | app.main:event_stream:110 - Agent Activity — system: token — 
2026-05-18 02:46:52.532 | INFO     | app.main:event_stream:110 - Agent Activity — system: token — 
2026-05-18 02:46:52.536 | INFO     | app.main:event_stream:110 - Agent Activity — system: token — 
2026-05-18 02:46:52.538 | INFO     | app.main:event_stream:110 - Agent Activity — system: token — 
2026-05-18 02:46:52.539 | INFO     | app.main:event_stream:110 - Agent Activity — system: token — 
2026-05-18 02:46:52.540 | INFO     | app.main:event_stream:110 - Agent Activity — system: token — 
2026-05-18 02:46:52.543 | INFO     | app.main:event_stream:110 - Agent Activity — system: token — 
2026-05-18 02:46:52.545 | INFO     | app.main:event_stream:110 - Agent Activity — system: token — 
2026-05-18 02:46:52.546 | INFO     | app.main:event_stream:110 - Agent Activity — system: token — 
2026-05-18 02:46:52.547 | INFO     | app.main:event_stream:110 - Agent Activity — system: token — 
2026-05-18 02:46:52.548 | INFO     | app.main:event_stream:110 - Agent Activity — system: token — 
2026-05-18 02:46:52.549 | INFO     | app.main:event_stream:110 - Agent Activity — system: token — 
2026-05-18 02:46:52.550 | INFO     | app.main:event_stream:110 - Agent Activity — system: token — 
2026-05-18 02:46:52.551 | INFO     | app.main:event_stream:110 - Agent Activity — system: token — 
2026-05-18 02:46:52.553 | INFO     | app.main:event_stream:110 - Agent Activity — system: token — 
2026-05-18 02:46:52.554 | INFO     | app.main:event_stream:110 - Agent Activity — system: token — 
2026-05-18 02:46:52.555 | INFO     | app.main:event_stream:110 - Agent Activity — system: token — 
2026-05-18 02:46:52.556 | INFO     | app.main:event_stream:110 - Agent Activity — system: token — 
2026-05-18 02:46:52.557 | INFO     | app.main:event_stream:110 - Agent Activity — system: token — 
2026-05-18 02:46:52.558 | INFO     | app.main:event_stream:110 - Agent Activity — system: token — 
2026-05-18 02:46:52.559 | INFO     | app.main:event_stream:110 - Agent Activity — system: token — 
2026-05-18 02:46:52.560 | INFO     | app.main:event_stream:110 - Agent Activity — system: token — 
2026-05-18 02:46:52.561 | INFO     | app.main:event_stream:110 - Agent Activity — system: token — 
2026-05-18 02:46:52.561 | INFO     | app.main:event_stream:110 - Agent Activity — system: token — 
2026-05-18 02:46:52.562 | INFO     | app.main:event_stream:110 - Agent Activity — system: token — 
2026-05-18 02:46:52.563 | INFO     | app.main:event_stream:110 - Agent Activity — system: token — 
2026-05-18 02:46:52.564 | INFO     | app.main:event_stream:110 - Agent Activity — system: token — 
2026-05-18 02:46:52.565 | INFO     | app.main:event_stream:110 - Agent Activity — system: token — 
2026-05-18 02:46:52.566 | INFO     | app.main:event_stream:110 - Agent Activity — system: token — 
2026-05-18 02:46:52.567 | INFO     | app.main:event_stream:110 - Agent Activity — system: token — 
2026-05-18 02:46:52.569 | INFO     | app.main:event_stream:110 - Agent Activity — system: token — 
2026-05-18 02:46:52.571 | INFO     | app.main:event_stream:110 - Agent Activity — system: token — 
2026-05-18 02:46:52.572 | INFO     | app.main:event_stream:110 - Agent Activity — system: token — 
2026-05-18 02:46:52.573 | INFO     | app.main:event_stream:110 - Agent Activity — system: token — 
2026-05-18 02:46:52.574 | INFO     | app.main:event_stream:110 - Agent Activity — system: token — 
2026-05-18 02:46:52.576 | INFO     | app.main:event_stream:110 - Agent Activity — system: token — 
2026-05-18 02:46:52.579 | INFO     | app.main:event_stream:110 - Agent Activity — system: token — 
2026-05-18 02:46:52.583 | INFO     | app.main:event_stream:110 - Agent Activity — system: token — 
2026-05-18 02:46:52.585 | INFO     | app.main:event_stream:110 - Agent Activity — system: token — 
2026-05-18 02:46:52.587 | INFO     | app.main:event_stream:110 - Agent Activity — system: token — 
2026-05-18 02:46:52.588 | INFO     | app.main:event_stream:110 - Agent Activity — system: token — 
2026-05-18 02:46:52.589 | INFO     | app.main:event_stream:110 - Agent Activity — system: token — 
2026-05-18 02:46:52.590 | INFO     | app.main:event_stream:110 - Agent Activity — system: token — 
2026-05-18 02:46:52.591 | INFO     | app.main:event_stream:110 - Agent Activity — system: token — 
2026-05-18 02:46:52.592 | INFO     | app.main:event_stream:110 - Agent Activity — system: token — 
2026-05-18 02:46:52.594 | INFO     | app.main:event_stream:110 - Agent Activity — system: token — 
2026-05-18 02:46:52.595 | INFO     | app.main:event_stream:110 - Agent Activity — system: token — 
2026-05-18 02:46:52.596 | INFO     | app.main:event_stream:110 - Agent Activity — system: token — 
2026-05-18 02:46:52.597 | INFO     | app.main:event_stream:110 - Agent Activity — system: token — 
2026-05-18 02:46:52.598 | INFO     | app.main:event_stream:110 - Agent Activity — system: token — 
2026-05-18 02:46:52.600 | INFO     | app.main:event_stream:110 - Agent Activity — system: token — 
2026-05-18 02:46:52.603 | INFO     | app.main:event_stream:110 - Agent Activity — system: token — 
2026-05-18 02:46:52.605 | INFO     | app.main:event_stream:110 - Agent Activity — system: token — 
2026-05-18 02:46:52.607 | INFO     | app.main:event_stream:110 - Agent Activity — system: token — 
2026-05-18 02:46:52.609 | INFO     | app.main:event_stream:110 - Agent Activity — system: token — 
2026-05-18 02:46:52.612 | INFO     | app.main:event_stream:110 - Agent Activity — system: token — 
2026-05-18 02:46:52.613 | INFO     | app.main:event_stream:110 - Agent Activity — system: token — 
2026-05-18 02:46:52.614 | INFO     | app.main:event_stream:110 - Agent Activity — system: token — 
2026-05-18 02:46:52.615 | INFO     | app.main:event_stream:110 - Agent Activity — system: token — 
2026-05-18 02:46:52.616 | INFO     | app.main:event_stream:110 - Agent Activity — system: token — 
2026-05-18 02:46:52.617 | INFO     | app.main:event_stream:110 - Agent Activity — system: token — 
2026-05-18 02:46:52.618 | INFO     | app.main:event_stream:110 - Agent Activity — system: token — 
2026-05-18 02:46:52.619 | INFO     | app.main:event_stream:110 - Agent Activity — system: token — 
2026-05-18 02:46:52.620 | INFO     | app.main:event_stream:110 - Agent Activity — system: token — 
2026-05-18 02:46:52.622 | INFO     | app.main:event_stream:110 - Agent Activity — system: token — 
2026-05-18 02:46:52.623 | INFO     | app.main:event_stream:110 - Agent Activity — system: token — 
2026-05-18 02:46:52.624 | INFO     | app.main:event_stream:110 - Agent Activity — system: token — 
2026-05-18 02:46:52.625 | INFO     | app.main:event_stream:110 - Agent Activity — system: token — 
2026-05-18 02:46:52.625 | INFO     | app.main:event_stream:110 - Agent Activity — system: token — 
2026-05-18 02:46:52.628 | INFO     | app.main:event_stream:110 - Agent Activity — system: token — 
2026-05-18 02:46:52.630 | INFO     | app.main:event_stream:110 - Agent Activity — system: token — 
2026-05-18 02:46:52.632 | INFO     | app.main:event_stream:110 - Agent Activity — system: token — 
2026-05-18 02:46:52.633 | INFO     | app.main:event_stream:110 - Agent Activity — system: token — 
2026-05-18 02:46:52.635 | INFO     | app.main:event_stream:110 - Agent Activity — system: token — 
2026-05-18 02:46:52.639 | INFO     | app.main:event_stream:110 - Agent Activity — system: token — 
2026-05-18 02:46:52.643 | INFO     | app.main:event_stream:110 - Agent Activity — system: token — 
2026-05-18 02:46:52.645 | INFO     | app.main:event_stream:110 - Agent Activity — system: token — 
2026-05-18 02:46:52.646 | INFO     | app.main:event_stream:110 - Agent Activity — system: token — 
2026-05-18 02:46:52.647 | INFO     | app.main:event_stream:110 - Agent Activity — system: token — 
2026-05-18 02:46:52.648 | INFO     | app.main:event_stream:110 - Agent Activity — system: token — 
2026-05-18 02:46:52.649 | INFO     | app.main:event_stream:110 - Agent Activity — system: token — 
2026-05-18 02:46:52.651 | INFO     | app.main:event_stream:110 - Agent Activity — system: token — 
2026-05-18 02:46:52.652 | INFO     | app.main:event_stream:110 - Agent Activity — system: token — 
2026-05-18 02:46:52.653 | INFO     | app.main:event_stream:110 - Agent Activity — system: token — 
2026-05-18 02:46:52.654 | INFO     | app.main:event_stream:110 - Agent Activity — system: token — 
2026-05-18 02:46:52.655 | INFO     | app.main:event_stream:110 - Agent Activity — system: token — 
2026-05-18 02:46:52.657 | INFO     | app.main:event_stream:110 - Agent Activity — system: token — 
2026-05-18 02:46:52.658 | INFO     | app.main:event_stream:110 - Agent Activity — system: token — 
2026-05-18 02:46:52.659 | INFO     | app.main:event_stream:110 - Agent Activity — system: token — 
2026-05-18 02:46:52.659 | INFO     | app.main:event_stream:110 - Agent Activity — system: token — 
2026-05-18 02:46:52.660 | INFO     | app.main:event_stream:110 - Agent Activity — system: token — 
2026-05-18 02:46:52.661 | INFO     | app.main:event_stream:110 - Agent Activity — system: token — 
2026-05-18 02:46:52.662 | INFO     | app.main:event_stream:110 - Agent Activity — system: token — 
2026-05-18 02:46:52.663 | INFO     | app.main:event_stream:110 - Agent Activity — system: token — 
2026-05-18 02:46:52.664 | INFO     | app.main:event_stream:110 - Agent Activity — system: token — 
2026-05-18 02:46:52.664 | INFO     | app.main:event_stream:110 - Agent Activity — market: agent_start — Finding cross-platform deals for ASUS Vivobook 15 (X1504)...
2026-05-18 02:46:52.665 | INFO     | app.agents.market_agent:find_best_deals:233 - Finding best deals for: ASUS Vivobook 15 (X1504)
2026-05-18 02:46:55.044 | INFO     | app.services.search_service:search_deals_for_product:236 - Deal search returned 8 results for 'ASUS Vivobook 15 (X1504)'
2026-05-18 02:47:01.800 | INFO     | app.main:event_stream:110 - Agent Activity — system: final_result — Research complete! See the dashboard for details.
2026-05-18 02:47:01.805 | INFO     | app.main:event_stream:110 - Agent Activity — system: done — 
2026-05-18 02:58:32.424 | INFO     | app.main:chat:86 - User queried: Best coding laptops with 32GB RAM
2026-05-18 02:58:32.428 | INFO     | app.main:event_stream:110 - Agent Activity — intent: agent_start — Understanding your requirements...
2026-05-18 02:58:32.435 | INFO     | app.agents.graph:intent_node:28 - Graph: Running intent node
2026-05-18 02:58:35.441 | DEBUG    | app.agents.intent_agent:run_intent_agent:72 - Intent chain raw response: {
  "product_category": "laptop",
  "product_name": null,
  "specifications": ["32GB RAM"],
  "budget_range": {"min_price": 0, "max_price": 999999, "currency": "INR"},
  "usage_context": "general",
  "brand_preferences": [],
  "urgency": "can_wait",
  "is_specific_product": false,
  "is_complete": f
2026-05-18 02:58:35.442 | INFO     | app.agents.intent_agent:run_intent_agent:78 - Intent extracted: category=laptop, specific=False, complete=False, confidence=0.8
2026-05-18 02:58:35.446 | INFO     | app.main:event_stream:110 - Agent Activity — intent: agent_complete — Identified: laptop
2026-05-18 02:58:35.449 | INFO     | app.main:event_stream:110 - Agent Activity — intent: followup_needed — I need a bit more info: What is your budget for the laptop?
2026-05-18 02:58:35.450 | INFO     | app.main:event_stream:110 - Agent Activity — system: done — 
2026-05-18 02:58:53.308 | INFO     | app.main:chat:86 - User queried: 140000 INR
2026-05-18 02:58:53.316 | INFO     | app.main:event_stream:110 - Agent Activity — intent: agent_start — Understanding your requirements...
2026-05-18 02:58:53.324 | INFO     | app.agents.graph:intent_node:28 - Graph: Running intent node
2026-05-18 02:58:56.205 | DEBUG    | app.agents.intent_agent:run_intent_agent:72 - Intent chain raw response: {
  "product_category": "laptop",
  "product_name": null,
  "specifications": ["32GB RAM"],
  "budget_range": {"min_price": 0, "max_price": 140000, "currency": "INR"},
  "usage_context": "general",
  "brand_preferences": [],
  "urgency": "can_wait",
  "is_specific_product": false,
  "is_complete": t
2026-05-18 02:58:56.206 | INFO     | app.agents.intent_agent:run_intent_agent:78 - Intent extracted: category=laptop, specific=False, complete=True, confidence=0.8
2026-05-18 02:58:56.219 | INFO     | app.main:event_stream:110 - Agent Activity — intent: agent_complete — Identified: laptop
2026-05-18 02:58:56.222 | INFO     | app.main:event_stream:110 - Agent Activity — market: agent_start — Searching across platforms...
2026-05-18 02:58:56.225 | INFO     | app.main:event_stream:110 - Agent Activity — reddit: agent_start — Scanning Reddit discussions...
2026-05-18 02:58:56.242 | INFO     | app.main:event_stream:110 - Agent Activity — youtube: agent_start — Analyzing YouTube reviews...
2026-05-18 02:58:56.246 | INFO     | app.agents.graph:market_node:43 - Graph: Running market node
2026-05-18 02:58:56.248 | INFO     | app.agents.market_agent:run_market_agent:126 - Market agent searching: 'laptop 32GB RAM under 140000 INR India buy'
2026-05-18 02:58:56.248 | INFO     | app.services.search_service:search_products:81 - Searching products via Serper API: laptop 32GB RAM under 140000 INR India buy
2026-05-18 02:58:56.250 | INFO     | app.agents.graph:reddit_node:57 - Graph: Running reddit node
2026-05-18 02:58:56.251 | INFO     | app.agents.reddit_agent.reddit_agent:run_reddit_agent:106 - Reddit Agent: Searching ['GadgetsIndia', 'IndianGaming', 'LaptopDealsIndia', 'SuggestALaptop'] for 'laptop review India'
2026-05-18 02:58:56.253 | INFO     | app.agents.graph:youtube_node:69 - Graph: Running youtube node
2026-05-18 02:58:56.254 | INFO     | app.agents.youtube_agent.youtube_agent:run_youtube_agent:154 - YouTube Agent: Searching top long-form videos for 'laptop'
2026-05-18 02:58:58.817 | INFO     | app.agents.reddit_agent.reddit_agent:run_reddit_agent:114 - Fetching thread: Need Laptop Suggestions and Reviews from users for this laptop.
2026-05-18 02:59:00.510 | INFO     | app.agents.reddit_agent.reddit_agent:run_reddit_agent:114 - Fetching thread: The worst choice I ever made was buying a Gigabyte laptop in India
2026-05-18 02:59:02.479 | INFO     | app.agents.reddit_agent.reddit_agent:run_reddit_agent:114 - Fetching thread: Recently bought a laptop from r/lestic. Review after 10 days - Reddit
2026-05-18 02:59:04.240 | INFO     | app.services.search_service:search_youtube_videos:392 - Serper YouTube search returned 12 ranked videos for 'laptop'
2026-05-18 02:59:04.242 | INFO     | app.agents.youtube_agent.youtube_agent:run_youtube_agent:165 - Fetching transcript for video: The Best Laptops For Students in 2026 (Affordable Editon)
2026-05-18 02:59:06.739 | WARNING  | app.agents.youtube_agent.transcript_extractor:extract_and_clean_transcript:40 - Transcript extraction blocked by YouTube for video 5OzQtuI_3tg; using Serper video metadata fallback.
2026-05-18 02:59:06.745 | INFO     | app.agents.youtube_agent.youtube_agent:run_youtube_agent:165 - Fetching transcript for video: Best Laptops 2026 | HP vs Dell vs MSI vs Lenovo vs Acer vs ...
2026-05-18 02:59:09.097 | WARNING  | app.agents.youtube_agent.transcript_extractor:extract_and_clean_transcript:40 - Transcript extraction blocked by YouTube for video 8pJJXwQE4qw; using Serper video metadata fallback.
2026-05-18 02:59:09.101 | INFO     | app.agents.youtube_agent.youtube_agent:run_youtube_agent:165 - Fetching transcript for video: Laptop Buying Guide 2026 - Don't Waste Your Money!
2026-05-18 02:59:11.662 | WARNING  | app.agents.youtube_agent.transcript_extractor:extract_and_clean_transcript:40 - Transcript extraction blocked by YouTube for video QyhBakGTyeI; using Serper video metadata fallback.
2026-05-18 02:59:11.666 | INFO     | app.agents.youtube_agent.youtube_agent:run_youtube_agent:165 - Fetching transcript for video: The Best Laptops of 2025
2026-05-18 02:59:14.119 | WARNING  | app.agents.youtube_agent.transcript_extractor:extract_and_clean_transcript:40 - Transcript extraction blocked by YouTube for video PKshhTHyoZU; using Serper video metadata fallback.
2026-05-18 02:59:14.122 | INFO     | app.agents.youtube_agent.youtube_agent:run_youtube_agent:165 - Fetching transcript for video: Top 10 Best Looking Laptops of 2025
2026-05-18 02:59:16.416 | WARNING  | app.agents.youtube_agent.transcript_extractor:extract_and_clean_transcript:40 - Transcript extraction blocked by YouTube for video 9iEoQMF_hPY; using Serper video metadata fallback.
2026-05-18 02:59:16.420 | INFO     | app.agents.youtube_agent.youtube_agent:run_youtube_agent:165 - Fetching transcript for video: Best Student Laptops 2025 – Ultimate Buyer's Guide!
2026-05-18 02:59:18.804 | WARNING  | app.agents.youtube_agent.transcript_extractor:extract_and_clean_transcript:40 - Transcript extraction blocked by YouTube for video CV6HsBln6jI; using Serper video metadata fallback.
2026-05-18 02:59:18.811 | INFO     | app.agents.youtube_agent.youtube_agent:run_youtube_agent:165 - Fetching transcript for video: The Best Laptops to Buy in 2025
2026-05-18 02:59:21.280 | WARNING  | app.agents.youtube_agent.transcript_extractor:extract_and_clean_transcript:40 - Transcript extraction blocked by YouTube for video Dq9JbQxUk3I; using Serper video metadata fallback.
2026-05-18 02:59:21.283 | INFO     | app.agents.youtube_agent.youtube_agent:run_youtube_agent:165 - Fetching transcript for video: (2025) Best Design Laptops | Design Laptop Buyers Guide
2026-05-18 02:59:23.894 | WARNING  | app.agents.youtube_agent.transcript_extractor:extract_and_clean_transcript:40 - Transcript extraction blocked by YouTube for video eIb0V-CtJcU; using Serper video metadata fallback.
2026-05-18 02:59:23.900 | INFO     | app.agents.youtube_agent.youtube_agent:run_youtube_agent:165 - Fetching transcript for video: 5 Best Student Laptops 2026 | Top Laptops for School & College
2026-05-18 02:59:26.278 | WARNING  | app.agents.youtube_agent.transcript_extractor:extract_and_clean_transcript:40 - Transcript extraction blocked by YouTube for video 3q19gv0_gVw; using Serper video metadata fallback.
2026-05-18 02:59:26.282 | INFO     | app.agents.youtube_agent.youtube_agent:run_youtube_agent:165 - Fetching transcript for video: Top 10 Laptops for Battery Life! – We Tested 100+ - YouTube
2026-05-18 02:59:28.012 | WARNING  | app.agents.youtube_agent.transcript_extractor:extract_and_clean_transcript:40 - Transcript extraction blocked by YouTube for video EYIzDHbxtK8; using Serper video metadata fallback.
2026-05-18 02:59:28.035 | INFO     | app.services.search_service:search_products:195 - Serper API returned 50 results (43 with parsed prices).
2026-05-18 02:59:28.052 | INFO     | app.main:event_stream:110 - Agent Activity — reddit: agent_complete — Analyzed 3 Reddit threads
2026-05-18 02:59:31.202 | ERROR    | app.agents.market_agent:run_market_agent:204 - Market agent analysis error: (Request ID: Root=1-6a0a3339-1ee586983427a1366742bc76;e0dd761b-6a85-4f8b-8185-e3682c90ae3e)

Bad request:
2026-05-18 02:59:31.205 | INFO     | app.agents.market_agent:run_market_agent:207 - Recovered 5 products from raw search result prices after LLM failure
2026-05-18 02:59:31.208 | INFO     | app.main:event_stream:110 - Agent Activity — market: agent_complete — Found 5 products
2026-05-18 02:59:36.412 | ERROR    | app.services.llm_service:parse_and_validate:102 - JSON repair failed: Expecting value: line 1 column 1 (char 0)
2026-05-18 02:59:36.413 | ERROR    | app.agents.youtube_agent.youtube_agent:run_youtube_agent:210 - YouTube transcript analysis failed: Could not parse JSON from LLM response: Based on the provided YouTube evidence, here's a synthesis of the collective recommendations from the creators:

**Summary:** The creators collectively recommend laptops that are suitable for students, general usage, and offer good battery life. They also emphasize the importance of considering fact
2026-05-18 02:59:36.414 | INFO     | app.main:event_stream:110 - Agent Activity — youtube: agent_complete — Analyzed 0 YouTube videos
2026-05-18 02:59:36.416 | INFO     | app.main:event_stream:110 - Agent Activity — system: token — 
2026-05-18 02:59:36.417 | INFO     | app.main:event_stream:110 - Agent Activity — system: token — 
2026-05-18 02:59:36.418 | INFO     | app.main:event_stream:110 - Agent Activity — system: token — 
2026-05-18 02:59:36.418 | INFO     | app.main:event_stream:110 - Agent Activity — system: token — 
2026-05-18 02:59:36.420 | INFO     | app.main:event_stream:110 - Agent Activity — system: token — 
2026-05-18 02:59:36.421 | INFO     | app.main:event_stream:110 - Agent Activity — system: token — 
2026-05-18 02:59:36.422 | INFO     | app.main:event_stream:110 - Agent Activity — system: token — 
2026-05-18 02:59:36.423 | INFO     | app.main:event_stream:110 - Agent Activity — system: token — 
2026-05-18 02:59:36.424 | INFO     | app.main:event_stream:110 - Agent Activity — system: token — 
2026-05-18 02:59:36.425 | INFO     | app.main:event_stream:110 - Agent Activity — system: token — 
2026-05-18 02:59:36.425 | INFO     | app.main:event_stream:110 - Agent Activity — system: token — 
2026-05-18 02:59:36.425 | INFO     | app.main:event_stream:110 - Agent Activity — system: token — 
2026-05-18 02:59:36.426 | INFO     | app.main:event_stream:110 - Agent Activity — system: token — 
2026-05-18 02:59:36.427 | INFO     | app.main:event_stream:110 - Agent Activity — system: token — 
2026-05-18 02:59:36.427 | INFO     | app.main:event_stream:110 - Agent Activity — system: token — 
2026-05-18 02:59:36.428 | INFO     | app.main:event_stream:110 - Agent Activity — system: token — 
2026-05-18 02:59:36.429 | INFO     | app.main:event_stream:110 - Agent Activity — system: token — 
2026-05-18 02:59:36.430 | INFO     | app.main:event_stream:110 - Agent Activity — system: token — 
2026-05-18 02:59:36.431 | INFO     | app.main:event_stream:110 - Agent Activity — system: token — 
2026-05-18 02:59:36.432 | INFO     | app.main:event_stream:110 - Agent Activity — system: token — 
2026-05-18 02:59:36.432 | INFO     | app.main:event_stream:110 - Agent Activity — system: token — 
2026-05-18 02:59:36.434 | INFO     | app.main:event_stream:110 - Agent Activity — system: token — 
2026-05-18 02:59:36.435 | INFO     | app.main:event_stream:110 - Agent Activity — system: token — 
2026-05-18 02:59:36.438 | INFO     | app.main:event_stream:110 - Agent Activity — system: token — 
2026-05-18 02:59:36.441 | INFO     | app.main:event_stream:110 - Agent Activity — system: token — 
2026-05-18 02:59:36.443 | INFO     | app.main:event_stream:110 - Agent Activity — system: token — 
2026-05-18 02:59:36.444 | INFO     | app.main:event_stream:110 - Agent Activity — system: token — 
2026-05-18 02:59:36.445 | INFO     | app.main:event_stream:110 - Agent Activity — system: token — 
2026-05-18 02:59:36.446 | INFO     | app.main:event_stream:110 - Agent Activity — system: token — 
2026-05-18 02:59:36.447 | INFO     | app.main:event_stream:110 - Agent Activity — system: token — 
2026-05-18 02:59:36.447 | INFO     | app.main:event_stream:110 - Agent Activity — system: token — 
2026-05-18 02:59:36.448 | INFO     | app.main:event_stream:110 - Agent Activity — system: token — 
2026-05-18 02:59:36.449 | INFO     | app.main:event_stream:110 - Agent Activity — system: token — 
2026-05-18 02:59:36.449 | INFO     | app.main:event_stream:110 - Agent Activity — system: token — 
2026-05-18 02:59:36.450 | INFO     | app.main:event_stream:110 - Agent Activity — system: token — 
2026-05-18 02:59:36.450 | INFO     | app.main:event_stream:110 - Agent Activity — system: token — 
2026-05-18 02:59:36.451 | INFO     | app.main:event_stream:110 - Agent Activity — system: token — 
2026-05-18 02:59:36.452 | INFO     | app.main:event_stream:110 - Agent Activity — system: token — 
2026-05-18 02:59:36.453 | INFO     | app.main:event_stream:110 - Agent Activity — system: token — 
2026-05-18 02:59:36.454 | INFO     | app.main:event_stream:110 - Agent Activity — system: token — 
2026-05-18 02:59:36.456 | INFO     | app.main:event_stream:110 - Agent Activity — system: token — 
2026-05-18 02:59:36.457 | INFO     | app.main:event_stream:110 - Agent Activity — system: token — 
2026-05-18 02:59:36.459 | INFO     | app.main:event_stream:110 - Agent Activity — system: token — 
2026-05-18 02:59:36.461 | INFO     | app.main:event_stream:110 - Agent Activity — system: token — 
2026-05-18 02:59:36.461 | INFO     | app.main:event_stream:110 - Agent Activity — system: token — 
2026-05-18 02:59:36.462 | INFO     | app.main:event_stream:110 - Agent Activity — system: token — 
2026-05-18 02:59:36.463 | INFO     | app.main:event_stream:110 - Agent Activity — system: token — 
2026-05-18 02:59:36.464 | INFO     | app.main:event_stream:110 - Agent Activity — system: token — 
2026-05-18 02:59:36.464 | INFO     | app.main:event_stream:110 - Agent Activity — system: token — 
2026-05-18 02:59:36.465 | INFO     | app.main:event_stream:110 - Agent Activity — system: token — 
2026-05-18 02:59:36.466 | INFO     | app.main:event_stream:110 - Agent Activity — system: token — 
2026-05-18 02:59:36.467 | INFO     | app.main:event_stream:110 - Agent Activity — system: token — 
2026-05-18 02:59:36.467 | INFO     | app.main:event_stream:110 - Agent Activity — system: token — 
2026-05-18 02:59:36.469 | INFO     | app.main:event_stream:110 - Agent Activity — system: token — 
2026-05-18 02:59:36.471 | INFO     | app.main:event_stream:110 - Agent Activity — system: token — 
2026-05-18 02:59:36.471 | INFO     | app.main:event_stream:110 - Agent Activity — system: token — 
2026-05-18 02:59:36.473 | INFO     | app.main:event_stream:110 - Agent Activity — system: token — 
2026-05-18 02:59:36.474 | INFO     | app.main:event_stream:110 - Agent Activity — system: token — 
2026-05-18 02:59:36.475 | INFO     | app.main:event_stream:110 - Agent Activity — system: token — 
2026-05-18 02:59:36.476 | INFO     | app.main:event_stream:110 - Agent Activity — system: token — 
2026-05-18 02:59:36.477 | INFO     | app.main:event_stream:110 - Agent Activity — system: token — 
2026-05-18 02:59:36.478 | INFO     | app.main:event_stream:110 - Agent Activity — system: token — 
2026-05-18 02:59:36.479 | INFO     | app.main:event_stream:110 - Agent Activity — system: token — 
2026-05-18 02:59:36.480 | INFO     | app.main:event_stream:110 - Agent Activity — system: token — 
2026-05-18 02:59:36.481 | INFO     | app.main:event_stream:110 - Agent Activity — system: token — 
2026-05-18 02:59:36.481 | INFO     | app.main:event_stream:110 - Agent Activity — system: token — 
2026-05-18 02:59:36.482 | INFO     | app.main:event_stream:110 - Agent Activity — system: token — 
2026-05-18 02:59:36.482 | INFO     | app.main:event_stream:110 - Agent Activity — system: token — 
2026-05-18 02:59:36.483 | INFO     | app.main:event_stream:110 - Agent Activity — system: token — 
2026-05-18 02:59:36.484 | INFO     | app.main:event_stream:110 - Agent Activity — system: token — 
2026-05-18 02:59:36.485 | INFO     | app.main:event_stream:110 - Agent Activity — system: token — 
2026-05-18 02:59:36.487 | INFO     | app.main:event_stream:110 - Agent Activity — system: token — 
2026-05-18 02:59:36.490 | INFO     | app.main:event_stream:110 - Agent Activity — system: token — 
2026-05-18 02:59:36.492 | INFO     | app.main:event_stream:110 - Agent Activity — system: token — 
2026-05-18 02:59:36.495 | INFO     | app.main:event_stream:110 - Agent Activity — system: token — 
2026-05-18 02:59:36.497 | INFO     | app.main:event_stream:110 - Agent Activity — system: token — 
2026-05-18 02:59:36.499 | INFO     | app.main:event_stream:110 - Agent Activity — system: token — 
2026-05-18 02:59:36.500 | INFO     | app.main:event_stream:110 - Agent Activity — system: token — 
2026-05-18 02:59:36.501 | INFO     | app.main:event_stream:110 - Agent Activity — system: token — 
2026-05-18 02:59:36.502 | INFO     | app.main:event_stream:110 - Agent Activity — system: token — 
2026-05-18 02:59:36.503 | INFO     | app.main:event_stream:110 - Agent Activity — system: token — 
2026-05-18 02:59:36.504 | INFO     | app.main:event_stream:110 - Agent Activity — system: token — 
2026-05-18 02:59:36.506 | INFO     | app.main:event_stream:110 - Agent Activity — system: token — 
2026-05-18 02:59:36.508 | INFO     | app.main:event_stream:110 - Agent Activity — system: token — 
2026-05-18 02:59:36.510 | INFO     | app.main:event_stream:110 - Agent Activity — system: token — 
2026-05-18 02:59:36.512 | INFO     | app.main:event_stream:110 - Agent Activity — system: token — 
2026-05-18 02:59:36.513 | INFO     | app.main:event_stream:110 - Agent Activity — system: token — 
2026-05-18 02:59:36.514 | INFO     | app.main:event_stream:110 - Agent Activity — system: token — 
2026-05-18 02:59:36.514 | INFO     | app.main:event_stream:110 - Agent Activity — system: token — 
2026-05-18 02:59:36.515 | INFO     | app.main:event_stream:110 - Agent Activity — system: token — 
2026-05-18 02:59:36.515 | INFO     | app.main:event_stream:110 - Agent Activity — system: token — 
2026-05-18 02:59:36.516 | INFO     | app.main:event_stream:110 - Agent Activity — system: token — 
2026-05-18 02:59:36.516 | INFO     | app.main:event_stream:110 - Agent Activity — system: token — 
2026-05-18 02:59:36.517 | INFO     | app.main:event_stream:110 - Agent Activity — system: token — 
2026-05-18 02:59:36.517 | INFO     | app.main:event_stream:110 - Agent Activity — system: token — 
2026-05-18 02:59:36.518 | INFO     | app.main:event_stream:110 - Agent Activity — system: token — 
2026-05-18 02:59:36.519 | INFO     | app.main:event_stream:110 - Agent Activity — system: token — 
2026-05-18 02:59:36.520 | INFO     | app.main:event_stream:110 - Agent Activity — system: token — 
2026-05-18 02:59:36.521 | INFO     | app.main:event_stream:110 - Agent Activity — system: token — 
2026-05-18 02:59:36.522 | INFO     | app.main:event_stream:110 - Agent Activity — system: token — 
2026-05-18 02:59:36.523 | INFO     | app.main:event_stream:110 - Agent Activity — system: token — 
2026-05-18 02:59:36.524 | INFO     | app.main:event_stream:110 - Agent Activity — system: token — 
2026-05-18 02:59:36.525 | INFO     | app.main:event_stream:110 - Agent Activity — system: token — 
2026-05-18 02:59:36.526 | INFO     | app.main:event_stream:110 - Agent Activity — system: token — 
2026-05-18 02:59:36.526 | INFO     | app.main:event_stream:110 - Agent Activity — system: token — 
2026-05-18 02:59:36.528 | INFO     | app.main:event_stream:110 - Agent Activity — system: token — 
2026-05-18 02:59:36.528 | INFO     | app.main:event_stream:110 - Agent Activity — system: token — 
2026-05-18 02:59:36.529 | INFO     | app.main:event_stream:110 - Agent Activity — system: token — 
2026-05-18 02:59:36.530 | INFO     | app.main:event_stream:110 - Agent Activity — system: token — 
2026-05-18 02:59:36.530 | INFO     | app.main:event_stream:110 - Agent Activity — system: token — 
2026-05-18 02:59:36.531 | INFO     | app.main:event_stream:110 - Agent Activity — system: token — 
2026-05-18 02:59:36.532 | INFO     | app.main:event_stream:110 - Agent Activity — system: token — 
2026-05-18 02:59:36.533 | INFO     | app.main:event_stream:110 - Agent Activity — system: token — 
2026-05-18 02:59:36.535 | INFO     | app.main:event_stream:110 - Agent Activity — system: token — 
2026-05-18 02:59:36.537 | INFO     | app.main:event_stream:110 - Agent Activity — system: token — 
2026-05-18 02:59:36.538 | INFO     | app.main:event_stream:110 - Agent Activity — system: token — 
2026-05-18 02:59:36.540 | INFO     | app.main:event_stream:110 - Agent Activity — system: token — 
2026-05-18 02:59:36.540 | INFO     | app.main:event_stream:110 - Agent Activity — system: token — 
2026-05-18 02:59:36.541 | INFO     | app.main:event_stream:110 - Agent Activity — system: token — 
2026-05-18 02:59:36.542 | INFO     | app.main:event_stream:110 - Agent Activity — system: token — 
2026-05-18 02:59:36.543 | INFO     | app.main:event_stream:110 - Agent Activity — system: token — 
2026-05-18 02:59:36.544 | INFO     | app.main:event_stream:110 - Agent Activity — system: token — 
2026-05-18 02:59:36.545 | INFO     | app.main:event_stream:110 - Agent Activity — system: token — 
2026-05-18 02:59:36.545 | INFO     | app.main:event_stream:110 - Agent Activity — system: token — 
2026-05-18 02:59:36.546 | INFO     | app.main:event_stream:110 - Agent Activity — system: token — 
2026-05-18 02:59:36.547 | INFO     | app.main:event_stream:110 - Agent Activity — system: token — 
2026-05-18 02:59:36.549 | INFO     | app.main:event_stream:110 - Agent Activity — system: token — 
2026-05-18 02:59:36.551 | INFO     | app.main:event_stream:110 - Agent Activity — system: token — 
2026-05-18 02:59:36.557 | INFO     | app.main:event_stream:110 - Agent Activity — system: token — 
2026-05-18 02:59:36.561 | INFO     | app.main:event_stream:110 - Agent Activity — system: token — 
2026-05-18 02:59:36.562 | INFO     | app.main:event_stream:110 - Agent Activity — system: token — 
2026-05-18 02:59:36.564 | INFO     | app.main:event_stream:110 - Agent Activity — system: token — 
2026-05-18 02:59:36.567 | INFO     | app.main:event_stream:110 - Agent Activity — system: token — 
2026-05-18 02:59:36.568 | INFO     | app.main:event_stream:110 - Agent Activity — system: token — 
2026-05-18 02:59:36.569 | INFO     | app.main:event_stream:110 - Agent Activity — system: token — 
2026-05-18 02:59:36.570 | INFO     | app.main:event_stream:110 - Agent Activity — system: token — 
2026-05-18 02:59:36.572 | INFO     | app.main:event_stream:110 - Agent Activity — system: token — 
2026-05-18 02:59:36.573 | INFO     | app.main:event_stream:110 - Agent Activity — system: token — 
2026-05-18 02:59:36.574 | INFO     | app.main:event_stream:110 - Agent Activity — system: token — 
2026-05-18 02:59:36.575 | INFO     | app.main:event_stream:110 - Agent Activity — system: token — 
2026-05-18 02:59:36.576 | INFO     | app.main:event_stream:110 - Agent Activity — system: token — 
2026-05-18 02:59:36.577 | INFO     | app.main:event_stream:110 - Agent Activity — system: token — 
2026-05-18 02:59:36.578 | INFO     | app.main:event_stream:110 - Agent Activity — system: token — 
2026-05-18 02:59:36.580 | INFO     | app.main:event_stream:110 - Agent Activity — system: token — 
2026-05-18 02:59:36.582 | INFO     | app.main:event_stream:110 - Agent Activity — system: token — 
2026-05-18 02:59:36.582 | INFO     | app.main:event_stream:110 - Agent Activity — system: token — 
2026-05-18 02:59:36.583 | INFO     | app.main:event_stream:110 - Agent Activity — system: token — 
2026-05-18 02:59:36.584 | INFO     | app.main:event_stream:110 - Agent Activity — system: token — 
2026-05-18 02:59:36.585 | INFO     | app.main:event_stream:110 - Agent Activity — system: token — 
2026-05-18 02:59:36.588 | INFO     | app.main:event_stream:110 - Agent Activity — system: token — 
2026-05-18 02:59:36.589 | INFO     | app.main:event_stream:110 - Agent Activity — system: token — 
2026-05-18 02:59:36.591 | INFO     | app.main:event_stream:110 - Agent Activity — system: token — 
2026-05-18 02:59:36.592 | INFO     | app.main:event_stream:110 - Agent Activity — system: token — 
2026-05-18 02:59:36.593 | INFO     | app.main:event_stream:110 - Agent Activity — system: token — 
2026-05-18 02:59:36.594 | INFO     | app.main:event_stream:110 - Agent Activity — system: token — 
2026-05-18 02:59:36.594 | INFO     | app.main:event_stream:110 - Agent Activity — system: token — 
2026-05-18 02:59:36.596 | INFO     | app.main:event_stream:110 - Agent Activity — system: token — 
2026-05-18 02:59:36.597 | INFO     | app.main:event_stream:110 - Agent Activity — system: token — 
2026-05-18 02:59:36.597 | INFO     | app.main:event_stream:110 - Agent Activity — system: token — 
2026-05-18 02:59:36.598 | INFO     | app.main:event_stream:110 - Agent Activity — system: token — 
2026-05-18 02:59:36.599 | INFO     | app.main:event_stream:110 - Agent Activity — system: token — 
2026-05-18 02:59:36.600 | INFO     | app.main:event_stream:110 - Agent Activity — system: token — 
2026-05-18 02:59:36.601 | INFO     | app.main:event_stream:110 - Agent Activity — system: token — 
2026-05-18 02:59:36.604 | INFO     | app.main:event_stream:110 - Agent Activity — system: token — 
2026-05-18 02:59:36.607 | INFO     | app.main:event_stream:110 - Agent Activity — system: token — 
2026-05-18 02:59:36.613 | INFO     | app.main:event_stream:110 - Agent Activity — system: token — 
2026-05-18 02:59:36.614 | INFO     | app.main:event_stream:110 - Agent Activity — system: token — 
2026-05-18 02:59:36.615 | INFO     | app.main:event_stream:110 - Agent Activity — system: token — 
2026-05-18 02:59:36.617 | INFO     | app.main:event_stream:110 - Agent Activity — system: token — 
2026-05-18 02:59:36.618 | INFO     | app.main:event_stream:110 - Agent Activity — system: token — 
2026-05-18 02:59:36.619 | INFO     | app.main:event_stream:110 - Agent Activity — system: token — 
2026-05-18 02:59:36.620 | INFO     | app.main:event_stream:110 - Agent Activity — system: token — 
2026-05-18 02:59:36.621 | INFO     | app.main:event_stream:110 - Agent Activity — system: token — 
2026-05-18 02:59:36.622 | INFO     | app.main:event_stream:110 - Agent Activity — system: token — 
2026-05-18 02:59:36.623 | INFO     | app.main:event_stream:110 - Agent Activity — system: token — 
2026-05-18 02:59:36.625 | INFO     | app.main:event_stream:110 - Agent Activity — system: token — 
2026-05-18 02:59:36.626 | INFO     | app.main:event_stream:110 - Agent Activity — system: token — 
2026-05-18 02:59:36.627 | INFO     | app.main:event_stream:110 - Agent Activity — system: token — 
2026-05-18 02:59:36.627 | INFO     | app.main:event_stream:110 - Agent Activity — system: token — 
2026-05-18 02:59:36.628 | INFO     | app.main:event_stream:110 - Agent Activity — system: token — 
2026-05-18 02:59:36.629 | INFO     | app.main:event_stream:110 - Agent Activity — system: token — 
2026-05-18 02:59:36.629 | INFO     | app.main:event_stream:110 - Agent Activity — system: token — 
2026-05-18 02:59:36.630 | INFO     | app.main:event_stream:110 - Agent Activity — system: token — 
2026-05-18 02:59:36.630 | INFO     | app.main:event_stream:110 - Agent Activity — system: token — 
2026-05-18 02:59:36.631 | INFO     | app.main:event_stream:110 - Agent Activity — system: token — 
2026-05-18 02:59:36.631 | INFO     | app.main:event_stream:110 - Agent Activity — system: token — 
2026-05-18 02:59:36.632 | INFO     | app.main:event_stream:110 - Agent Activity — system: token — 
2026-05-18 02:59:36.633 | INFO     | app.main:event_stream:110 - Agent Activity — system: token — 
2026-05-18 02:59:36.635 | INFO     | app.main:event_stream:110 - Agent Activity — system: token — 
2026-05-18 02:59:36.636 | INFO     | app.main:event_stream:110 - Agent Activity — system: token — 
2026-05-18 02:59:36.637 | INFO     | app.main:event_stream:110 - Agent Activity — system: token — 
2026-05-18 02:59:36.638 | INFO     | app.main:event_stream:110 - Agent Activity — system: token — 
2026-05-18 02:59:36.639 | INFO     | app.main:event_stream:110 - Agent Activity — system: token — 
2026-05-18 02:59:36.640 | INFO     | app.main:event_stream:110 - Agent Activity — system: token — 
2026-05-18 02:59:36.640 | INFO     | app.main:event_stream:110 - Agent Activity — system: token — 
2026-05-18 02:59:36.641 | INFO     | app.main:event_stream:110 - Agent Activity — system: token — 
2026-05-18 02:59:36.641 | INFO     | app.main:event_stream:110 - Agent Activity — system: token — 
2026-05-18 02:59:36.642 | INFO     | app.main:event_stream:110 - Agent Activity — system: token — 
2026-05-18 02:59:36.643 | INFO     | app.main:event_stream:110 - Agent Activity — system: token — 
2026-05-18 02:59:36.644 | INFO     | app.main:event_stream:110 - Agent Activity — system: token — 
2026-05-18 02:59:36.645 | INFO     | app.main:event_stream:110 - Agent Activity — system: token — 
2026-05-18 02:59:36.646 | INFO     | app.main:event_stream:110 - Agent Activity — system: token — 
2026-05-18 02:59:36.646 | INFO     | app.main:event_stream:110 - Agent Activity — system: token — 
2026-05-18 02:59:36.647 | INFO     | app.main:event_stream:110 - Agent Activity — system: token — 
2026-05-18 02:59:36.648 | INFO     | app.main:event_stream:110 - Agent Activity — system: token — 
2026-05-18 02:59:36.649 | INFO     | app.main:event_stream:110 - Agent Activity — system: token — 
2026-05-18 02:59:36.652 | INFO     | app.main:event_stream:110 - Agent Activity — system: token — 
2026-05-18 02:59:36.654 | INFO     | app.main:event_stream:110 - Agent Activity — system: token — 
2026-05-18 02:59:36.655 | INFO     | app.main:event_stream:110 - Agent Activity — system: token — 
2026-05-18 02:59:36.657 | INFO     | app.main:event_stream:110 - Agent Activity — system: token — 
2026-05-18 02:59:36.658 | INFO     | app.main:event_stream:110 - Agent Activity — system: token — 
2026-05-18 02:59:36.660 | INFO     | app.main:event_stream:110 - Agent Activity — system: token — 
2026-05-18 02:59:36.661 | INFO     | app.main:event_stream:110 - Agent Activity — system: token — 
2026-05-18 02:59:36.664 | INFO     | app.main:event_stream:110 - Agent Activity — system: token — 
2026-05-18 02:59:36.666 | INFO     | app.main:event_stream:110 - Agent Activity — system: token — 
2026-05-18 02:59:36.667 | INFO     | app.main:event_stream:110 - Agent Activity — system: token — 
2026-05-18 02:59:36.670 | INFO     | app.main:event_stream:110 - Agent Activity — system: token — 
2026-05-18 02:59:36.672 | INFO     | app.main:event_stream:110 - Agent Activity — system: token — 
2026-05-18 02:59:36.675 | INFO     | app.main:event_stream:110 - Agent Activity — system: token — 
2026-05-18 02:59:36.679 | INFO     | app.main:event_stream:110 - Agent Activity — system: token — 
2026-05-18 02:59:36.680 | INFO     | app.main:event_stream:110 - Agent Activity — system: token — 
2026-05-18 02:59:36.681 | INFO     | app.main:event_stream:110 - Agent Activity — system: token — 
2026-05-18 02:59:36.681 | INFO     | app.main:event_stream:110 - Agent Activity — system: token — 
2026-05-18 02:59:36.682 | INFO     | app.main:event_stream:110 - Agent Activity — system: token — 
2026-05-18 02:59:36.682 | INFO     | app.main:event_stream:110 - Agent Activity — system: token — 
2026-05-18 02:59:36.683 | INFO     | app.main:event_stream:110 - Agent Activity — system: token — 
2026-05-18 02:59:36.684 | INFO     | app.main:event_stream:110 - Agent Activity — system: token — 
2026-05-18 02:59:36.684 | INFO     | app.main:event_stream:110 - Agent Activity — system: token — 
2026-05-18 02:59:36.685 | INFO     | app.main:event_stream:110 - Agent Activity — system: token — 
2026-05-18 02:59:36.686 | INFO     | app.main:event_stream:110 - Agent Activity — system: token — 
2026-05-18 02:59:36.687 | INFO     | app.main:event_stream:110 - Agent Activity — system: token — 
2026-05-18 02:59:36.688 | INFO     | app.main:event_stream:110 - Agent Activity — system: token — 
2026-05-18 02:59:36.691 | INFO     | app.main:event_stream:110 - Agent Activity — system: token — 
2026-05-18 02:59:36.695 | INFO     | app.main:event_stream:110 - Agent Activity — system: token — 
2026-05-18 02:59:36.697 | INFO     | app.main:event_stream:110 - Agent Activity — system: token — 
2026-05-18 02:59:36.699 | INFO     | app.main:event_stream:110 - Agent Activity — system: token — 
2026-05-18 02:59:36.700 | INFO     | app.main:event_stream:110 - Agent Activity — system: token — 
2026-05-18 02:59:36.700 | INFO     | app.main:event_stream:110 - Agent Activity — system: token — 
2026-05-18 02:59:36.701 | INFO     | app.main:event_stream:110 - Agent Activity — system: token — 
2026-05-18 02:59:36.701 | INFO     | app.main:event_stream:110 - Agent Activity — system: token — 
2026-05-18 02:59:36.702 | INFO     | app.main:event_stream:110 - Agent Activity — system: token — 
2026-05-18 02:59:36.704 | INFO     | app.main:event_stream:110 - Agent Activity — system: token — 
2026-05-18 02:59:36.705 | INFO     | app.main:event_stream:110 - Agent Activity — system: token — 
2026-05-18 02:59:36.707 | INFO     | app.main:event_stream:110 - Agent Activity — system: token — 
2026-05-18 02:59:36.707 | INFO     | app.main:event_stream:110 - Agent Activity — system: token — 
2026-05-18 02:59:36.708 | INFO     | app.main:event_stream:110 - Agent Activity — system: token — 
2026-05-18 02:59:36.709 | INFO     | app.main:event_stream:110 - Agent Activity — system: token — 
2026-05-18 02:59:36.709 | INFO     | app.main:event_stream:110 - Agent Activity — system: token — 
2026-05-18 02:59:36.710 | INFO     | app.main:event_stream:110 - Agent Activity — system: token — 
2026-05-18 02:59:36.710 | INFO     | app.main:event_stream:110 - Agent Activity — system: token — 
2026-05-18 02:59:36.711 | INFO     | app.main:event_stream:110 - Agent Activity — system: token — 
2026-05-18 02:59:36.711 | INFO     | app.main:event_stream:110 - Agent Activity — system: token — 
2026-05-18 02:59:36.712 | INFO     | app.main:event_stream:110 - Agent Activity — system: token — 
2026-05-18 02:59:36.714 | INFO     | app.main:event_stream:110 - Agent Activity — system: token — 
2026-05-18 02:59:36.715 | INFO     | app.main:event_stream:110 - Agent Activity — system: token — 
2026-05-18 02:59:36.717 | INFO     | app.main:event_stream:110 - Agent Activity — system: token — 
2026-05-18 02:59:36.718 | INFO     | app.main:event_stream:110 - Agent Activity — system: token — 
2026-05-18 02:59:36.719 | INFO     | app.main:event_stream:110 - Agent Activity — system: token — 
2026-05-18 02:59:36.721 | INFO     | app.main:event_stream:110 - Agent Activity — system: token — 
2026-05-18 02:59:36.723 | INFO     | app.main:event_stream:110 - Agent Activity — system: token — 
2026-05-18 02:59:36.724 | INFO     | app.main:event_stream:110 - Agent Activity — system: token — 
2026-05-18 02:59:36.726 | INFO     | app.main:event_stream:110 - Agent Activity — system: token — 
2026-05-18 02:59:36.728 | INFO     | app.main:event_stream:110 - Agent Activity — system: token — 
2026-05-18 02:59:36.729 | INFO     | app.main:event_stream:110 - Agent Activity — system: token — 
2026-05-18 02:59:36.730 | INFO     | app.main:event_stream:110 - Agent Activity — system: token — 
2026-05-18 02:59:36.731 | INFO     | app.main:event_stream:110 - Agent Activity — system: token — 
2026-05-18 02:59:36.732 | INFO     | app.main:event_stream:110 - Agent Activity — system: token — 
2026-05-18 02:59:36.734 | INFO     | app.main:event_stream:110 - Agent Activity — system: token — 
2026-05-18 02:59:36.736 | INFO     | app.main:event_stream:110 - Agent Activity — system: token — 
2026-05-18 02:59:36.738 | INFO     | app.main:event_stream:110 - Agent Activity — system: token — 
2026-05-18 02:59:36.740 | INFO     | app.main:event_stream:110 - Agent Activity — system: token — 
2026-05-18 02:59:36.742 | INFO     | app.main:event_stream:110 - Agent Activity — system: token — 
2026-05-18 02:59:36.743 | INFO     | app.main:event_stream:110 - Agent Activity — system: token — 
2026-05-18 02:59:36.743 | INFO     | app.main:event_stream:110 - Agent Activity — system: token — 
2026-05-18 02:59:36.744 | INFO     | app.main:event_stream:110 - Agent Activity — system: token — 
2026-05-18 02:59:36.746 | INFO     | app.main:event_stream:110 - Agent Activity — system: token — 
2026-05-18 02:59:36.746 | INFO     | app.main:event_stream:110 - Agent Activity — system: token — 
2026-05-18 02:59:36.747 | INFO     | app.main:event_stream:110 - Agent Activity — system: token — 
2026-05-18 02:59:36.747 | INFO     | app.main:event_stream:110 - Agent Activity — system: token — 
2026-05-18 02:59:36.748 | INFO     | app.main:event_stream:110 - Agent Activity — system: token — 
2026-05-18 02:59:36.748 | INFO     | app.main:event_stream:110 - Agent Activity — system: token — 
2026-05-18 02:59:36.749 | INFO     | app.main:event_stream:110 - Agent Activity — system: token — 
2026-05-18 02:59:36.749 | INFO     | app.main:event_stream:110 - Agent Activity — system: token — 
2026-05-18 02:59:36.750 | INFO     | app.main:event_stream:110 - Agent Activity — system: token — 
2026-05-18 02:59:36.751 | INFO     | app.main:event_stream:110 - Agent Activity — system: token — 
2026-05-18 02:59:36.752 | INFO     | app.main:event_stream:110 - Agent Activity — system: token — 
2026-05-18 02:59:36.754 | INFO     | app.main:event_stream:110 - Agent Activity — system: token — 
2026-05-18 02:59:36.755 | INFO     | app.main:event_stream:110 - Agent Activity — system: token — 
2026-05-18 02:59:36.756 | INFO     | app.main:event_stream:110 - Agent Activity — system: token — 
2026-05-18 02:59:36.757 | INFO     | app.main:event_stream:110 - Agent Activity — system: token — 
2026-05-18 02:59:36.758 | INFO     | app.main:event_stream:110 - Agent Activity — system: token — 
2026-05-18 02:59:36.758 | INFO     | app.main:event_stream:110 - Agent Activity — market: agent_start — Finding cross-platform deals for ASUS Vivobook 15 (X1504)...
2026-05-18 02:59:36.759 | INFO     | app.agents.market_agent:find_best_deals:233 - Finding best deals for: ASUS Vivobook 15 (X1504)
2026-05-18 02:59:39.131 | INFO     | app.services.search_service:search_deals_for_product:236 - Deal search returned 8 results for 'ASUS Vivobook 15 (X1504)'
2026-05-18 02:59:43.431 | INFO     | app.main:event_stream:110 - Agent Activity — market: agent_complete — Found 3 cross-platform deals
2026-05-18 02:59:43.432 | INFO     | app.main:event_stream:110 - Agent Activity — system: final_result — Research complete! See the dashboard for details.
2026-05-18 02:59:43.435 | INFO     | app.main:event_stream:110 - Agent Activity — system: done — 
2026-05-18 03:07:59.580 | INFO     | app.main:lifespan:42 - 👋 VeriBuy Backend shutting down
2026-05-18 03:08:04.983 | INFO     | app.main:lifespan:32 - 🚀 VeriBuy Backend starting...
2026-05-18 03:08:04.984 | INFO     | app.main:lifespan:37 - ✅ Ollama connected — model: qwen3:0.6b
2026-05-18 03:08:08.408 | INFO     | app.main:lifespan:42 - 👋 VeriBuy Backend shutting down
2026-05-18 03:08:13.419 | INFO     | app.main:lifespan:32 - 🚀 VeriBuy Backend starting...
2026-05-18 03:08:13.422 | INFO     | app.main:lifespan:37 - ✅ Ollama connected — model: qwen3:0.6b
2026-05-18 03:08:16.403 | INFO     | app.main:lifespan:42 - 👋 VeriBuy Backend shutting down
2026-05-18 03:08:19.886 | INFO     | app.main:lifespan:32 - 🚀 VeriBuy Backend starting...
2026-05-18 03:08:19.889 | INFO     | app.main:lifespan:37 - ✅ Ollama connected — model: qwen3:0.6b
2026-05-18 03:08:32.196 | INFO     | app.main:lifespan:42 - 👋 VeriBuy Backend shutting down
2026-05-18 03:08:35.155 | INFO     | app.main:lifespan:32 - 🚀 VeriBuy Backend starting...
2026-05-18 03:08:35.155 | INFO     | app.main:lifespan:37 - ✅ Ollama connected — model: qwen3:0.6b
2026-05-18 03:09:02.188 | INFO     | app.main:lifespan:42 - 👋 VeriBuy Backend shutting down
2026-05-18 03:09:11.086 | INFO     | app.main:lifespan:32 - 🚀 VeriBuy Backend starting...
2026-05-18 03:09:11.090 | INFO     | app.main:lifespan:37 - ✅ Ollama connected — model: qwen3:0.6b
2026-05-18 03:09:33.298 | INFO     | app.main:lifespan:42 - 👋 VeriBuy Backend shutting down
2026-05-18 03:09:40.746 | INFO     | app.main:lifespan:32 - 🚀 VeriBuy Backend starting...
2026-05-18 03:09:40.749 | INFO     | app.main:lifespan:37 - ✅ Ollama connected — model: qwen3:0.6b
2026-05-18 03:09:42.416 | INFO     | app.main:lifespan:42 - 👋 VeriBuy Backend shutting down
2026-05-18 03:09:48.041 | INFO     | app.main:lifespan:32 - 🚀 VeriBuy Backend starting...
2026-05-18 03:09:48.042 | INFO     | app.main:lifespan:37 - ✅ Ollama connected — model: qwen3:0.6b
2026-05-18 03:09:58.185 | INFO     | app.main:lifespan:42 - 👋 VeriBuy Backend shutting down
2026-05-18 03:10:04.731 | INFO     | app.main:lifespan:32 - 🚀 VeriBuy Backend starting...
2026-05-18 03:10:04.732 | INFO     | app.main:lifespan:37 - ✅ Ollama connected — model: qwen3:0.6b
2026-05-18 03:10:38.081 | INFO     | app.main:lifespan:42 - 👋 VeriBuy Backend shutting down
2026-05-18 03:10:44.678 | INFO     | app.main:lifespan:32 - 🚀 VeriBuy Backend starting...
2026-05-18 03:10:44.680 | INFO     | app.main:lifespan:37 - ✅ Ollama connected — model: qwen3:0.6b
2026-05-18 03:12:22.689 | INFO     | app.main:lifespan:42 - 👋 VeriBuy Backend shutting down
2026-05-18 03:12:30.730 | INFO     | app.main:lifespan:32 - 🚀 VeriBuy Backend starting...
2026-05-18 03:12:30.732 | INFO     | app.main:lifespan:37 - ✅ Ollama connected — model: qwen3:0.6b
2026-05-18 03:13:27.778 | INFO     | app.main:chat:86 - User queried: Best coding laptops with 32GB RAM
2026-05-18 03:13:27.825 | INFO     | app.main:event_stream:110 - Agent Activity — intent: agent_start — Understanding your requirements...
2026-05-18 03:13:27.843 | INFO     | app.agents.graph:intent_node:28 - Graph: Running intent node
2026-05-18 03:13:33.869 | DEBUG    | app.agents.intent_agent:run_intent_agent:72 - Intent chain raw response: {
    "product_category": "laptop",
    "product_name": null,
    "specifications": ["32GB RAM"],
    "budget_range": {"min_price": 0, "max_price": 999999, "currency": "INR"},
    "usage_context": "general",
    "brand_preferences": [],
    "urgency": "can_wait",
    "is_specific_product": false,
  
2026-05-18 03:13:33.870 | INFO     | app.agents.intent_agent:run_intent_agent:78 - Intent extracted: category=laptop, specific=False, complete=False, confidence=0.8
2026-05-18 03:13:33.873 | INFO     | app.main:event_stream:110 - Agent Activity — intent: agent_complete — Identified: laptop
2026-05-18 03:13:33.874 | INFO     | app.main:event_stream:110 - Agent Activity — intent: followup_needed — I need a bit more info: What is your budget for the laptop?
2026-05-18 03:13:33.874 | INFO     | app.main:event_stream:110 - Agent Activity — system: done — 
2026-05-18 03:13:59.152 | INFO     | app.main:chat:86 - User queried: 140000 INR
2026-05-18 03:13:59.154 | INFO     | app.main:event_stream:110 - Agent Activity — intent: agent_start — Understanding your requirements...
2026-05-18 03:13:59.158 | INFO     | app.agents.graph:intent_node:28 - Graph: Running intent node
2026-05-18 03:14:02.251 | DEBUG    | app.agents.intent_agent:run_intent_agent:72 - Intent chain raw response: {
    "product_category": "laptop",
    "product_name": null,
    "specifications": ["32GB RAM"],
    "budget_range": {"min_price": 0, "max_price": 140000, "currency": "INR"},
    "usage_context": "general",
    "brand_preferences": [],
    "urgency": "can_wait",
    "is_specific_product": false,
  
2026-05-18 03:14:02.253 | INFO     | app.agents.intent_agent:run_intent_agent:78 - Intent extracted: category=laptop, specific=False, complete=True, confidence=0.8
2026-05-18 03:14:02.261 | INFO     | app.main:event_stream:110 - Agent Activity — intent: agent_complete — Identified: laptop
2026-05-18 03:14:02.263 | INFO     | app.main:event_stream:110 - Agent Activity — market: agent_start — Searching across platforms...
2026-05-18 03:14:02.264 | INFO     | app.main:event_stream:110 - Agent Activity — reddit: agent_start — Scanning Reddit discussions...
2026-05-18 03:14:02.266 | INFO     | app.main:event_stream:110 - Agent Activity — youtube: agent_start — Analyzing YouTube reviews...
2026-05-18 03:14:02.269 | INFO     | app.agents.graph:market_node:43 - Graph: Running market node
2026-05-18 03:14:02.270 | INFO     | app.agents.market_agent:run_market_agent:142 - Market agent searching: 'laptop 32GB RAM under 140000 INR India buy'
2026-05-18 03:14:02.270 | INFO     | app.services.search_service:search_products:82 - Searching products via Serper API: laptop 32GB RAM under 140000 INR India buy
2026-05-18 03:14:02.271 | INFO     | app.agents.graph:reddit_node:57 - Graph: Running reddit node
2026-05-18 03:14:02.273 | INFO     | app.agents.reddit_agent.reddit_agent:run_reddit_agent:107 - Reddit Agent: Searching ['GadgetsIndia', 'IndianGaming', 'LaptopDealsIndia', 'SuggestALaptop'] for 'laptop review India'
2026-05-18 03:14:02.278 | INFO     | app.agents.graph:youtube_node:69 - Graph: Running youtube node
2026-05-18 03:14:02.281 | INFO     | app.agents.youtube_agent.youtube_agent:run_youtube_agent:157 - YouTube Agent: Searching top long-form videos for 'laptop'
2026-05-18 03:14:05.190 | INFO     | app.agents.reddit_agent.reddit_agent:run_reddit_agent:115 - Fetching thread: Need Laptop Suggestions and Reviews from users for this laptop.
2026-05-18 03:14:06.377 | INFO     | app.agents.reddit_agent.reddit_agent:run_reddit_agent:115 - Fetching thread: The worst choice I ever made was buying a Gigabyte laptop in India
2026-05-18 03:14:07.549 | INFO     | app.agents.reddit_agent.reddit_agent:run_reddit_agent:115 - Fetching thread: Recently bought a laptop from r/lestic. Review after 10 days - Reddit
2026-05-18 03:14:08.467 | INFO     | app.services.search_service:search_youtube_videos:399 - Serper YouTube search returned 12 ranked videos for 'laptop'
2026-05-18 03:14:08.468 | INFO     | app.agents.youtube_agent.youtube_agent:run_youtube_agent:168 - Fetching transcript for video: The Best Laptops For Students in 2026 (Affordable Editon)
2026-05-18 03:14:10.289 | WARNING  | app.agents.youtube_agent.transcript_extractor:extract_and_clean_transcript:41 - Transcript extraction blocked by YouTube for video 5OzQtuI_3tg; using Serper video metadata fallback.
2026-05-18 03:14:10.294 | INFO     | app.agents.youtube_agent.youtube_agent:run_youtube_agent:168 - Fetching transcript for video: Best Laptops 2026 | HP vs Dell vs MSI vs Lenovo vs Acer vs ...
2026-05-18 03:14:12.371 | WARNING  | app.agents.youtube_agent.transcript_extractor:extract_and_clean_transcript:41 - Transcript extraction blocked by YouTube for video 8pJJXwQE4qw; using Serper video metadata fallback.
2026-05-18 03:14:12.378 | INFO     | app.agents.youtube_agent.youtube_agent:run_youtube_agent:168 - Fetching transcript for video: Laptop Buying Guide 2026 - Don't Waste Your Money!
2026-05-18 03:14:14.233 | WARNING  | app.agents.youtube_agent.transcript_extractor:extract_and_clean_transcript:41 - Transcript extraction blocked by YouTube for video QyhBakGTyeI; using Serper video metadata fallback.
2026-05-18 03:14:14.236 | INFO     | app.agents.youtube_agent.youtube_agent:run_youtube_agent:168 - Fetching transcript for video: The Best Laptops of 2025
2026-05-18 03:14:15.884 | WARNING  | app.agents.youtube_agent.transcript_extractor:extract_and_clean_transcript:41 - Transcript extraction blocked by YouTube for video PKshhTHyoZU; using Serper video metadata fallback.
2026-05-18 03:14:15.893 | INFO     | app.agents.youtube_agent.youtube_agent:run_youtube_agent:168 - Fetching transcript for video: Top 10 Best Looking Laptops of 2025
2026-05-18 03:14:16.060 | WARNING  | app.services.search_service:fetch_all_serper:116 - Serper Shopping API unavailable: HTTPSConnectionPool(host='google.serper.dev', port=443): Read timed out. (read timeout=10)
2026-05-18 03:14:17.612 | WARNING  | app.agents.youtube_agent.transcript_extractor:extract_and_clean_transcript:41 - Transcript extraction blocked by YouTube for video 9iEoQMF_hPY; using Serper video metadata fallback.
2026-05-18 03:14:17.621 | INFO     | app.agents.youtube_agent.youtube_agent:run_youtube_agent:168 - Fetching transcript for video: Best Student Laptops 2025 – Ultimate Buyer's Guide!
2026-05-18 03:14:19.745 | WARNING  | app.agents.youtube_agent.transcript_extractor:extract_and_clean_transcript:41 - Transcript extraction blocked by YouTube for video CV6HsBln6jI; using Serper video metadata fallback.
2026-05-18 03:14:19.748 | INFO     | app.agents.youtube_agent.youtube_agent:run_youtube_agent:168 - Fetching transcript for video: The Best Laptops to Buy in 2025
2026-05-18 03:14:21.807 | WARNING  | app.agents.youtube_agent.transcript_extractor:extract_and_clean_transcript:41 - Transcript extraction blocked by YouTube for video Dq9JbQxUk3I; using Serper video metadata fallback.
2026-05-18 03:14:21.811 | INFO     | app.agents.youtube_agent.youtube_agent:run_youtube_agent:168 - Fetching transcript for video: (2025) Best Design Laptops | Design Laptop Buyers Guide
2026-05-18 03:14:24.030 | WARNING  | app.agents.youtube_agent.transcript_extractor:extract_and_clean_transcript:41 - Transcript extraction blocked by YouTube for video eIb0V-CtJcU; using Serper video metadata fallback.
2026-05-18 03:14:24.035 | INFO     | app.agents.youtube_agent.youtube_agent:run_youtube_agent:168 - Fetching transcript for video: 5 Best Student Laptops 2026 | Top Laptops for School & College
2026-05-18 03:14:25.769 | WARNING  | app.agents.youtube_agent.transcript_extractor:extract_and_clean_transcript:41 - Transcript extraction blocked by YouTube for video 3q19gv0_gVw; using Serper video metadata fallback.
2026-05-18 03:14:25.777 | INFO     | app.agents.youtube_agent.youtube_agent:run_youtube_agent:168 - Fetching transcript for video: Top 10 Laptops for Battery Life! – We Tested 100+ - YouTube
2026-05-18 03:14:27.481 | WARNING  | app.agents.youtube_agent.transcript_extractor:extract_and_clean_transcript:41 - Transcript extraction blocked by YouTube for video EYIzDHbxtK8; using Serper video metadata fallback.
2026-05-18 03:14:27.491 | INFO     | app.services.search_service:search_products:202 - Serper API returned 10 results (3 with parsed prices).
2026-05-18 03:14:27.497 | INFO     | app.main:event_stream:110 - Agent Activity — reddit: agent_complete — Analyzed 3 Reddit threads
2026-05-18 03:14:35.738 | ERROR    | app.services.llm_service:parse_and_validate:105 - JSON repair failed: Expecting value: line 1 column 1 (char 0)
2026-05-18 03:14:35.739 | ERROR    | app.agents.youtube_agent.youtube_agent:run_youtube_agent:213 - YouTube transcript analysis failed: Could not parse JSON from LLM response: After analyzing the provided YouTube transcripts, I've compiled a summary of recurring themes and product recommendations.

**Summary:**
The collective evidence from the YouTube videos suggests that users are looking for laptops that are affordable, have good battery life, and are suitable for stude
2026-05-18 03:14:35.741 | INFO     | app.main:event_stream:110 - Agent Activity — youtube: agent_complete — Analyzed 0 YouTube videos
2026-05-18 03:14:39.493 | DEBUG    | app.agents.market_agent:run_market_agent:181 - Market chain raw response: Based on your requirements, I've extracted and structured the products from the search results. Here's the JSON object with the "products" array:

```json
{
  "products": [
    {
      "name": "Dell 32gb Ram Laptop Core I7",
      "brand": "Dell",
      "model": "",
      "price": 82490,
      "curr
2026-05-18 03:14:39.494 | INFO     | app.agents.market_agent:run_market_agent:200 - Skipping product outside budget: ASUS TUF A15 (2026),AMD Ryzen 7 170, RTX 3050-4GB, 32GB RAM (Upgradeable), 1TB SSD, FHD, 15.6"(39.6 cm), Windows 11, M365 Basic(1 Year),Office 2024,Graphite ... at 150000.0 (budget 0.0-140000.0)
2026-05-18 03:14:39.495 | INFO     | app.agents.market_agent:run_market_agent:200 - Skipping product outside budget: NEW Microsoft Surface Laptop (7th Edition) - Windows 11 Home Copilot + PC - 13.8” LCD PixelSense Touchscreen - Qualcomm Snapdragon X Elite (12 Core) - 32GB RAM at 0.0 (budget 0.0-140000.0)
2026-05-18 03:14:40.954 | INFO     | app.main:event_stream:110 - Agent Activity — market: agent_complete — Found 1 products
2026-05-18 03:14:40.959 | INFO     | app.main:event_stream:110 - Agent Activity — system: token — 
2026-05-18 03:14:40.961 | INFO     | app.main:event_stream:110 - Agent Activity — system: token — 
2026-05-18 03:14:40.961 | INFO     | app.main:event_stream:110 - Agent Activity — system: token — 
2026-05-18 03:14:40.962 | INFO     | app.main:event_stream:110 - Agent Activity — system: token — 
2026-05-18 03:14:40.963 | INFO     | app.main:event_stream:110 - Agent Activity — system: token — 
2026-05-18 03:14:40.963 | INFO     | app.main:event_stream:110 - Agent Activity — system: token — 
2026-05-18 03:14:40.964 | INFO     | app.main:event_stream:110 - Agent Activity — system: token — 
2026-05-18 03:14:40.965 | INFO     | app.main:event_stream:110 - Agent Activity — system: token — 
2026-05-18 03:14:40.965 | INFO     | app.main:event_stream:110 - Agent Activity — system: token — 
2026-05-18 03:14:40.968 | INFO     | app.main:event_stream:110 - Agent Activity — system: token — 
2026-05-18 03:14:40.970 | INFO     | app.main:event_stream:110 - Agent Activity — system: token — 
2026-05-18 03:14:40.972 | INFO     | app.main:event_stream:110 - Agent Activity — system: token — 
2026-05-18 03:14:40.972 | INFO     | app.main:event_stream:110 - Agent Activity — system: token — 
2026-05-18 03:14:40.973 | INFO     | app.main:event_stream:110 - Agent Activity — system: token — 
2026-05-18 03:14:40.976 | INFO     | app.main:event_stream:110 - Agent Activity — system: token — 
2026-05-18 03:14:40.977 | INFO     | app.main:event_stream:110 - Agent Activity — system: token — 
2026-05-18 03:14:40.978 | INFO     | app.main:event_stream:110 - Agent Activity — system: token — 
2026-05-18 03:14:40.979 | INFO     | app.main:event_stream:110 - Agent Activity — system: token — 
2026-05-18 03:14:40.979 | INFO     | app.main:event_stream:110 - Agent Activity — system: token — 
2026-05-18 03:14:40.980 | INFO     | app.main:event_stream:110 - Agent Activity — system: token — 
2026-05-18 03:14:40.980 | INFO     | app.main:event_stream:110 - Agent Activity — system: token — 
2026-05-18 03:14:40.981 | INFO     | app.main:event_stream:110 - Agent Activity — system: token — 
2026-05-18 03:14:40.982 | INFO     | app.main:event_stream:110 - Agent Activity — system: token — 
2026-05-18 03:14:40.983 | INFO     | app.main:event_stream:110 - Agent Activity — system: token — 
2026-05-18 03:14:40.985 | INFO     | app.main:event_stream:110 - Agent Activity — system: token — 
2026-05-18 03:14:40.986 | INFO     | app.main:event_stream:110 - Agent Activity — system: token — 
2026-05-18 03:14:40.989 | INFO     | app.main:event_stream:110 - Agent Activity — system: token — 
2026-05-18 03:14:40.990 | INFO     | app.main:event_stream:110 - Agent Activity — system: token — 
2026-05-18 03:14:40.991 | INFO     | app.main:event_stream:110 - Agent Activity — system: token — 
2026-05-18 03:14:40.994 | INFO     | app.main:event_stream:110 - Agent Activity — system: token — 
2026-05-18 03:14:40.995 | INFO     | app.main:event_stream:110 - Agent Activity — system: token — 
2026-05-18 03:14:40.996 | INFO     | app.main:event_stream:110 - Agent Activity — system: token — 
2026-05-18 03:14:40.997 | INFO     | app.main:event_stream:110 - Agent Activity — system: token — 
2026-05-18 03:14:40.998 | INFO     | app.main:event_stream:110 - Agent Activity — system: token — 
2026-05-18 03:14:40.999 | INFO     | app.main:event_stream:110 - Agent Activity — system: token — 
2026-05-18 03:14:41.002 | INFO     | app.main:event_stream:110 - Agent Activity — system: token — 
2026-05-18 03:14:41.005 | INFO     | app.main:event_stream:110 - Agent Activity — system: token — 
2026-05-18 03:14:41.009 | INFO     | app.main:event_stream:110 - Agent Activity — system: token — 
2026-05-18 03:14:41.011 | INFO     | app.main:event_stream:110 - Agent Activity — system: token — 
2026-05-18 03:14:41.013 | INFO     | app.main:event_stream:110 - Agent Activity — system: token — 
2026-05-18 03:14:41.014 | INFO     | app.main:event_stream:110 - Agent Activity — system: token — 
2026-05-18 03:14:41.015 | INFO     | app.main:event_stream:110 - Agent Activity — system: token — 
2026-05-18 03:14:41.018 | INFO     | app.main:event_stream:110 - Agent Activity — system: token — 
2026-05-18 03:14:41.020 | INFO     | app.main:event_stream:110 - Agent Activity — system: token — 
2026-05-18 03:14:41.022 | INFO     | app.main:event_stream:110 - Agent Activity — system: token — 
2026-05-18 03:14:41.025 | INFO     | app.main:event_stream:110 - Agent Activity — system: token — 
2026-05-18 03:14:41.027 | INFO     | app.main:event_stream:110 - Agent Activity — system: token — 
2026-05-18 03:14:41.028 | INFO     | app.main:event_stream:110 - Agent Activity — system: token — 
2026-05-18 03:14:41.029 | INFO     | app.main:event_stream:110 - Agent Activity — system: token — 
2026-05-18 03:14:41.030 | INFO     | app.main:event_stream:110 - Agent Activity — system: token — 
2026-05-18 03:14:41.031 | INFO     | app.main:event_stream:110 - Agent Activity — system: token — 
2026-05-18 03:14:41.032 | INFO     | app.main:event_stream:110 - Agent Activity — system: token — 
2026-05-18 03:14:41.034 | INFO     | app.main:event_stream:110 - Agent Activity — system: token — 
2026-05-18 03:14:41.035 | INFO     | app.main:event_stream:110 - Agent Activity — system: token — 
2026-05-18 03:14:41.037 | INFO     | app.main:event_stream:110 - Agent Activity — system: token — 
2026-05-18 03:14:41.039 | INFO     | app.main:event_stream:110 - Agent Activity — system: token — 
2026-05-18 03:14:41.041 | INFO     | app.main:event_stream:110 - Agent Activity — system: token — 
2026-05-18 03:14:41.042 | INFO     | app.main:event_stream:110 - Agent Activity — system: token — 
2026-05-18 03:14:41.043 | INFO     | app.main:event_stream:110 - Agent Activity — system: token — 
2026-05-18 03:14:41.044 | INFO     | app.main:event_stream:110 - Agent Activity — system: token — 
2026-05-18 03:14:41.044 | INFO     | app.main:event_stream:110 - Agent Activity — system: token — 
2026-05-18 03:14:41.045 | INFO     | app.main:event_stream:110 - Agent Activity — system: token — 
2026-05-18 03:14:41.045 | INFO     | app.main:event_stream:110 - Agent Activity — system: token — 
2026-05-18 03:14:41.046 | INFO     | app.main:event_stream:110 - Agent Activity — system: token — 
2026-05-18 03:14:41.047 | INFO     | app.main:event_stream:110 - Agent Activity — system: token — 
2026-05-18 03:14:41.047 | INFO     | app.main:event_stream:110 - Agent Activity — system: token — 
2026-05-18 03:14:41.048 | INFO     | app.main:event_stream:110 - Agent Activity — system: token — 
2026-05-18 03:14:41.048 | INFO     | app.main:event_stream:110 - Agent Activity — system: token — 
2026-05-18 03:14:41.049 | INFO     | app.main:event_stream:110 - Agent Activity — system: token — 
2026-05-18 03:14:41.049 | INFO     | app.main:event_stream:110 - Agent Activity — system: token — 
2026-05-18 03:14:41.051 | INFO     | app.main:event_stream:110 - Agent Activity — system: token — 
2026-05-18 03:14:41.053 | INFO     | app.main:event_stream:110 - Agent Activity — system: token — 
2026-05-18 03:14:41.055 | INFO     | app.main:event_stream:110 - Agent Activity — system: token — 
2026-05-18 03:14:41.059 | INFO     | app.main:event_stream:110 - Agent Activity — system: token — 
2026-05-18 03:14:41.061 | INFO     | app.main:event_stream:110 - Agent Activity — system: token — 
2026-05-18 03:14:41.062 | INFO     | app.main:event_stream:110 - Agent Activity — system: token — 
2026-05-18 03:14:41.063 | INFO     | app.main:event_stream:110 - Agent Activity — system: token — 
2026-05-18 03:14:41.064 | INFO     | app.main:event_stream:110 - Agent Activity — system: token — 
2026-05-18 03:14:41.064 | INFO     | app.main:event_stream:110 - Agent Activity — system: token — 
2026-05-18 03:14:41.065 | INFO     | app.main:event_stream:110 - Agent Activity — system: token — 
2026-05-18 03:14:41.065 | INFO     | app.main:event_stream:110 - Agent Activity — system: token — 
2026-05-18 03:14:41.066 | INFO     | app.main:event_stream:110 - Agent Activity — system: token — 
2026-05-18 03:14:41.067 | INFO     | app.main:event_stream:110 - Agent Activity — system: token — 
2026-05-18 03:14:41.068 | INFO     | app.main:event_stream:110 - Agent Activity — system: token — 
2026-05-18 03:14:41.069 | INFO     | app.main:event_stream:110 - Agent Activity — system: token — 
2026-05-18 03:14:41.071 | INFO     | app.main:event_stream:110 - Agent Activity — system: token — 
2026-05-18 03:14:41.073 | INFO     | app.main:event_stream:110 - Agent Activity — system: token — 
2026-05-18 03:14:41.074 | INFO     | app.main:event_stream:110 - Agent Activity — system: token — 
2026-05-18 03:14:41.074 | INFO     | app.main:event_stream:110 - Agent Activity — system: token — 
2026-05-18 03:14:41.075 | INFO     | app.main:event_stream:110 - Agent Activity — system: token — 
2026-05-18 03:14:41.075 | INFO     | app.main:event_stream:110 - Agent Activity — system: token — 
2026-05-18 03:14:41.076 | INFO     | app.main:event_stream:110 - Agent Activity — system: token — 
2026-05-18 03:14:41.077 | INFO     | app.main:event_stream:110 - Agent Activity — system: token — 
2026-05-18 03:14:41.077 | INFO     | app.main:event_stream:110 - Agent Activity — system: token — 
2026-05-18 03:14:41.078 | INFO     | app.main:event_stream:110 - Agent Activity — system: token — 
2026-05-18 03:14:41.078 | INFO     | app.main:event_stream:110 - Agent Activity — system: token — 
2026-05-18 03:14:41.079 | INFO     | app.main:event_stream:110 - Agent Activity — system: token — 
2026-05-18 03:14:41.080 | INFO     | app.main:event_stream:110 - Agent Activity — system: token — 
2026-05-18 03:14:41.082 | INFO     | app.main:event_stream:110 - Agent Activity — system: token — 
2026-05-18 03:14:41.085 | INFO     | app.main:event_stream:110 - Agent Activity — system: token — 
2026-05-18 03:14:41.087 | INFO     | app.main:event_stream:110 - Agent Activity — system: token — 
2026-05-18 03:14:41.089 | INFO     | app.main:event_stream:110 - Agent Activity — system: token — 
2026-05-18 03:14:41.091 | INFO     | app.main:event_stream:110 - Agent Activity — system: token — 
2026-05-18 03:14:41.092 | INFO     | app.main:event_stream:110 - Agent Activity — system: token — 
2026-05-18 03:14:41.093 | INFO     | app.main:event_stream:110 - Agent Activity — system: token — 
2026-05-18 03:14:41.093 | INFO     | app.main:event_stream:110 - Agent Activity — system: token — 
2026-05-18 03:14:41.094 | INFO     | app.main:event_stream:110 - Agent Activity — system: token — 
2026-05-18 03:14:41.095 | INFO     | app.main:event_stream:110 - Agent Activity — system: token — 
2026-05-18 03:14:41.096 | INFO     | app.main:event_stream:110 - Agent Activity — system: token — 
2026-05-18 03:14:41.097 | INFO     | app.main:event_stream:110 - Agent Activity — system: token — 
2026-05-18 03:14:41.098 | INFO     | app.main:event_stream:110 - Agent Activity — system: token — 
2026-05-18 03:14:41.099 | INFO     | app.main:event_stream:110 - Agent Activity — system: token — 
2026-05-18 03:14:41.100 | INFO     | app.main:event_stream:110 - Agent Activity — system: token — 
2026-05-18 03:14:41.102 | INFO     | app.main:event_stream:110 - Agent Activity — system: token — 
2026-05-18 03:14:41.104 | INFO     | app.main:event_stream:110 - Agent Activity — system: token — 
2026-05-18 03:14:41.106 | INFO     | app.main:event_stream:110 - Agent Activity — system: token — 
2026-05-18 03:14:41.107 | INFO     | app.main:event_stream:110 - Agent Activity — system: token — 
2026-05-18 03:14:41.109 | INFO     | app.main:event_stream:110 - Agent Activity — system: token — 
2026-05-18 03:14:41.110 | INFO     | app.main:event_stream:110 - Agent Activity — system: token — 
2026-05-18 03:14:41.111 | INFO     | app.main:event_stream:110 - Agent Activity — system: token — 
2026-05-18 03:14:41.111 | INFO     | app.main:event_stream:110 - Agent Activity — system: token — 
2026-05-18 03:14:41.112 | INFO     | app.main:event_stream:110 - Agent Activity — system: token — 
2026-05-18 03:14:41.112 | INFO     | app.main:event_stream:110 - Agent Activity — system: token — 
2026-05-18 03:14:41.113 | INFO     | app.main:event_stream:110 - Agent Activity — system: token — 
2026-05-18 03:14:41.113 | INFO     | app.main:event_stream:110 - Agent Activity — system: token — 
2026-05-18 03:14:41.114 | INFO     | app.main:event_stream:110 - Agent Activity — system: token — 
2026-05-18 03:14:41.114 | INFO     | app.main:event_stream:110 - Agent Activity — system: token — 
2026-05-18 03:14:41.115 | INFO     | app.main:event_stream:110 - Agent Activity — system: token — 
2026-05-18 03:14:41.116 | INFO     | app.main:event_stream:110 - Agent Activity — system: token — 
2026-05-18 03:14:41.120 | INFO     | app.main:event_stream:110 - Agent Activity — system: token — 
2026-05-18 03:14:41.125 | INFO     | app.main:event_stream:110 - Agent Activity — system: token — 
2026-05-18 03:14:41.127 | INFO     | app.main:event_stream:110 - Agent Activity — system: token — 
2026-05-18 03:14:41.128 | INFO     | app.main:event_stream:110 - Agent Activity — system: token — 
2026-05-18 03:14:41.128 | INFO     | app.main:event_stream:110 - Agent Activity — system: token — 
2026-05-18 03:14:41.129 | INFO     | app.main:event_stream:110 - Agent Activity — system: token — 
2026-05-18 03:14:41.130 | INFO     | app.main:event_stream:110 - Agent Activity — system: token — 
2026-05-18 03:14:41.130 | INFO     | app.main:event_stream:110 - Agent Activity — system: token — 
2026-05-18 03:14:41.131 | INFO     | app.main:event_stream:110 - Agent Activity — system: token — 
2026-05-18 03:14:41.131 | INFO     | app.main:event_stream:110 - Agent Activity — system: token — 
2026-05-18 03:14:41.132 | INFO     | app.main:event_stream:110 - Agent Activity — system: token — 
2026-05-18 03:14:41.132 | INFO     | app.main:event_stream:110 - Agent Activity — system: token — 
2026-05-18 03:14:41.133 | INFO     | app.main:event_stream:110 - Agent Activity — system: token — 
2026-05-18 03:14:41.135 | INFO     | app.main:event_stream:110 - Agent Activity — system: token — 
2026-05-18 03:14:41.137 | INFO     | app.main:event_stream:110 - Agent Activity — system: token — 
2026-05-18 03:14:41.138 | INFO     | app.main:event_stream:110 - Agent Activity — system: token — 
2026-05-18 03:14:41.140 | INFO     | app.main:event_stream:110 - Agent Activity — system: token — 
2026-05-18 03:14:41.141 | INFO     | app.main:event_stream:110 - Agent Activity — system: token — 
2026-05-18 03:14:41.142 | INFO     | app.main:event_stream:110 - Agent Activity — system: token — 
2026-05-18 03:14:41.142 | INFO     | app.main:event_stream:110 - Agent Activity — system: token — 
2026-05-18 03:14:41.144 | INFO     | app.main:event_stream:110 - Agent Activity — system: token — 
2026-05-18 03:14:41.145 | INFO     | app.main:event_stream:110 - Agent Activity — system: token — 
2026-05-18 03:14:41.147 | INFO     | app.main:event_stream:110 - Agent Activity — system: token — 
2026-05-18 03:14:41.152 | INFO     | app.main:event_stream:110 - Agent Activity — system: token — 
2026-05-18 03:14:41.158 | INFO     | app.main:event_stream:110 - Agent Activity — system: token — 
2026-05-18 03:14:41.159 | INFO     | app.main:event_stream:110 - Agent Activity — system: token — 
2026-05-18 03:14:41.160 | INFO     | app.main:event_stream:110 - Agent Activity — system: token — 
2026-05-18 03:14:41.161 | INFO     | app.main:event_stream:110 - Agent Activity — system: token — 
2026-05-18 03:14:41.162 | INFO     | app.main:event_stream:110 - Agent Activity — system: token — 
2026-05-18 03:14:41.163 | INFO     | app.main:event_stream:110 - Agent Activity — system: token — 
2026-05-18 03:14:41.164 | INFO     | app.main:event_stream:110 - Agent Activity — system: token — 
2026-05-18 03:14:41.164 | INFO     | app.main:event_stream:110 - Agent Activity — system: token — 
2026-05-18 03:14:41.165 | INFO     | app.main:event_stream:110 - Agent Activity — system: token — 
2026-05-18 03:14:41.165 | INFO     | app.main:event_stream:110 - Agent Activity — system: token — 
2026-05-18 03:14:41.166 | INFO     | app.main:event_stream:110 - Agent Activity — system: token — 
2026-05-18 03:14:41.167 | INFO     | app.main:event_stream:110 - Agent Activity — system: token — 
2026-05-18 03:14:41.169 | INFO     | app.main:event_stream:110 - Agent Activity — system: token — 
2026-05-18 03:14:41.171 | INFO     | app.main:event_stream:110 - Agent Activity — system: token — 
2026-05-18 03:14:41.173 | INFO     | app.main:event_stream:110 - Agent Activity — system: token — 
2026-05-18 03:14:41.174 | INFO     | app.main:event_stream:110 - Agent Activity — system: token — 
2026-05-18 03:14:41.176 | INFO     | app.main:event_stream:110 - Agent Activity — system: token — 
2026-05-18 03:14:41.177 | INFO     | app.main:event_stream:110 - Agent Activity — system: token — 
2026-05-18 03:14:41.178 | INFO     | app.main:event_stream:110 - Agent Activity — system: token — 
2026-05-18 03:14:41.179 | INFO     | app.main:event_stream:110 - Agent Activity — system: token — 
2026-05-18 03:14:41.179 | INFO     | app.main:event_stream:110 - Agent Activity — system: token — 
2026-05-18 03:14:41.180 | INFO     | app.main:event_stream:110 - Agent Activity — system: token — 
2026-05-18 03:14:41.180 | INFO     | app.main:event_stream:110 - Agent Activity — system: token — 
2026-05-18 03:14:41.181 | INFO     | app.main:event_stream:110 - Agent Activity — system: token — 
2026-05-18 03:14:41.181 | INFO     | app.main:event_stream:110 - Agent Activity — system: token — 
2026-05-18 03:14:41.182 | INFO     | app.main:event_stream:110 - Agent Activity — system: token — 
2026-05-18 03:14:41.183 | INFO     | app.main:event_stream:110 - Agent Activity — system: token — 
2026-05-18 03:14:41.184 | INFO     | app.main:event_stream:110 - Agent Activity — system: token — 
2026-05-18 03:14:41.185 | INFO     | app.main:event_stream:110 - Agent Activity — system: token — 
2026-05-18 03:14:41.187 | INFO     | app.main:event_stream:110 - Agent Activity — system: token — 
2026-05-18 03:14:41.189 | INFO     | app.main:event_stream:110 - Agent Activity — system: token — 
2026-05-18 03:14:41.190 | INFO     | app.main:event_stream:110 - Agent Activity — system: token — 
2026-05-18 03:14:41.190 | INFO     | app.main:event_stream:110 - Agent Activity — system: token — 
2026-05-18 03:14:41.191 | INFO     | app.main:event_stream:110 - Agent Activity — system: token — 
2026-05-18 03:14:41.191 | INFO     | app.main:event_stream:110 - Agent Activity — system: token — 
2026-05-18 03:14:41.192 | INFO     | app.main:event_stream:110 - Agent Activity — system: token — 
2026-05-18 03:14:41.192 | INFO     | app.main:event_stream:110 - Agent Activity — system: token — 
2026-05-18 03:14:41.193 | INFO     | app.main:event_stream:110 - Agent Activity — system: token — 
2026-05-18 03:14:41.194 | INFO     | app.main:event_stream:110 - Agent Activity — system: token — 
2026-05-18 03:14:41.194 | INFO     | app.main:event_stream:110 - Agent Activity — system: token — 
2026-05-18 03:14:41.195 | INFO     | app.main:event_stream:110 - Agent Activity — system: token — 
2026-05-18 03:14:41.195 | INFO     | app.main:event_stream:110 - Agent Activity — system: token — 
2026-05-18 03:14:41.196 | INFO     | app.main:event_stream:110 - Agent Activity — system: token — 
2026-05-18 03:14:41.197 | INFO     | app.main:event_stream:110 - Agent Activity — system: token — 
2026-05-18 03:14:41.198 | INFO     | app.main:event_stream:110 - Agent Activity — system: token — 
2026-05-18 03:14:41.198 | INFO     | app.main:event_stream:110 - Agent Activity — system: token — 
2026-05-18 03:14:41.199 | INFO     | app.main:event_stream:110 - Agent Activity — system: token — 
2026-05-18 03:14:41.200 | INFO     | app.main:event_stream:110 - Agent Activity — system: token — 
2026-05-18 03:14:41.202 | INFO     | app.main:event_stream:110 - Agent Activity — system: token — 
2026-05-18 03:14:41.211 | INFO     | app.main:event_stream:110 - Agent Activity — system: token — 
2026-05-18 03:14:41.212 | INFO     | app.main:event_stream:110 - Agent Activity — system: token — 
2026-05-18 03:14:41.213 | INFO     | app.main:event_stream:110 - Agent Activity — system: token — 
2026-05-18 03:14:41.214 | INFO     | app.main:event_stream:110 - Agent Activity — system: token — 
2026-05-18 03:14:41.217 | INFO     | app.main:event_stream:110 - Agent Activity — system: token — 
2026-05-18 03:14:41.219 | INFO     | app.main:event_stream:110 - Agent Activity — system: token — 
2026-05-18 03:14:41.222 | INFO     | app.main:event_stream:110 - Agent Activity — system: token — 
2026-05-18 03:14:41.223 | INFO     | app.main:event_stream:110 - Agent Activity — system: token — 
2026-05-18 03:14:41.224 | INFO     | app.main:event_stream:110 - Agent Activity — system: token — 
2026-05-18 03:14:41.226 | INFO     | app.main:event_stream:110 - Agent Activity — system: token — 
2026-05-18 03:14:41.227 | INFO     | app.main:event_stream:110 - Agent Activity — system: token — 
2026-05-18 03:14:41.227 | INFO     | app.main:event_stream:110 - Agent Activity — system: token — 
2026-05-18 03:14:41.228 | INFO     | app.main:event_stream:110 - Agent Activity — system: token — 
2026-05-18 03:14:41.229 | INFO     | app.main:event_stream:110 - Agent Activity — system: token — 
2026-05-18 03:14:41.231 | INFO     | app.main:event_stream:110 - Agent Activity — system: token — 
2026-05-18 03:14:41.231 | INFO     | app.main:event_stream:110 - Agent Activity — system: token — 
2026-05-18 03:14:41.232 | INFO     | app.main:event_stream:110 - Agent Activity — system: token — 
2026-05-18 03:14:41.233 | INFO     | app.main:event_stream:110 - Agent Activity — system: token — 
2026-05-18 03:14:41.234 | INFO     | app.main:event_stream:110 - Agent Activity — system: token — 
2026-05-18 03:14:41.237 | INFO     | app.main:event_stream:110 - Agent Activity — system: token — 
2026-05-18 03:14:41.238 | INFO     | app.main:event_stream:110 - Agent Activity — system: token — 
2026-05-18 03:14:41.241 | INFO     | app.main:event_stream:110 - Agent Activity — system: token — 
2026-05-18 03:14:41.242 | INFO     | app.main:event_stream:110 - Agent Activity — system: token — 
2026-05-18 03:14:41.243 | INFO     | app.main:event_stream:110 - Agent Activity — system: token — 
2026-05-18 03:14:41.243 | INFO     | app.main:event_stream:110 - Agent Activity — system: token — 
2026-05-18 03:14:41.244 | INFO     | app.main:event_stream:110 - Agent Activity — system: token — 
2026-05-18 03:14:41.244 | INFO     | app.main:event_stream:110 - Agent Activity — system: token — 
2026-05-18 03:14:41.245 | INFO     | app.main:event_stream:110 - Agent Activity — system: token — 
2026-05-18 03:14:41.245 | INFO     | app.main:event_stream:110 - Agent Activity — system: token — 
2026-05-18 03:14:41.246 | INFO     | app.main:event_stream:110 - Agent Activity — system: token — 
2026-05-18 03:14:41.247 | INFO     | app.main:event_stream:110 - Agent Activity — system: token — 
2026-05-18 03:14:41.247 | INFO     | app.main:event_stream:110 - Agent Activity — system: token — 
2026-05-18 03:14:41.248 | INFO     | app.main:event_stream:110 - Agent Activity — system: token — 
2026-05-18 03:14:41.249 | INFO     | app.main:event_stream:110 - Agent Activity — system: token — 
2026-05-18 03:14:41.249 | INFO     | app.main:event_stream:110 - Agent Activity — system: token — 
2026-05-18 03:14:41.251 | INFO     | app.main:event_stream:110 - Agent Activity — system: token — 
2026-05-18 03:14:41.252 | INFO     | app.main:event_stream:110 - Agent Activity — system: token — 
2026-05-18 03:14:41.254 | INFO     | app.main:event_stream:110 - Agent Activity — system: token — 
2026-05-18 03:14:41.256 | INFO     | app.main:event_stream:110 - Agent Activity — system: token — 
2026-05-18 03:14:41.257 | INFO     | app.main:event_stream:110 - Agent Activity — system: token — 
2026-05-18 03:14:41.258 | INFO     | app.main:event_stream:110 - Agent Activity — system: token — 
2026-05-18 03:14:41.258 | INFO     | app.main:event_stream:110 - Agent Activity — system: token — 
2026-05-18 03:14:41.259 | INFO     | app.main:event_stream:110 - Agent Activity — system: token — 
2026-05-18 03:14:41.260 | INFO     | app.main:event_stream:110 - Agent Activity — system: token — 
2026-05-18 03:14:41.261 | INFO     | app.main:event_stream:110 - Agent Activity — system: token — 
2026-05-18 03:14:41.262 | INFO     | app.main:event_stream:110 - Agent Activity — system: token — 
2026-05-18 03:14:41.262 | INFO     | app.main:event_stream:110 - Agent Activity — system: token — 
2026-05-18 03:14:41.263 | INFO     | app.main:event_stream:110 - Agent Activity — system: token — 
2026-05-18 03:14:41.263 | INFO     | app.main:event_stream:110 - Agent Activity — system: token — 
2026-05-18 03:14:41.264 | INFO     | app.main:event_stream:110 - Agent Activity — system: token — 
2026-05-18 03:14:41.265 | INFO     | app.main:event_stream:110 - Agent Activity — system: token — 
2026-05-18 03:14:41.265 | INFO     | app.main:event_stream:110 - Agent Activity — system: token — 
2026-05-18 03:14:41.266 | INFO     | app.main:event_stream:110 - Agent Activity — system: token — 
2026-05-18 03:14:41.267 | INFO     | app.main:event_stream:110 - Agent Activity — system: token — 
2026-05-18 03:14:41.269 | INFO     | app.main:event_stream:110 - Agent Activity — system: token — 
2026-05-18 03:14:41.270 | INFO     | app.main:event_stream:110 - Agent Activity — system: token — 
2026-05-18 03:14:41.272 | INFO     | app.main:event_stream:110 - Agent Activity — system: token — 
2026-05-18 03:14:41.273 | INFO     | app.main:event_stream:110 - Agent Activity — system: token — 
2026-05-18 03:14:41.274 | INFO     | app.main:event_stream:110 - Agent Activity — system: token — 
2026-05-18 03:14:41.275 | INFO     | app.main:event_stream:110 - Agent Activity — system: token — 
2026-05-18 03:14:41.275 | INFO     | app.main:event_stream:110 - Agent Activity — system: token — 
2026-05-18 03:14:41.276 | INFO     | app.main:event_stream:110 - Agent Activity — system: token — 
2026-05-18 03:14:41.276 | INFO     | app.main:event_stream:110 - Agent Activity — system: token — 
2026-05-18 03:14:41.276 | INFO     | app.main:event_stream:110 - Agent Activity — system: token — 
2026-05-18 03:14:41.277 | INFO     | app.main:event_stream:110 - Agent Activity — system: token — 
2026-05-18 03:14:41.278 | INFO     | app.main:event_stream:110 - Agent Activity — system: token — 
2026-05-18 03:14:41.278 | INFO     | app.main:event_stream:110 - Agent Activity — system: token — 
2026-05-18 03:14:41.279 | INFO     | app.main:event_stream:110 - Agent Activity — system: token — 
2026-05-18 03:14:41.279 | INFO     | app.main:event_stream:110 - Agent Activity — system: token — 
2026-05-18 03:14:41.280 | INFO     | app.main:event_stream:110 - Agent Activity — system: token — 
2026-05-18 03:14:41.280 | INFO     | app.main:event_stream:110 - Agent Activity — system: token — 
2026-05-18 03:14:41.280 | INFO     | app.main:event_stream:110 - Agent Activity — system: token — 
2026-05-18 03:14:41.281 | INFO     | app.main:event_stream:110 - Agent Activity — system: token — 
2026-05-18 03:14:41.281 | INFO     | app.main:event_stream:110 - Agent Activity — system: token — 
2026-05-18 03:14:41.281 | INFO     | app.main:event_stream:110 - Agent Activity — system: token — 
2026-05-18 03:14:41.282 | INFO     | app.main:event_stream:110 - Agent Activity — system: token — 
2026-05-18 03:14:41.282 | INFO     | app.main:event_stream:110 - Agent Activity — system: token — 
2026-05-18 03:14:41.284 | INFO     | app.main:event_stream:110 - Agent Activity — system: token — 
2026-05-18 03:14:41.285 | INFO     | app.main:event_stream:110 - Agent Activity — system: token — 
2026-05-18 03:14:41.287 | INFO     | app.main:event_stream:110 - Agent Activity — system: token — 
2026-05-18 03:14:41.290 | INFO     | app.main:event_stream:110 - Agent Activity — system: token — 
2026-05-18 03:14:41.292 | INFO     | app.main:event_stream:110 - Agent Activity — system: token — 
2026-05-18 03:14:41.293 | INFO     | app.main:event_stream:110 - Agent Activity — system: token — 
2026-05-18 03:14:41.294 | INFO     | app.main:event_stream:110 - Agent Activity — system: token — 
2026-05-18 03:14:41.294 | INFO     | app.main:event_stream:110 - Agent Activity — system: token — 
2026-05-18 03:14:41.295 | INFO     | app.main:event_stream:110 - Agent Activity — system: token — 
2026-05-18 03:14:41.295 | INFO     | app.main:event_stream:110 - Agent Activity — system: token — 
2026-05-18 03:14:41.297 | INFO     | app.main:event_stream:110 - Agent Activity — system: token — 
2026-05-18 03:14:41.298 | INFO     | app.main:event_stream:110 - Agent Activity — system: token — 
2026-05-18 03:14:41.299 | INFO     | app.main:event_stream:110 - Agent Activity — system: token — 
2026-05-18 03:14:41.301 | INFO     | app.main:event_stream:110 - Agent Activity — system: token — 
2026-05-18 03:14:41.303 | INFO     | app.main:event_stream:110 - Agent Activity — system: token — 
2026-05-18 03:14:41.304 | INFO     | app.main:event_stream:110 - Agent Activity — system: token — 
2026-05-18 03:14:41.307 | INFO     | app.main:event_stream:110 - Agent Activity — market: agent_start — Finding cross-platform deals for Dell 32gb Ram Laptop Core I7...
2026-05-18 03:14:41.310 | INFO     | app.agents.market_agent:find_best_deals:258 - Finding best deals for: Dell 32gb Ram Laptop Core I7
2026-05-18 03:14:42.531 | INFO     | app.services.search_service:search_deals_for_product:243 - Deal search returned 1 results for 'Dell 32gb Ram Laptop Core I7'
2026-05-18 03:14:44.530 | INFO     | app.main:event_stream:110 - Agent Activity — system: final_result — Research complete! See the dashboard for details.
2026-05-18 03:14:44.531 | INFO     | app.main:event_stream:110 - Agent Activity — system: done — 
2026-05-18 03:28:17.021 | INFO     | app.main:chat:86 - User queried: Best coding laptops with 32GB RAM
2026-05-18 03:28:17.024 | INFO     | app.main:event_stream:110 - Agent Activity — intent: agent_start — Understanding your requirements...
2026-05-18 03:28:17.033 | INFO     | app.agents.graph:intent_node:28 - Graph: Running intent node
2026-05-18 03:28:20.432 | DEBUG    | app.agents.intent_agent:run_intent_agent:72 - Intent chain raw response: {
    "product_category": "laptop",
    "product_name": null,
    "specifications": ["32GB RAM"],
    "budget_range": {"min_price": 0, "max_price": 999999, "currency": "INR"},
    "usage_context": "general",
    "brand_preferences": [],
    "urgency": "can_wait",
    "is_specific_product": false,
  
2026-05-18 03:28:20.433 | INFO     | app.agents.intent_agent:run_intent_agent:78 - Intent extracted: category=laptop, specific=False, complete=False, confidence=0.8
2026-05-18 03:28:20.438 | INFO     | app.main:event_stream:110 - Agent Activity — intent: agent_complete — Identified: laptop
2026-05-18 03:28:20.441 | INFO     | app.main:event_stream:110 - Agent Activity — intent: followup_needed — I need a bit more info: What is your budget for the laptop?
2026-05-18 03:28:20.446 | INFO     | app.main:event_stream:110 - Agent Activity — system: done — 
2026-05-18 03:28:40.020 | INFO     | app.main:chat:86 - User queried: 120000 INR
2026-05-18 03:28:40.022 | INFO     | app.main:event_stream:110 - Agent Activity — intent: agent_start — Understanding your requirements...
2026-05-18 03:28:40.041 | INFO     | app.agents.graph:intent_node:28 - Graph: Running intent node
2026-05-18 03:28:42.937 | DEBUG    | app.agents.intent_agent:run_intent_agent:72 - Intent chain raw response: {
    "product_category": "laptop",
    "product_name": null,
    "specifications": ["32GB RAM"],
    "budget_range": {"min_price": 0, "max_price": 120000, "currency": "INR"},
    "usage_context": "general",
    "brand_preferences": [],
    "urgency": "can_wait",
    "is_specific_product": false,
  
2026-05-18 03:28:42.938 | INFO     | app.agents.intent_agent:run_intent_agent:78 - Intent extracted: category=laptop, specific=False, complete=True, confidence=0.8
2026-05-18 03:28:42.941 | INFO     | app.main:event_stream:110 - Agent Activity — intent: agent_complete — Identified: laptop
2026-05-18 03:28:42.945 | INFO     | app.main:event_stream:110 - Agent Activity — market: agent_start — Searching across platforms...
2026-05-18 03:28:42.950 | INFO     | app.main:event_stream:110 - Agent Activity — reddit: agent_start — Scanning Reddit discussions...
2026-05-18 03:28:42.953 | INFO     | app.main:event_stream:110 - Agent Activity — youtube: agent_start — Analyzing YouTube reviews...
2026-05-18 03:28:42.976 | INFO     | app.agents.graph:market_node:43 - Graph: Running market node
2026-05-18 03:28:42.980 | INFO     | app.agents.market_agent:run_market_agent:142 - Market agent searching: 'laptop 32GB RAM under 120000 INR India buy'
2026-05-18 03:28:42.983 | INFO     | app.services.search_service:search_products:82 - Searching products via Serper API: laptop 32GB RAM under 120000 INR India buy
2026-05-18 03:28:42.986 | INFO     | app.agents.graph:reddit_node:57 - Graph: Running reddit node
2026-05-18 03:28:42.988 | INFO     | app.agents.reddit_agent.reddit_agent:run_reddit_agent:107 - Reddit Agent: Searching ['GadgetsIndia', 'IndianGaming', 'LaptopDealsIndia', 'SuggestALaptop'] for 'laptop review India'
2026-05-18 03:28:42.993 | INFO     | app.agents.graph:youtube_node:69 - Graph: Running youtube node
2026-05-18 03:28:42.998 | INFO     | app.agents.youtube_agent.youtube_agent:run_youtube_agent:157 - YouTube Agent: Searching top long-form videos for 'laptop'
2026-05-18 03:28:45.836 | INFO     | app.agents.reddit_agent.reddit_agent:run_reddit_agent:115 - Fetching thread: Need Laptop Suggestions and Reviews from users for this laptop.
2026-05-18 03:28:48.142 | INFO     | app.agents.reddit_agent.reddit_agent:run_reddit_agent:115 - Fetching thread: The worst choice I ever made was buying a Gigabyte laptop in India
2026-05-18 03:28:49.919 | INFO     | app.agents.reddit_agent.reddit_agent:run_reddit_agent:115 - Fetching thread: Recently bought a laptop from r/lestic. Review after 10 days - Reddit
2026-05-18 03:28:51.601 | INFO     | app.services.search_service:search_youtube_videos:399 - Serper YouTube search returned 12 ranked videos for 'laptop'
2026-05-18 03:28:51.602 | INFO     | app.agents.youtube_agent.youtube_agent:run_youtube_agent:168 - Fetching transcript for video: The Best Laptops For Students in 2026 (Affordable Editon)
2026-05-18 03:28:53.796 | WARNING  | app.agents.youtube_agent.transcript_extractor:extract_and_clean_transcript:41 - Transcript extraction blocked by YouTube for video 5OzQtuI_3tg; using Serper video metadata fallback.
2026-05-18 03:28:53.799 | INFO     | app.agents.youtube_agent.youtube_agent:run_youtube_agent:168 - Fetching transcript for video: Best Laptops 2026 | HP vs Dell vs MSI vs Lenovo vs Acer vs ...
2026-05-18 03:28:56.170 | WARNING  | app.agents.youtube_agent.transcript_extractor:extract_and_clean_transcript:41 - Transcript extraction blocked by YouTube for video 8pJJXwQE4qw; using Serper video metadata fallback.
2026-05-18 03:28:56.175 | INFO     | app.agents.youtube_agent.youtube_agent:run_youtube_agent:168 - Fetching transcript for video: Laptop Buying Guide 2026 - Don't Waste Your Money!
2026-05-18 03:28:58.553 | WARNING  | app.agents.youtube_agent.transcript_extractor:extract_and_clean_transcript:41 - Transcript extraction blocked by YouTube for video QyhBakGTyeI; using Serper video metadata fallback.
2026-05-18 03:28:58.559 | INFO     | app.agents.youtube_agent.youtube_agent:run_youtube_agent:168 - Fetching transcript for video: The Best Laptops of 2025
2026-05-18 03:29:00.692 | WARNING  | app.agents.youtube_agent.transcript_extractor:extract_and_clean_transcript:41 - Transcript extraction blocked by YouTube for video PKshhTHyoZU; using Serper video metadata fallback.
2026-05-18 03:29:00.696 | INFO     | app.agents.youtube_agent.youtube_agent:run_youtube_agent:168 - Fetching transcript for video: Top 10 Best Looking Laptops of 2025
2026-05-18 03:29:02.782 | WARNING  | app.agents.youtube_agent.transcript_extractor:extract_and_clean_transcript:41 - Transcript extraction blocked by YouTube for video 9iEoQMF_hPY; using Serper video metadata fallback.
2026-05-18 03:29:02.788 | INFO     | app.agents.youtube_agent.youtube_agent:run_youtube_agent:168 - Fetching transcript for video: Best Student Laptops 2025 – Ultimate Buyer's Guide!
2026-05-18 03:29:04.973 | WARNING  | app.agents.youtube_agent.transcript_extractor:extract_and_clean_transcript:41 - Transcript extraction blocked by YouTube for video CV6HsBln6jI; using Serper video metadata fallback.
2026-05-18 03:29:04.981 | INFO     | app.agents.youtube_agent.youtube_agent:run_youtube_agent:168 - Fetching transcript for video: The Best Laptops to Buy in 2025
2026-05-18 03:29:07.064 | WARNING  | app.agents.youtube_agent.transcript_extractor:extract_and_clean_transcript:41 - Transcript extraction blocked by YouTube for video Dq9JbQxUk3I; using Serper video metadata fallback.
2026-05-18 03:29:07.071 | INFO     | app.agents.youtube_agent.youtube_agent:run_youtube_agent:168 - Fetching transcript for video: (2025) Best Design Laptops | Design Laptop Buyers Guide
2026-05-18 03:29:09.251 | WARNING  | app.agents.youtube_agent.transcript_extractor:extract_and_clean_transcript:41 - Transcript extraction blocked by YouTube for video eIb0V-CtJcU; using Serper video metadata fallback.
2026-05-18 03:29:09.258 | INFO     | app.agents.youtube_agent.youtube_agent:run_youtube_agent:168 - Fetching transcript for video: 5 Best Student Laptops 2026 | Top Laptops for School & College
2026-05-18 03:29:11.651 | WARNING  | app.agents.youtube_agent.transcript_extractor:extract_and_clean_transcript:41 - Transcript extraction blocked by YouTube for video 3q19gv0_gVw; using Serper video metadata fallback.
2026-05-18 03:29:11.657 | INFO     | app.agents.youtube_agent.youtube_agent:run_youtube_agent:168 - Fetching transcript for video: Top 10 Laptops for Battery Life! – We Tested 100+ - YouTube
2026-05-18 03:29:14.057 | WARNING  | app.agents.youtube_agent.transcript_extractor:extract_and_clean_transcript:41 - Transcript extraction blocked by YouTube for video EYIzDHbxtK8; using Serper video metadata fallback.
2026-05-18 03:29:14.085 | INFO     | app.services.search_service:search_products:202 - Serper API returned 50 results (47 with parsed prices).
2026-05-18 03:29:14.134 | INFO     | app.main:event_stream:110 - Agent Activity — reddit: agent_complete — Analyzed 3 Reddit threads
2026-05-18 03:29:18.686 | ERROR    | app.agents.market_agent:run_market_agent:229 - Market agent analysis error: (Request ID: Root=1-6a0a3a34-2431d33b098539c10697b1ce;e4fd2e6e-c685-499b-acd2-3c799b2abbc8)

Bad request:
2026-05-18 03:29:18.689 | INFO     | app.agents.market_agent:run_market_agent:232 - Recovered 5 products from raw search result prices after LLM failure
2026-05-18 03:29:18.691 | INFO     | app.main:event_stream:110 - Agent Activity — market: agent_complete — Found 5 products
2026-05-18 03:29:22.634 | ERROR    | app.services.llm_service:parse_and_validate:105 - JSON repair failed: Expecting value: line 1 column 1 (char 0)
2026-05-18 03:29:22.637 | ERROR    | app.agents.youtube_agent.youtube_agent:run_youtube_agent:213 - YouTube transcript analysis failed: Could not parse JSON from LLM response: Based on the provided YouTube evidence, here's a synthesis of the collective recommendations from the creators:

**Summary:** The creators collectively recommend laptops that are suitable for students, with a focus on affordability, battery life, and design. They suggest considering laptops from bra
2026-05-18 03:29:22.645 | INFO     | app.main:event_stream:110 - Agent Activity — youtube: agent_complete — Analyzed 0 YouTube videos
2026-05-18 03:29:22.650 | INFO     | app.main:event_stream:110 - Agent Activity — system: token — 
2026-05-18 03:29:22.652 | INFO     | app.main:event_stream:110 - Agent Activity — system: token — 
2026-05-18 03:29:22.654 | INFO     | app.main:event_stream:110 - Agent Activity — system: token — 
2026-05-18 03:29:22.656 | INFO     | app.main:event_stream:110 - Agent Activity — system: token — 
2026-05-18 03:29:22.659 | INFO     | app.main:event_stream:110 - Agent Activity — system: token — 
2026-05-18 03:29:22.661 | INFO     | app.main:event_stream:110 - Agent Activity — system: token — 
2026-05-18 03:29:22.663 | INFO     | app.main:event_stream:110 - Agent Activity — system: token — 
2026-05-18 03:29:22.664 | INFO     | app.main:event_stream:110 - Agent Activity — system: token — 
2026-05-18 03:29:22.665 | INFO     | app.main:event_stream:110 - Agent Activity — system: token — 
2026-05-18 03:29:22.666 | INFO     | app.main:event_stream:110 - Agent Activity — system: token — 
2026-05-18 03:29:22.668 | INFO     | app.main:event_stream:110 - Agent Activity — system: token — 
2026-05-18 03:29:22.670 | INFO     | app.main:event_stream:110 - Agent Activity — system: token — 
2026-05-18 03:29:22.672 | INFO     | app.main:event_stream:110 - Agent Activity — system: token — 
2026-05-18 03:29:22.677 | INFO     | app.main:event_stream:110 - Agent Activity — system: token — 
2026-05-18 03:29:22.679 | INFO     | app.main:event_stream:110 - Agent Activity — system: token — 
2026-05-18 03:29:22.680 | INFO     | app.main:event_stream:110 - Agent Activity — system: token — 
2026-05-18 03:29:22.682 | INFO     | app.main:event_stream:110 - Agent Activity — system: token — 
2026-05-18 03:29:22.685 | INFO     | app.main:event_stream:110 - Agent Activity — system: token — 
2026-05-18 03:29:22.692 | INFO     | app.main:event_stream:110 - Agent Activity — system: token — 
2026-05-18 03:29:22.694 | INFO     | app.main:event_stream:110 - Agent Activity — system: token — 
2026-05-18 03:29:22.696 | INFO     | app.main:event_stream:110 - Agent Activity — system: token — 
2026-05-18 03:29:22.698 | INFO     | app.main:event_stream:110 - Agent Activity — system: token — 
2026-05-18 03:29:22.700 | INFO     | app.main:event_stream:110 - Agent Activity — system: token — 
2026-05-18 03:29:22.702 | INFO     | app.main:event_stream:110 - Agent Activity — system: token — 
2026-05-18 03:29:22.704 | INFO     | app.main:event_stream:110 - Agent Activity — system: token — 
2026-05-18 03:29:22.707 | INFO     | app.main:event_stream:110 - Agent Activity — system: token — 
2026-05-18 03:29:22.708 | INFO     | app.main:event_stream:110 - Agent Activity — system: token — 
2026-05-18 03:29:22.709 | INFO     | app.main:event_stream:110 - Agent Activity — system: token — 
2026-05-18 03:29:22.711 | INFO     | app.main:event_stream:110 - Agent Activity — system: token — 
2026-05-18 03:29:22.712 | INFO     | app.main:event_stream:110 - Agent Activity — system: token — 
2026-05-18 03:29:22.713 | INFO     | app.main:event_stream:110 - Agent Activity — system: token — 
2026-05-18 03:29:22.714 | INFO     | app.main:event_stream:110 - Agent Activity — system: token — 
2026-05-18 03:29:22.715 | INFO     | app.main:event_stream:110 - Agent Activity — system: token — 
2026-05-18 03:29:22.715 | INFO     | app.main:event_stream:110 - Agent Activity — system: token — 
2026-05-18 03:29:22.716 | INFO     | app.main:event_stream:110 - Agent Activity — system: token — 
2026-05-18 03:29:22.718 | INFO     | app.main:event_stream:110 - Agent Activity — system: token — 
2026-05-18 03:29:22.720 | INFO     | app.main:event_stream:110 - Agent Activity — system: token — 
2026-05-18 03:29:22.722 | INFO     | app.main:event_stream:110 - Agent Activity — system: token — 
2026-05-18 03:29:22.724 | INFO     | app.main:event_stream:110 - Agent Activity — system: token — 
2026-05-18 03:29:22.725 | INFO     | app.main:event_stream:110 - Agent Activity — system: token — 
2026-05-18 03:29:22.726 | INFO     | app.main:event_stream:110 - Agent Activity — system: token — 
2026-05-18 03:29:22.727 | INFO     | app.main:event_stream:110 - Agent Activity — system: token — 
2026-05-18 03:29:22.728 | INFO     | app.main:event_stream:110 - Agent Activity — system: token — 
2026-05-18 03:29:22.729 | INFO     | app.main:event_stream:110 - Agent Activity — system: token — 
2026-05-18 03:29:22.730 | INFO     | app.main:event_stream:110 - Agent Activity — system: token — 
2026-05-18 03:29:22.731 | INFO     | app.main:event_stream:110 - Agent Activity — system: token — 
2026-05-18 03:29:22.732 | INFO     | app.main:event_stream:110 - Agent Activity — system: token — 
2026-05-18 03:29:22.733 | INFO     | app.main:event_stream:110 - Agent Activity — system: token — 
2026-05-18 03:29:22.734 | INFO     | app.main:event_stream:110 - Agent Activity — system: token — 
2026-05-18 03:29:22.735 | INFO     | app.main:event_stream:110 - Agent Activity — system: token — 
2026-05-18 03:29:22.737 | INFO     | app.main:event_stream:110 - Agent Activity — system: token — 
2026-05-18 03:29:22.740 | INFO     | app.main:event_stream:110 - Agent Activity — system: token — 
2026-05-18 03:29:22.743 | INFO     | app.main:event_stream:110 - Agent Activity — system: token — 
2026-05-18 03:29:22.749 | INFO     | app.main:event_stream:110 - Agent Activity — system: token — 
2026-05-18 03:29:22.750 | INFO     | app.main:event_stream:110 - Agent Activity — system: token — 
2026-05-18 03:29:22.752 | INFO     | app.main:event_stream:110 - Agent Activity — system: token — 
2026-05-18 03:29:22.753 | INFO     | app.main:event_stream:110 - Agent Activity — system: token — 
2026-05-18 03:29:22.755 | INFO     | app.main:event_stream:110 - Agent Activity — system: token — 
2026-05-18 03:29:22.758 | INFO     | app.main:event_stream:110 - Agent Activity — system: token — 
2026-05-18 03:29:22.760 | INFO     | app.main:event_stream:110 - Agent Activity — system: token — 
2026-05-18 03:29:22.761 | INFO     | app.main:event_stream:110 - Agent Activity — system: token — 
2026-05-18 03:29:22.762 | INFO     | app.main:event_stream:110 - Agent Activity — system: token — 
2026-05-18 03:29:22.763 | INFO     | app.main:event_stream:110 - Agent Activity — system: token — 
2026-05-18 03:29:22.764 | INFO     | app.main:event_stream:110 - Agent Activity — system: token — 
2026-05-18 03:29:22.765 | INFO     | app.main:event_stream:110 - Agent Activity — system: token — 
2026-05-18 03:29:22.765 | INFO     | app.main:event_stream:110 - Agent Activity — system: token — 
2026-05-18 03:29:22.766 | INFO     | app.main:event_stream:110 - Agent Activity — system: token — 
2026-05-18 03:29:22.768 | INFO     | app.main:event_stream:110 - Agent Activity — system: token — 
2026-05-18 03:29:22.770 | INFO     | app.main:event_stream:110 - Agent Activity — system: token — 
2026-05-18 03:29:22.773 | INFO     | app.main:event_stream:110 - Agent Activity — system: token — 
2026-05-18 03:29:22.775 | INFO     | app.main:event_stream:110 - Agent Activity — system: token — 
2026-05-18 03:29:22.777 | INFO     | app.main:event_stream:110 - Agent Activity — system: token — 
2026-05-18 03:29:22.778 | INFO     | app.main:event_stream:110 - Agent Activity — system: token — 
2026-05-18 03:29:22.779 | INFO     | app.main:event_stream:110 - Agent Activity — system: token — 
2026-05-18 03:29:22.780 | INFO     | app.main:event_stream:110 - Agent Activity — system: token — 
2026-05-18 03:29:22.781 | INFO     | app.main:event_stream:110 - Agent Activity — system: token — 
2026-05-18 03:29:22.782 | INFO     | app.main:event_stream:110 - Agent Activity — system: token — 
2026-05-18 03:29:22.782 | INFO     | app.main:event_stream:110 - Agent Activity — system: token — 
2026-05-18 03:29:22.783 | INFO     | app.main:event_stream:110 - Agent Activity — system: token — 
2026-05-18 03:29:22.785 | INFO     | app.main:event_stream:110 - Agent Activity — system: token — 
2026-05-18 03:29:22.786 | INFO     | app.main:event_stream:110 - Agent Activity — system: token — 
2026-05-18 03:29:22.788 | INFO     | app.main:event_stream:110 - Agent Activity — system: token — 
2026-05-18 03:29:22.793 | INFO     | app.main:event_stream:110 - Agent Activity — system: token — 
2026-05-18 03:29:22.795 | INFO     | app.main:event_stream:110 - Agent Activity — system: token — 
2026-05-18 03:29:22.796 | INFO     | app.main:event_stream:110 - Agent Activity — system: token — 
2026-05-18 03:29:22.797 | INFO     | app.main:event_stream:110 - Agent Activity — system: token — 
2026-05-18 03:29:22.798 | INFO     | app.main:event_stream:110 - Agent Activity — system: token — 
2026-05-18 03:29:22.799 | INFO     | app.main:event_stream:110 - Agent Activity — system: token — 
2026-05-18 03:29:22.799 | INFO     | app.main:event_stream:110 - Agent Activity — system: token — 
2026-05-18 03:29:22.800 | INFO     | app.main:event_stream:110 - Agent Activity — system: token — 
2026-05-18 03:29:22.803 | INFO     | app.main:event_stream:110 - Agent Activity — system: token — 
2026-05-18 03:29:22.814 | INFO     | app.main:event_stream:110 - Agent Activity — system: token — 
2026-05-18 03:29:22.816 | INFO     | app.main:event_stream:110 - Agent Activity — system: token — 
2026-05-18 03:29:22.821 | INFO     | app.main:event_stream:110 - Agent Activity — system: token — 
2026-05-18 03:29:22.822 | INFO     | app.main:event_stream:110 - Agent Activity — system: token — 
2026-05-18 03:29:22.824 | INFO     | app.main:event_stream:110 - Agent Activity — system: token — 
2026-05-18 03:29:22.826 | INFO     | app.main:event_stream:110 - Agent Activity — system: token — 
2026-05-18 03:29:22.827 | INFO     | app.main:event_stream:110 - Agent Activity — system: token — 
2026-05-18 03:29:22.828 | INFO     | app.main:event_stream:110 - Agent Activity — system: token — 
2026-05-18 03:29:22.829 | INFO     | app.main:event_stream:110 - Agent Activity — system: token — 
2026-05-18 03:29:22.830 | INFO     | app.main:event_stream:110 - Agent Activity — system: token — 
2026-05-18 03:29:22.830 | INFO     | app.main:event_stream:110 - Agent Activity — system: token — 
2026-05-18 03:29:22.831 | INFO     | app.main:event_stream:110 - Agent Activity — system: token — 
2026-05-18 03:29:22.832 | INFO     | app.main:event_stream:110 - Agent Activity — system: token — 
2026-05-18 03:29:22.835 | INFO     | app.main:event_stream:110 - Agent Activity — system: token — 
2026-05-18 03:29:22.840 | INFO     | app.main:event_stream:110 - Agent Activity — system: token — 
2026-05-18 03:29:22.841 | INFO     | app.main:event_stream:110 - Agent Activity — system: token — 
2026-05-18 03:29:22.843 | INFO     | app.main:event_stream:110 - Agent Activity — system: token — 
2026-05-18 03:29:22.844 | INFO     | app.main:event_stream:110 - Agent Activity — system: token — 
2026-05-18 03:29:22.844 | INFO     | app.main:event_stream:110 - Agent Activity — system: token — 
2026-05-18 03:29:22.845 | INFO     | app.main:event_stream:110 - Agent Activity — system: token — 
2026-05-18 03:29:22.846 | INFO     | app.main:event_stream:110 - Agent Activity — system: token — 
2026-05-18 03:29:22.848 | INFO     | app.main:event_stream:110 - Agent Activity — system: token — 
2026-05-18 03:29:22.850 | INFO     | app.main:event_stream:110 - Agent Activity — system: token — 
2026-05-18 03:29:22.853 | INFO     | app.main:event_stream:110 - Agent Activity — system: token — 
2026-05-18 03:29:22.857 | INFO     | app.main:event_stream:110 - Agent Activity — system: token — 
2026-05-18 03:29:22.862 | INFO     | app.main:event_stream:110 - Agent Activity — system: token — 
2026-05-18 03:29:22.863 | INFO     | app.main:event_stream:110 - Agent Activity — system: token — 
2026-05-18 03:29:22.865 | INFO     | app.main:event_stream:110 - Agent Activity — system: token — 
2026-05-18 03:29:22.870 | INFO     | app.main:event_stream:110 - Agent Activity — system: token — 
2026-05-18 03:29:22.872 | INFO     | app.main:event_stream:110 - Agent Activity — system: token — 
2026-05-18 03:29:22.875 | INFO     | app.main:event_stream:110 - Agent Activity — system: token — 
2026-05-18 03:29:22.877 | INFO     | app.main:event_stream:110 - Agent Activity — system: token — 
2026-05-18 03:29:22.878 | INFO     | app.main:event_stream:110 - Agent Activity — system: token — 
2026-05-18 03:29:22.880 | INFO     | app.main:event_stream:110 - Agent Activity — system: token — 
2026-05-18 03:29:22.881 | INFO     | app.main:event_stream:110 - Agent Activity — system: token — 
2026-05-18 03:29:22.882 | INFO     | app.main:event_stream:110 - Agent Activity — system: token — 
2026-05-18 03:29:22.882 | INFO     | app.main:event_stream:110 - Agent Activity — system: token — 
2026-05-18 03:29:22.883 | INFO     | app.main:event_stream:110 - Agent Activity — system: token — 
2026-05-18 03:29:22.885 | INFO     | app.main:event_stream:110 - Agent Activity — system: token — 
2026-05-18 03:29:22.887 | INFO     | app.main:event_stream:110 - Agent Activity — system: token — 
2026-05-18 03:29:22.889 | INFO     | app.main:event_stream:110 - Agent Activity — system: token — 
2026-05-18 03:29:22.892 | INFO     | app.main:event_stream:110 - Agent Activity — system: token — 
2026-05-18 03:29:22.893 | INFO     | app.main:event_stream:110 - Agent Activity — system: token — 
2026-05-18 03:29:22.895 | INFO     | app.main:event_stream:110 - Agent Activity — system: token — 
2026-05-18 03:29:22.897 | INFO     | app.main:event_stream:110 - Agent Activity — system: token — 
2026-05-18 03:29:22.899 | INFO     | app.main:event_stream:110 - Agent Activity — system: token — 
2026-05-18 03:29:22.902 | INFO     | app.main:event_stream:110 - Agent Activity — system: token — 
2026-05-18 03:29:22.906 | INFO     | app.main:event_stream:110 - Agent Activity — system: token — 
2026-05-18 03:29:22.910 | INFO     | app.main:event_stream:110 - Agent Activity — system: token — 
2026-05-18 03:29:22.912 | INFO     | app.main:event_stream:110 - Agent Activity — system: token — 
2026-05-18 03:29:22.913 | INFO     | app.main:event_stream:110 - Agent Activity — system: token — 
2026-05-18 03:29:22.914 | INFO     | app.main:event_stream:110 - Agent Activity — system: token — 
2026-05-18 03:29:22.916 | INFO     | app.main:event_stream:110 - Agent Activity — system: token — 
2026-05-18 03:29:22.918 | INFO     | app.main:event_stream:110 - Agent Activity — system: token — 
2026-05-18 03:29:22.920 | INFO     | app.main:event_stream:110 - Agent Activity — system: token — 
2026-05-18 03:29:22.922 | INFO     | app.main:event_stream:110 - Agent Activity — system: token — 
2026-05-18 03:29:22.924 | INFO     | app.main:event_stream:110 - Agent Activity — system: token — 
2026-05-18 03:29:22.925 | INFO     | app.main:event_stream:110 - Agent Activity — system: token — 
2026-05-18 03:29:22.926 | INFO     | app.main:event_stream:110 - Agent Activity — system: token — 
2026-05-18 03:29:22.927 | INFO     | app.main:event_stream:110 - Agent Activity — system: token — 
2026-05-18 03:29:22.928 | INFO     | app.main:event_stream:110 - Agent Activity — system: token — 
2026-05-18 03:29:22.928 | INFO     | app.main:event_stream:110 - Agent Activity — system: token — 
2026-05-18 03:29:22.929 | INFO     | app.main:event_stream:110 - Agent Activity — system: token — 
2026-05-18 03:29:22.930 | INFO     | app.main:event_stream:110 - Agent Activity — system: token — 
2026-05-18 03:29:22.931 | INFO     | app.main:event_stream:110 - Agent Activity — system: token — 
2026-05-18 03:29:22.931 | INFO     | app.main:event_stream:110 - Agent Activity — system: token — 
2026-05-18 03:29:22.932 | INFO     | app.main:event_stream:110 - Agent Activity — system: token — 
2026-05-18 03:29:22.933 | INFO     | app.main:event_stream:110 - Agent Activity — system: token — 
2026-05-18 03:29:22.934 | INFO     | app.main:event_stream:110 - Agent Activity — system: token — 
2026-05-18 03:29:22.935 | INFO     | app.main:event_stream:110 - Agent Activity — system: token — 
2026-05-18 03:29:22.937 | INFO     | app.main:event_stream:110 - Agent Activity — system: token — 
2026-05-18 03:29:22.941 | INFO     | app.main:event_stream:110 - Agent Activity — system: token — 
2026-05-18 03:29:22.942 | INFO     | app.main:event_stream:110 - Agent Activity — system: token — 
2026-05-18 03:29:22.943 | INFO     | app.main:event_stream:110 - Agent Activity — system: token — 
2026-05-18 03:29:22.944 | INFO     | app.main:event_stream:110 - Agent Activity — system: token — 
2026-05-18 03:29:22.945 | INFO     | app.main:event_stream:110 - Agent Activity — system: token — 
2026-05-18 03:29:22.946 | INFO     | app.main:event_stream:110 - Agent Activity — system: token — 
2026-05-18 03:29:22.947 | INFO     | app.main:event_stream:110 - Agent Activity — system: token — 
2026-05-18 03:29:22.948 | INFO     | app.main:event_stream:110 - Agent Activity — system: token — 
2026-05-18 03:29:22.948 | INFO     | app.main:event_stream:110 - Agent Activity — system: token — 
2026-05-18 03:29:22.950 | INFO     | app.main:event_stream:110 - Agent Activity — system: token — 
2026-05-18 03:29:22.955 | INFO     | app.main:event_stream:110 - Agent Activity — system: token — 
2026-05-18 03:29:22.958 | INFO     | app.main:event_stream:110 - Agent Activity — system: token — 
2026-05-18 03:29:22.961 | INFO     | app.main:event_stream:110 - Agent Activity — system: token — 
2026-05-18 03:29:22.962 | INFO     | app.main:event_stream:110 - Agent Activity — system: token — 
2026-05-18 03:29:22.963 | INFO     | app.main:event_stream:110 - Agent Activity — system: token — 
2026-05-18 03:29:22.963 | INFO     | app.main:event_stream:110 - Agent Activity — system: token — 
2026-05-18 03:29:22.964 | INFO     | app.main:event_stream:110 - Agent Activity — system: token — 
2026-05-18 03:29:22.965 | INFO     | app.main:event_stream:110 - Agent Activity — system: token — 
2026-05-18 03:29:22.965 | INFO     | app.main:event_stream:110 - Agent Activity — system: token — 
2026-05-18 03:29:22.966 | INFO     | app.main:event_stream:110 - Agent Activity — system: token — 
2026-05-18 03:29:22.968 | INFO     | app.main:event_stream:110 - Agent Activity — system: token — 
2026-05-18 03:29:22.970 | INFO     | app.main:event_stream:110 - Agent Activity — system: token — 
2026-05-18 03:29:22.975 | INFO     | app.main:event_stream:110 - Agent Activity — system: token — 
2026-05-18 03:29:22.978 | INFO     | app.main:event_stream:110 - Agent Activity — system: token — 
2026-05-18 03:29:22.979 | INFO     | app.main:event_stream:110 - Agent Activity — system: token — 
2026-05-18 03:29:22.981 | INFO     | app.main:event_stream:110 - Agent Activity — system: token — 
2026-05-18 03:29:22.983 | INFO     | app.main:event_stream:110 - Agent Activity — system: token — 
2026-05-18 03:29:22.985 | INFO     | app.main:event_stream:110 - Agent Activity — system: token — 
2026-05-18 03:29:22.989 | INFO     | app.main:event_stream:110 - Agent Activity — system: token — 
2026-05-18 03:29:22.991 | INFO     | app.main:event_stream:110 - Agent Activity — system: token — 
2026-05-18 03:29:22.993 | INFO     | app.main:event_stream:110 - Agent Activity — system: token — 
2026-05-18 03:29:22.994 | INFO     | app.main:event_stream:110 - Agent Activity — system: token — 
2026-05-18 03:29:22.994 | INFO     | app.main:event_stream:110 - Agent Activity — system: token — 
2026-05-18 03:29:22.995 | INFO     | app.main:event_stream:110 - Agent Activity — system: token — 
2026-05-18 03:29:22.996 | INFO     | app.main:event_stream:110 - Agent Activity — system: token — 
2026-05-18 03:29:22.998 | INFO     | app.main:event_stream:110 - Agent Activity — system: token — 
2026-05-18 03:29:22.999 | INFO     | app.main:event_stream:110 - Agent Activity — system: token — 
2026-05-18 03:29:23.015 | INFO     | app.main:event_stream:110 - Agent Activity — system: token — 
2026-05-18 03:29:23.016 | INFO     | app.main:event_stream:110 - Agent Activity — system: token — 
2026-05-18 03:29:23.018 | INFO     | app.main:event_stream:110 - Agent Activity — system: token — 
2026-05-18 03:29:23.020 | INFO     | app.main:event_stream:110 - Agent Activity — system: token — 
2026-05-18 03:29:23.023 | INFO     | app.main:event_stream:110 - Agent Activity — system: token — 
2026-05-18 03:29:23.024 | INFO     | app.main:event_stream:110 - Agent Activity — system: token — 
2026-05-18 03:29:23.025 | INFO     | app.main:event_stream:110 - Agent Activity — system: token — 
2026-05-18 03:29:23.026 | INFO     | app.main:event_stream:110 - Agent Activity — system: token — 
2026-05-18 03:29:23.027 | INFO     | app.main:event_stream:110 - Agent Activity — system: token — 
2026-05-18 03:29:23.029 | INFO     | app.main:event_stream:110 - Agent Activity — system: token — 
2026-05-18 03:29:23.031 | INFO     | app.main:event_stream:110 - Agent Activity — system: token — 
2026-05-18 03:29:23.032 | INFO     | app.main:event_stream:110 - Agent Activity — system: token — 
2026-05-18 03:29:23.033 | INFO     | app.main:event_stream:110 - Agent Activity — system: token — 
2026-05-18 03:29:23.034 | INFO     | app.main:event_stream:110 - Agent Activity — system: token — 
2026-05-18 03:29:23.039 | INFO     | app.main:event_stream:110 - Agent Activity — system: token — 
2026-05-18 03:29:23.043 | INFO     | app.main:event_stream:110 - Agent Activity — system: token — 
2026-05-18 03:29:23.046 | INFO     | app.main:event_stream:110 - Agent Activity — system: token — 
2026-05-18 03:29:23.062 | INFO     | app.main:event_stream:110 - Agent Activity — system: token — 
2026-05-18 03:29:23.065 | INFO     | app.main:event_stream:110 - Agent Activity — system: token — 
2026-05-18 03:29:23.066 | INFO     | app.main:event_stream:110 - Agent Activity — system: token — 
2026-05-18 03:29:23.068 | INFO     | app.main:event_stream:110 - Agent Activity — system: token — 
2026-05-18 03:29:23.069 | INFO     | app.main:event_stream:110 - Agent Activity — system: token — 
2026-05-18 03:29:23.073 | INFO     | app.main:event_stream:110 - Agent Activity — system: token — 
2026-05-18 03:29:23.075 | INFO     | app.main:event_stream:110 - Agent Activity — system: token — 
2026-05-18 03:29:23.077 | INFO     | app.main:event_stream:110 - Agent Activity — system: token — 
2026-05-18 03:29:23.078 | INFO     | app.main:event_stream:110 - Agent Activity — system: token — 
2026-05-18 03:29:23.079 | INFO     | app.main:event_stream:110 - Agent Activity — system: token — 
2026-05-18 03:29:23.079 | INFO     | app.main:event_stream:110 - Agent Activity — system: token — 
2026-05-18 03:29:23.080 | INFO     | app.main:event_stream:110 - Agent Activity — system: token — 
2026-05-18 03:29:23.081 | INFO     | app.main:event_stream:110 - Agent Activity — system: token — 
2026-05-18 03:29:23.082 | INFO     | app.main:event_stream:110 - Agent Activity — system: token — 
2026-05-18 03:29:23.082 | INFO     | app.main:event_stream:110 - Agent Activity — system: token — 
2026-05-18 03:29:23.083 | INFO     | app.main:event_stream:110 - Agent Activity — system: token — 
2026-05-18 03:29:23.084 | INFO     | app.main:event_stream:110 - Agent Activity — system: token — 
2026-05-18 03:29:23.085 | INFO     | app.main:event_stream:110 - Agent Activity — system: token — 
2026-05-18 03:29:23.087 | INFO     | app.main:event_stream:110 - Agent Activity — system: token — 
2026-05-18 03:29:23.091 | INFO     | app.main:event_stream:110 - Agent Activity — system: token — 
2026-05-18 03:29:23.094 | INFO     | app.main:event_stream:110 - Agent Activity — system: token — 
2026-05-18 03:29:23.095 | INFO     | app.main:event_stream:110 - Agent Activity — system: token — 
2026-05-18 03:29:23.096 | INFO     | app.main:event_stream:110 - Agent Activity — system: token — 
2026-05-18 03:29:23.098 | INFO     | app.main:event_stream:110 - Agent Activity — system: token — 
2026-05-18 03:29:23.099 | INFO     | app.main:event_stream:110 - Agent Activity — system: token — 
2026-05-18 03:29:23.120 | INFO     | app.main:event_stream:110 - Agent Activity — system: token — 
2026-05-18 03:29:23.123 | INFO     | app.main:event_stream:110 - Agent Activity — system: token — 
2026-05-18 03:29:23.128 | INFO     | app.main:event_stream:110 - Agent Activity — system: token — 
2026-05-18 03:29:23.131 | INFO     | app.main:event_stream:110 - Agent Activity — system: token — 
2026-05-18 03:29:23.132 | INFO     | app.main:event_stream:110 - Agent Activity — system: token — 
2026-05-18 03:29:23.133 | INFO     | app.main:event_stream:110 - Agent Activity — system: token — 
2026-05-18 03:29:23.134 | INFO     | app.main:event_stream:110 - Agent Activity — system: token — 
2026-05-18 03:29:23.138 | INFO     | app.main:event_stream:110 - Agent Activity — system: token — 
2026-05-18 03:29:23.142 | INFO     | app.main:event_stream:110 - Agent Activity — system: token — 
2026-05-18 03:29:23.143 | INFO     | app.main:event_stream:110 - Agent Activity — system: token — 
2026-05-18 03:29:23.145 | INFO     | app.main:event_stream:110 - Agent Activity — system: token — 
2026-05-18 03:29:23.146 | INFO     | app.main:event_stream:110 - Agent Activity — system: token — 
2026-05-18 03:29:23.147 | INFO     | app.main:event_stream:110 - Agent Activity — system: token — 
2026-05-18 03:29:23.148 | INFO     | app.main:event_stream:110 - Agent Activity — system: token — 
2026-05-18 03:29:23.149 | INFO     | app.main:event_stream:110 - Agent Activity — system: token — 
2026-05-18 03:29:23.149 | INFO     | app.main:event_stream:110 - Agent Activity — system: token — 
2026-05-18 03:29:23.150 | INFO     | app.main:event_stream:110 - Agent Activity — system: token — 
2026-05-18 03:29:23.152 | INFO     | app.main:event_stream:110 - Agent Activity — system: token — 
2026-05-18 03:29:23.154 | INFO     | app.main:event_stream:110 - Agent Activity — system: token — 
2026-05-18 03:29:23.156 | INFO     | app.main:event_stream:110 - Agent Activity — system: token — 
2026-05-18 03:29:23.159 | INFO     | app.main:event_stream:110 - Agent Activity — system: token — 
2026-05-18 03:29:23.161 | INFO     | app.main:event_stream:110 - Agent Activity — system: token — 
2026-05-18 03:29:23.162 | INFO     | app.main:event_stream:110 - Agent Activity — system: token — 
2026-05-18 03:29:23.163 | INFO     | app.main:event_stream:110 - Agent Activity — system: token — 
2026-05-18 03:29:23.164 | INFO     | app.main:event_stream:110 - Agent Activity — system: token — 
2026-05-18 03:29:23.165 | INFO     | app.main:event_stream:110 - Agent Activity — system: token — 
2026-05-18 03:29:23.165 | INFO     | app.main:event_stream:110 - Agent Activity — system: token — 
2026-05-18 03:29:23.166 | INFO     | app.main:event_stream:110 - Agent Activity — system: token — 
2026-05-18 03:29:23.167 | INFO     | app.main:event_stream:110 - Agent Activity — system: token — 
2026-05-18 03:29:23.168 | INFO     | app.main:event_stream:110 - Agent Activity — system: token — 
2026-05-18 03:29:23.169 | INFO     | app.main:event_stream:110 - Agent Activity — system: token — 
2026-05-18 03:29:23.173 | INFO     | app.main:event_stream:110 - Agent Activity — system: token — 
2026-05-18 03:29:23.175 | INFO     | app.main:event_stream:110 - Agent Activity — system: token — 
2026-05-18 03:29:23.178 | INFO     | app.main:event_stream:110 - Agent Activity — system: token — 
2026-05-18 03:29:23.179 | INFO     | app.main:event_stream:110 - Agent Activity — system: token — 
2026-05-18 03:29:23.180 | INFO     | app.main:event_stream:110 - Agent Activity — system: token — 
2026-05-18 03:29:23.181 | INFO     | app.main:event_stream:110 - Agent Activity — system: token — 
2026-05-18 03:29:23.182 | INFO     | app.main:event_stream:110 - Agent Activity — system: token — 
2026-05-18 03:29:23.183 | INFO     | app.main:event_stream:110 - Agent Activity — system: token — 
2026-05-18 03:29:23.184 | INFO     | app.main:event_stream:110 - Agent Activity — system: token — 
2026-05-18 03:29:23.185 | INFO     | app.main:event_stream:110 - Agent Activity — system: token — 
2026-05-18 03:29:23.187 | INFO     | app.main:event_stream:110 - Agent Activity — system: token — 
2026-05-18 03:29:23.190 | INFO     | app.main:event_stream:110 - Agent Activity — system: token — 
2026-05-18 03:29:23.192 | INFO     | app.main:event_stream:110 - Agent Activity — system: token — 
2026-05-18 03:29:23.193 | INFO     | app.main:event_stream:110 - Agent Activity — system: token — 
2026-05-18 03:29:23.194 | INFO     | app.main:event_stream:110 - Agent Activity — system: token — 
2026-05-18 03:29:23.195 | INFO     | app.main:event_stream:110 - Agent Activity — system: token — 
2026-05-18 03:29:23.196 | INFO     | app.main:event_stream:110 - Agent Activity — system: token — 
2026-05-18 03:29:23.197 | INFO     | app.main:event_stream:110 - Agent Activity — system: token — 
2026-05-18 03:29:23.198 | INFO     | app.main:event_stream:110 - Agent Activity — system: token — 
2026-05-18 03:29:23.199 | INFO     | app.main:event_stream:110 - Agent Activity — system: token — 
2026-05-18 03:29:23.201 | INFO     | app.main:event_stream:110 - Agent Activity — system: token — 
2026-05-18 03:29:23.203 | INFO     | app.main:event_stream:110 - Agent Activity — system: token — 
2026-05-18 03:29:23.205 | INFO     | app.main:event_stream:110 - Agent Activity — system: token — 
2026-05-18 03:29:23.210 | INFO     | app.main:event_stream:110 - Agent Activity — system: token — 
2026-05-18 03:29:23.221 | INFO     | app.main:event_stream:110 - Agent Activity — system: token — 
2026-05-18 03:29:23.224 | INFO     | app.main:event_stream:110 - Agent Activity — system: token — 
2026-05-18 03:29:23.226 | INFO     | app.main:event_stream:110 - Agent Activity — system: token — 
2026-05-18 03:29:23.227 | INFO     | app.main:event_stream:110 - Agent Activity — system: token — 
2026-05-18 03:29:23.228 | INFO     | app.main:event_stream:110 - Agent Activity — system: token — 
2026-05-18 03:29:23.229 | INFO     | app.main:event_stream:110 - Agent Activity — system: token — 
2026-05-18 03:29:23.229 | INFO     | app.main:event_stream:110 - Agent Activity — system: token — 
2026-05-18 03:29:23.230 | INFO     | app.main:event_stream:110 - Agent Activity — system: token — 
2026-05-18 03:29:23.231 | INFO     | app.main:event_stream:110 - Agent Activity — system: token — 
2026-05-18 03:29:23.232 | INFO     | app.main:event_stream:110 - Agent Activity — system: token — 
2026-05-18 03:29:23.232 | INFO     | app.main:event_stream:110 - Agent Activity — system: token — 
2026-05-18 03:29:23.234 | INFO     | app.main:event_stream:110 - Agent Activity — system: token — 
2026-05-18 03:29:23.236 | INFO     | app.main:event_stream:110 - Agent Activity — system: token — 
2026-05-18 03:29:23.241 | INFO     | app.main:event_stream:110 - Agent Activity — system: token — 
2026-05-18 03:29:23.243 | INFO     | app.main:event_stream:110 - Agent Activity — system: token — 
2026-05-18 03:29:23.245 | INFO     | app.main:event_stream:110 - Agent Activity — system: token — 
2026-05-18 03:29:23.246 | INFO     | app.main:event_stream:110 - Agent Activity — system: token — 
2026-05-18 03:29:23.247 | INFO     | app.main:event_stream:110 - Agent Activity — system: token — 
2026-05-18 03:29:23.247 | INFO     | app.main:event_stream:110 - Agent Activity — system: token — 
2026-05-18 03:29:23.248 | INFO     | app.main:event_stream:110 - Agent Activity — system: token — 
2026-05-18 03:29:23.250 | INFO     | app.main:event_stream:110 - Agent Activity — system: token — 
2026-05-18 03:29:23.261 | INFO     | app.main:event_stream:110 - Agent Activity — system: token — 
2026-05-18 03:29:23.264 | INFO     | app.main:event_stream:110 - Agent Activity — system: token — 
2026-05-18 03:29:23.265 | INFO     | app.main:event_stream:110 - Agent Activity — system: token — 
2026-05-18 03:29:23.265 | INFO     | app.main:event_stream:110 - Agent Activity — system: token — 
2026-05-18 03:29:23.266 | INFO     | app.main:event_stream:110 - Agent Activity — system: token — 
2026-05-18 03:29:23.267 | INFO     | app.main:event_stream:110 - Agent Activity — system: token — 
2026-05-18 03:29:23.273 | INFO     | app.main:event_stream:110 - Agent Activity — system: token — 
2026-05-18 03:29:23.275 | INFO     | app.main:event_stream:110 - Agent Activity — system: token — 
2026-05-18 03:29:23.276 | INFO     | app.main:event_stream:110 - Agent Activity — system: token — 
2026-05-18 03:29:23.278 | INFO     | app.main:event_stream:110 - Agent Activity — system: token — 
2026-05-18 03:29:23.279 | INFO     | app.main:event_stream:110 - Agent Activity — system: token — 
2026-05-18 03:29:23.280 | INFO     | app.main:event_stream:110 - Agent Activity — system: token — 
2026-05-18 03:29:23.281 | INFO     | app.main:event_stream:110 - Agent Activity — system: token — 
2026-05-18 03:29:23.282 | INFO     | app.main:event_stream:110 - Agent Activity — system: token — 
2026-05-18 03:29:23.282 | INFO     | app.main:event_stream:110 - Agent Activity — system: token — 
2026-05-18 03:29:23.283 | INFO     | app.main:event_stream:110 - Agent Activity — system: token — 
2026-05-18 03:29:23.285 | INFO     | app.main:event_stream:110 - Agent Activity — system: token — 
2026-05-18 03:29:23.286 | INFO     | app.main:event_stream:110 - Agent Activity — system: token — 
2026-05-18 03:29:23.288 | INFO     | app.main:event_stream:110 - Agent Activity — system: token — 
2026-05-18 03:29:23.293 | INFO     | app.main:event_stream:110 - Agent Activity — system: token — 
2026-05-18 03:29:23.295 | INFO     | app.main:event_stream:110 - Agent Activity — system: token — 
2026-05-18 03:29:23.296 | INFO     | app.main:event_stream:110 - Agent Activity — system: token — 
2026-05-18 03:29:23.297 | INFO     | app.main:event_stream:110 - Agent Activity — system: token — 
2026-05-18 03:29:23.298 | INFO     | app.main:event_stream:110 - Agent Activity — system: token — 
2026-05-18 03:29:23.299 | INFO     | app.main:event_stream:110 - Agent Activity — system: token — 
2026-05-18 03:29:23.300 | INFO     | app.main:event_stream:110 - Agent Activity — system: token — 
2026-05-18 03:29:23.303 | INFO     | app.main:event_stream:110 - Agent Activity — system: token — 
2026-05-18 03:29:23.312 | INFO     | app.main:event_stream:110 - Agent Activity — system: token — 
2026-05-18 03:29:23.315 | INFO     | app.main:event_stream:110 - Agent Activity — system: token — 
2026-05-18 03:29:23.316 | INFO     | app.main:event_stream:110 - Agent Activity — system: token — 
2026-05-18 03:29:23.318 | INFO     | app.main:event_stream:110 - Agent Activity — system: token — 
2026-05-18 03:29:23.319 | INFO     | app.main:event_stream:110 - Agent Activity — system: token — 
2026-05-18 03:29:23.322 | INFO     | app.main:event_stream:110 - Agent Activity — system: token — 
2026-05-18 03:29:23.324 | INFO     | app.main:event_stream:110 - Agent Activity — system: token — 
2026-05-18 03:29:23.325 | INFO     | app.main:event_stream:110 - Agent Activity — system: token — 
2026-05-18 03:29:23.325 | INFO     | app.main:event_stream:110 - Agent Activity — system: token — 
2026-05-18 03:29:23.327 | INFO     | app.main:event_stream:110 - Agent Activity — system: token — 
2026-05-18 03:29:23.328 | INFO     | app.main:event_stream:110 - Agent Activity — system: token — 
2026-05-18 03:29:23.329 | INFO     | app.main:event_stream:110 - Agent Activity — system: token — 
2026-05-18 03:29:23.330 | INFO     | app.main:event_stream:110 - Agent Activity — system: token — 
2026-05-18 03:29:23.330 | INFO     | app.main:event_stream:110 - Agent Activity — system: token — 
2026-05-18 03:29:23.331 | INFO     | app.main:event_stream:110 - Agent Activity — system: token — 
2026-05-18 03:29:23.332 | INFO     | app.main:event_stream:110 - Agent Activity — system: token — 
2026-05-18 03:29:23.333 | INFO     | app.main:event_stream:110 - Agent Activity — system: token — 
2026-05-18 03:29:23.335 | INFO     | app.main:event_stream:110 - Agent Activity — system: token — 
2026-05-18 03:29:23.338 | INFO     | app.main:event_stream:110 - Agent Activity — system: token — 
2026-05-18 03:29:23.343 | INFO     | app.main:event_stream:110 - Agent Activity — system: token — 
2026-05-18 03:29:23.347 | INFO     | app.main:event_stream:110 - Agent Activity — system: token — 
2026-05-18 03:29:23.349 | INFO     | app.main:event_stream:110 - Agent Activity — system: token — 
2026-05-18 03:29:23.349 | INFO     | app.main:event_stream:110 - Agent Activity — system: token — 
2026-05-18 03:29:23.350 | INFO     | app.main:event_stream:110 - Agent Activity — system: token — 
2026-05-18 03:29:23.352 | INFO     | app.main:event_stream:110 - Agent Activity — system: token — 
2026-05-18 03:29:23.354 | INFO     | app.main:event_stream:110 - Agent Activity — system: token — 
2026-05-18 03:29:23.356 | INFO     | app.main:event_stream:110 - Agent Activity — system: token — 
2026-05-18 03:29:23.359 | INFO     | app.main:event_stream:110 - Agent Activity — system: token — 
2026-05-18 03:29:23.360 | INFO     | app.main:event_stream:110 - Agent Activity — system: token — 
2026-05-18 03:29:23.372 | INFO     | app.main:event_stream:110 - Agent Activity — system: token — 
2026-05-18 03:29:23.377 | INFO     | app.main:event_stream:110 - Agent Activity — system: token — 
2026-05-18 03:29:23.380 | INFO     | app.main:event_stream:110 - Agent Activity — system: token — 
2026-05-18 03:29:23.381 | INFO     | app.main:event_stream:110 - Agent Activity — system: token — 
2026-05-18 03:29:23.383 | INFO     | app.main:event_stream:110 - Agent Activity — system: token — 
2026-05-18 03:29:23.384 | INFO     | app.main:event_stream:110 - Agent Activity — system: token — 
2026-05-18 03:29:23.386 | INFO     | app.main:event_stream:110 - Agent Activity — system: token — 
2026-05-18 03:29:23.389 | INFO     | app.main:event_stream:110 - Agent Activity — market: agent_start — Finding cross-platform deals for HP Victus Gaming Laptop...
2026-05-18 03:29:23.392 | INFO     | app.agents.market_agent:find_best_deals:258 - Finding best deals for: HP Victus Gaming Laptop
2026-05-18 03:29:25.649 | INFO     | app.services.search_service:search_deals_for_product:243 - Deal search returned 8 results for 'HP Victus Gaming Laptop'
2026-05-18 03:29:30.957 | INFO     | app.main:event_stream:110 - Agent Activity — market: agent_complete — Found 2 cross-platform deals
2026-05-18 03:29:30.959 | INFO     | app.main:event_stream:110 - Agent Activity — system: final_result — Research complete! See the dashboard for details.
2026-05-18 03:29:30.965 | INFO     | app.main:event_stream:110 - Agent Activity — system: done — 
2026-05-18 07:43:12.227 | INFO     | app.main:lifespan:42 - 👋 VeriBuy Backend shutting down
2026-05-18 07:43:21.625 | INFO     | app.main:lifespan:32 - 🚀 VeriBuy Backend starting...
2026-05-18 07:43:21.626 | INFO     | app.main:lifespan:37 - ✅ Ollama connected — model: qwen3:0.6b
2026-05-18 07:43:36.177 | INFO     | app.main:chat:86 - User queried: Ergonomic chairs for long remote work
2026-05-18 07:43:36.199 | INFO     | app.main:event_stream:110 - Agent Activity — intent: agent_start — Understanding your requirements...
2026-05-18 07:43:36.213 | INFO     | app.agents.graph:intent_node:28 - Graph: Running intent node
2026-05-18 07:43:40.577 | DEBUG    | app.agents.intent_agent:run_intent_agent:72 - Intent chain raw response: {
    "product_category": "chair",
    "product_name": null,
    "specifications": [],
    "budget_range": {"min_price": 0, "max_price": 999999, "currency": "INR"},
    "usage_context": "remote work",
    "brand_preferences": [],
    "urgency": "can_wait",
    "is_specific_product": false,
    "is_c
2026-05-18 07:43:40.578 | INFO     | app.agents.intent_agent:run_intent_agent:78 - Intent extracted: category=chair, specific=False, complete=True, confidence=1.0
2026-05-18 07:43:40.582 | INFO     | app.main:event_stream:110 - Agent Activity — intent: agent_complete — Identified: chair
2026-05-18 07:43:40.583 | INFO     | app.main:event_stream:110 - Agent Activity — market: agent_start — Searching across platforms...
2026-05-18 07:43:40.584 | INFO     | app.main:event_stream:110 - Agent Activity — reddit: agent_start — Scanning Reddit discussions...
2026-05-18 07:43:40.585 | INFO     | app.main:event_stream:110 - Agent Activity — youtube: agent_start — Analyzing YouTube reviews...
2026-05-18 07:43:40.587 | INFO     | app.agents.graph:market_node:43 - Graph: Running market node
2026-05-18 07:43:40.588 | INFO     | app.agents.market_agent:run_market_agent:142 - Market agent searching: 'chair for remote work India buy'
2026-05-18 07:43:40.589 | INFO     | app.services.search_service:search_products:82 - Searching products via Serper API: chair for remote work India buy
2026-05-18 07:43:40.590 | INFO     | app.agents.graph:reddit_node:57 - Graph: Running reddit node
2026-05-18 07:43:40.593 | INFO     | app.agents.reddit_agent.reddit_agent:run_reddit_agent:107 - Reddit Agent: Searching ['IndianWorkspaces', 'IndianGaming', 'HomeImprovement', 'OfficeChairs'] for 'chair remote work review India'
2026-05-18 07:43:40.595 | INFO     | app.agents.graph:youtube_node:69 - Graph: Running youtube node
2026-05-18 07:43:40.596 | INFO     | app.agents.youtube_agent.youtube_agent:run_youtube_agent:157 - YouTube Agent: Searching top long-form videos for 'chair for remote work'
2026-05-18 07:43:43.620 | INFO     | app.agents.reddit_agent.reddit_agent:run_reddit_agent:115 - Fetching thread: Help me choose a ergonomic chair under INR 13K - Reddit
2026-05-18 07:43:45.653 | INFO     | app.agents.reddit_agent.reddit_agent:run_reddit_agent:115 - Fetching thread: Finally completed my gaming/work setup after an year of research!
2026-05-18 07:43:48.201 | INFO     | app.agents.reddit_agent.reddit_agent:run_reddit_agent:115 - Fetching thread: Why we dont see gaming setups from India, comparable in ... - Reddit
2026-05-18 07:43:50.643 | INFO     | app.services.search_service:search_youtube_videos:399 - Serper YouTube search returned 11 ranked videos for 'chair for remote work'
2026-05-18 07:43:50.644 | INFO     | app.agents.youtube_agent.youtube_agent:run_youtube_agent:168 - Fetching transcript for video: We Picked The Best Office Chairs for Long Hours at EVERY ...
2026-05-18 07:43:52.787 | WARNING  | app.agents.youtube_agent.transcript_extractor:extract_and_clean_transcript:41 - Transcript extraction blocked by YouTube for video srYOnX3irhw; using Serper video metadata fallback.
2026-05-18 07:43:52.795 | INFO     | app.agents.youtube_agent.youtube_agent:run_youtube_agent:168 - Fetching transcript for video: Best Office Chair Tier List (34 Ranked for Comfort in 2026)
2026-05-18 07:43:55.012 | WARNING  | app.agents.youtube_agent.transcript_extractor:extract_and_clean_transcript:41 - Transcript extraction blocked by YouTube for video exCg2F6k15c; using Serper video metadata fallback.
2026-05-18 07:43:55.016 | INFO     | app.agents.youtube_agent.youtube_agent:run_youtube_agent:168 - Fetching transcript for video: Best Office Chair Tier List (35 Ranked For Comfort)
2026-05-18 07:43:57.312 | WARNING  | app.agents.youtube_agent.transcript_extractor:extract_and_clean_transcript:41 - Transcript extraction blocked by YouTube for video QLbx8xsVua4; using Serper video metadata fallback.
2026-05-18 07:43:57.315 | INFO     | app.agents.youtube_agent.youtube_agent:run_youtube_agent:168 - Fetching transcript for video: I Tested Best Ergonomic Office/Study Chair Under ₹5000 ...
2026-05-18 07:43:58.946 | WARNING  | app.agents.youtube_agent.transcript_extractor:extract_and_clean_transcript:41 - Transcript extraction blocked by YouTube for video YOfA5xt9O4A; using Serper video metadata fallback.
2026-05-18 07:43:58.950 | INFO     | app.agents.youtube_agent.youtube_agent:run_youtube_agent:168 - Fetching transcript for video: Gaming vs Office Chairs: Don't Fall For The "GAMING" Label
2026-05-18 07:44:00.815 | WARNING  | app.agents.youtube_agent.transcript_extractor:extract_and_clean_transcript:41 - Transcript extraction blocked by YouTube for video EJtCxOyWgB4; using Serper video metadata fallback.
2026-05-18 07:44:00.821 | INFO     | app.agents.youtube_agent.youtube_agent:run_youtube_agent:168 - Fetching transcript for video: YouTube
2026-05-18 07:44:03.145 | WARNING  | app.agents.youtube_agent.transcript_extractor:extract_and_clean_transcript:41 - Transcript extraction blocked by YouTube for video F0PqBCgyq6A; using Serper video metadata fallback.
2026-05-18 07:44:03.149 | INFO     | app.agents.youtube_agent.youtube_agent:run_youtube_agent:168 - Fetching transcript for video: The Best Stylish Recliners in 2025 that Won't Ruin Your Living ...
2026-05-18 07:44:05.094 | WARNING  | app.agents.youtube_agent.transcript_extractor:extract_and_clean_transcript:41 - Transcript extraction blocked by YouTube for video 3ZcOH4UiPj4; using Serper video metadata fallback.
2026-05-18 07:44:05.096 | INFO     | app.agents.youtube_agent.youtube_agent:run_youtube_agent:168 - Fetching transcript for video: My Minimalist Travel Desk Setup (2026 Guide)
2026-05-18 07:44:06.591 | WARNING  | app.agents.youtube_agent.transcript_extractor:extract_and_clean_transcript:41 - Transcript extraction blocked by YouTube for video izhsgvNonlA; using Serper video metadata fallback.
2026-05-18 07:44:06.595 | INFO     | app.agents.youtube_agent.youtube_agent:run_youtube_agent:168 - Fetching transcript for video: SIHOO M105C Ergonomic Office Chair Installation/Assembly Video
2026-05-18 07:44:07.761 | WARNING  | app.agents.youtube_agent.transcript_extractor:extract_and_clean_transcript:47 - Transcript extraction failed for video vM9EBdHq5_o: Could not retrieve a transcript for the video https://www.youtube.com/watch?v=vM9EBdHq5_o! This is most likely caused by:
2026-05-18 07:44:07.765 | INFO     | app.agents.youtube_agent.youtube_agent:run_youtube_agent:168 - Fetching transcript for video: Ergonomics Expert Explains How To Set Up Your Desk
2026-05-18 07:44:09.903 | WARNING  | app.agents.youtube_agent.transcript_extractor:extract_and_clean_transcript:41 - Transcript extraction blocked by YouTube for video hrzBe4qKFq8; using Serper video metadata fallback.
2026-05-18 07:44:09.923 | INFO     | app.services.search_service:search_products:202 - Serper API returned 62 results (60 with parsed prices).
2026-05-18 07:44:09.936 | INFO     | app.main:event_stream:110 - Agent Activity — reddit: agent_complete — Analyzed 3 Reddit threads
2026-05-18 07:44:13.265 | ERROR    | app.agents.market_agent:run_market_agent:229 - Market agent analysis error: (Request ID: Root=1-6a0a75f4-3345dd0a60e433b52f4536bc;c7e0f89d-11cb-491b-a822-26ed57e97056)

Bad request:
2026-05-18 07:44:13.269 | INFO     | app.agents.market_agent:run_market_agent:232 - Recovered 5 products from raw search result prices after LLM failure
2026-05-18 07:44:13.274 | INFO     | app.main:event_stream:110 - Agent Activity — market: agent_complete — Found 5 products
2026-05-18 07:44:18.816 | INFO     | app.main:event_stream:110 - Agent Activity — youtube: agent_complete — Analyzed 0 YouTube videos
2026-05-18 07:44:18.819 | INFO     | app.main:event_stream:110 - Agent Activity — system: token — 
2026-05-18 07:44:18.820 | INFO     | app.main:event_stream:110 - Agent Activity — system: token — 
2026-05-18 07:44:18.822 | INFO     | app.main:event_stream:110 - Agent Activity — system: token — 
2026-05-18 07:44:18.825 | INFO     | app.main:event_stream:110 - Agent Activity — system: token — 
2026-05-18 07:44:18.826 | INFO     | app.main:event_stream:110 - Agent Activity — system: token — 
2026-05-18 07:44:18.829 | INFO     | app.main:event_stream:110 - Agent Activity — system: token — 
2026-05-18 07:44:18.832 | INFO     | app.main:event_stream:110 - Agent Activity — system: token — 
2026-05-18 07:44:18.838 | INFO     | app.main:event_stream:110 - Agent Activity — system: token — 
2026-05-18 07:44:18.841 | INFO     | app.main:event_stream:110 - Agent Activity — system: token — 
2026-05-18 07:44:18.846 | INFO     | app.main:event_stream:110 - Agent Activity — system: token — 
2026-05-18 07:44:18.848 | INFO     | app.main:event_stream:110 - Agent Activity — system: token — 
2026-05-18 07:44:18.849 | INFO     | app.main:event_stream:110 - Agent Activity — system: token — 
2026-05-18 07:44:18.852 | INFO     | app.main:event_stream:110 - Agent Activity — system: token — 
2026-05-18 07:44:18.858 | INFO     | app.main:event_stream:110 - Agent Activity — system: token — 
2026-05-18 07:44:18.862 | INFO     | app.main:event_stream:110 - Agent Activity — system: token — 
2026-05-18 07:44:18.863 | INFO     | app.main:event_stream:110 - Agent Activity — system: token — 
2026-05-18 07:44:18.864 | INFO     | app.main:event_stream:110 - Agent Activity — system: token — 
2026-05-18 07:44:18.865 | INFO     | app.main:event_stream:110 - Agent Activity — system: token — 
2026-05-18 07:44:18.866 | INFO     | app.main:event_stream:110 - Agent Activity — system: token — 
2026-05-18 07:44:18.869 | INFO     | app.main:event_stream:110 - Agent Activity — system: token — 
2026-05-18 07:44:18.871 | INFO     | app.main:event_stream:110 - Agent Activity — system: token — 
2026-05-18 07:44:18.872 | INFO     | app.main:event_stream:110 - Agent Activity — system: token — 
2026-05-18 07:44:18.873 | INFO     | app.main:event_stream:110 - Agent Activity — system: token — 
2026-05-18 07:44:18.874 | INFO     | app.main:event_stream:110 - Agent Activity — system: token — 
2026-05-18 07:44:18.875 | INFO     | app.main:event_stream:110 - Agent Activity — system: token — 
2026-05-18 07:44:18.877 | INFO     | app.main:event_stream:110 - Agent Activity — system: token — 
2026-05-18 07:44:18.881 | INFO     | app.main:event_stream:110 - Agent Activity — system: token — 
2026-05-18 07:44:18.883 | INFO     | app.main:event_stream:110 - Agent Activity — system: token — 
2026-05-18 07:44:18.886 | INFO     | app.main:event_stream:110 - Agent Activity — system: token — 
2026-05-18 07:44:18.888 | INFO     | app.main:event_stream:110 - Agent Activity — system: token — 
2026-05-18 07:44:18.890 | INFO     | app.main:event_stream:110 - Agent Activity — system: token — 
2026-05-18 07:44:18.891 | INFO     | app.main:event_stream:110 - Agent Activity — system: token — 
2026-05-18 07:44:18.893 | INFO     | app.main:event_stream:110 - Agent Activity — system: token — 
2026-05-18 07:44:18.895 | INFO     | app.main:event_stream:110 - Agent Activity — system: token — 
2026-05-18 07:44:18.898 | INFO     | app.main:event_stream:110 - Agent Activity — system: token — 
2026-05-18 07:44:18.900 | INFO     | app.main:event_stream:110 - Agent Activity — system: token — 
2026-05-18 07:44:18.903 | INFO     | app.main:event_stream:110 - Agent Activity — system: token — 
2026-05-18 07:44:18.905 | INFO     | app.main:event_stream:110 - Agent Activity — system: token — 
2026-05-18 07:44:18.907 | INFO     | app.main:event_stream:110 - Agent Activity — system: token — 
2026-05-18 07:44:18.909 | INFO     | app.main:event_stream:110 - Agent Activity — system: token — 
2026-05-18 07:44:18.911 | INFO     | app.main:event_stream:110 - Agent Activity — system: token — 
2026-05-18 07:44:18.912 | INFO     | app.main:event_stream:110 - Agent Activity — system: token — 
2026-05-18 07:44:18.912 | INFO     | app.main:event_stream:110 - Agent Activity — system: token — 
2026-05-18 07:44:18.913 | INFO     | app.main:event_stream:110 - Agent Activity — system: token — 
2026-05-18 07:44:18.914 | INFO     | app.main:event_stream:110 - Agent Activity — system: token — 
2026-05-18 07:44:18.914 | INFO     | app.main:event_stream:110 - Agent Activity — system: token — 
2026-05-18 07:44:18.916 | INFO     | app.main:event_stream:110 - Agent Activity — system: token — 
2026-05-18 07:44:18.918 | INFO     | app.main:event_stream:110 - Agent Activity — system: token — 
2026-05-18 07:44:18.919 | INFO     | app.main:event_stream:110 - Agent Activity — system: token — 
2026-05-18 07:44:18.921 | INFO     | app.main:event_stream:110 - Agent Activity — system: token — 
2026-05-18 07:44:18.923 | INFO     | app.main:event_stream:110 - Agent Activity — system: token — 
2026-05-18 07:44:18.926 | INFO     | app.main:event_stream:110 - Agent Activity — system: token — 
2026-05-18 07:44:18.927 | INFO     | app.main:event_stream:110 - Agent Activity — system: token — 
2026-05-18 07:44:18.929 | INFO     | app.main:event_stream:110 - Agent Activity — system: token — 
2026-05-18 07:44:18.931 | INFO     | app.main:event_stream:110 - Agent Activity — system: token — 
2026-05-18 07:44:18.932 | INFO     | app.main:event_stream:110 - Agent Activity — system: token — 
2026-05-18 07:44:18.933 | INFO     | app.main:event_stream:110 - Agent Activity — system: token — 
2026-05-18 07:44:18.934 | INFO     | app.main:event_stream:110 - Agent Activity — system: token — 
2026-05-18 07:44:18.935 | INFO     | app.main:event_stream:110 - Agent Activity — system: token — 
2026-05-18 07:44:18.937 | INFO     | app.main:event_stream:110 - Agent Activity — system: token — 
2026-05-18 07:44:18.944 | INFO     | app.main:event_stream:110 - Agent Activity — system: token — 
2026-05-18 07:44:18.945 | INFO     | app.main:event_stream:110 - Agent Activity — system: token — 
2026-05-18 07:44:18.947 | INFO     | app.main:event_stream:110 - Agent Activity — system: token — 
2026-05-18 07:44:18.948 | INFO     | app.main:event_stream:110 - Agent Activity — system: token — 
2026-05-18 07:44:18.949 | INFO     | app.main:event_stream:110 - Agent Activity — system: token — 
2026-05-18 07:44:18.950 | INFO     | app.main:event_stream:110 - Agent Activity — system: token — 
2026-05-18 07:44:18.951 | INFO     | app.main:event_stream:110 - Agent Activity — system: token — 
2026-05-18 07:44:18.952 | INFO     | app.main:event_stream:110 - Agent Activity — system: token — 
2026-05-18 07:44:18.953 | INFO     | app.main:event_stream:110 - Agent Activity — system: token — 
2026-05-18 07:44:18.954 | INFO     | app.main:event_stream:110 - Agent Activity — system: token — 
2026-05-18 07:44:18.954 | INFO     | app.main:event_stream:110 - Agent Activity — system: token — 
2026-05-18 07:44:18.955 | INFO     | app.main:event_stream:110 - Agent Activity — system: token — 
2026-05-18 07:44:18.957 | INFO     | app.main:event_stream:110 - Agent Activity — system: token — 
2026-05-18 07:44:18.960 | INFO     | app.main:event_stream:110 - Agent Activity — system: token — 
2026-05-18 07:44:18.961 | INFO     | app.main:event_stream:110 - Agent Activity — system: token — 
2026-05-18 07:44:18.963 | INFO     | app.main:event_stream:110 - Agent Activity — system: token — 
2026-05-18 07:44:18.965 | INFO     | app.main:event_stream:110 - Agent Activity — system: token — 
2026-05-18 07:44:18.966 | INFO     | app.main:event_stream:110 - Agent Activity — system: token — 
2026-05-18 07:44:18.967 | INFO     | app.main:event_stream:110 - Agent Activity — system: token — 
2026-05-18 07:44:18.968 | INFO     | app.main:event_stream:110 - Agent Activity — system: token — 
2026-05-18 07:44:18.969 | INFO     | app.main:event_stream:110 - Agent Activity — system: token — 
2026-05-18 07:44:18.970 | INFO     | app.main:event_stream:110 - Agent Activity — system: token — 
2026-05-18 07:44:18.971 | INFO     | app.main:event_stream:110 - Agent Activity — system: token — 
2026-05-18 07:44:18.972 | INFO     | app.main:event_stream:110 - Agent Activity — system: token — 
2026-05-18 07:44:18.974 | INFO     | app.main:event_stream:110 - Agent Activity — system: token — 
2026-05-18 07:44:18.976 | INFO     | app.main:event_stream:110 - Agent Activity — system: token — 
2026-05-18 07:44:18.977 | INFO     | app.main:event_stream:110 - Agent Activity — system: token — 
2026-05-18 07:44:18.978 | INFO     | app.main:event_stream:110 - Agent Activity — system: token — 
2026-05-18 07:44:18.979 | INFO     | app.main:event_stream:110 - Agent Activity — system: token — 
2026-05-18 07:44:18.980 | INFO     | app.main:event_stream:110 - Agent Activity — system: token — 
2026-05-18 07:44:18.981 | INFO     | app.main:event_stream:110 - Agent Activity — system: token — 
2026-05-18 07:44:18.983 | INFO     | app.main:event_stream:110 - Agent Activity — system: token — 
2026-05-18 07:44:18.985 | INFO     | app.main:event_stream:110 - Agent Activity — system: token — 
2026-05-18 07:44:18.986 | INFO     | app.main:event_stream:110 - Agent Activity — system: token — 
2026-05-18 07:44:18.987 | INFO     | app.main:event_stream:110 - Agent Activity — system: token — 
2026-05-18 07:44:18.989 | INFO     | app.main:event_stream:110 - Agent Activity — system: token — 
2026-05-18 07:44:18.991 | INFO     | app.main:event_stream:110 - Agent Activity — system: token — 
2026-05-18 07:44:18.993 | INFO     | app.main:event_stream:110 - Agent Activity — system: token — 
2026-05-18 07:44:18.995 | INFO     | app.main:event_stream:110 - Agent Activity — system: token — 
2026-05-18 07:44:18.996 | INFO     | app.main:event_stream:110 - Agent Activity — system: token — 
2026-05-18 07:44:18.997 | INFO     | app.main:event_stream:110 - Agent Activity — system: token — 
2026-05-18 07:44:18.998 | INFO     | app.main:event_stream:110 - Agent Activity — system: token — 
2026-05-18 07:44:19.000 | INFO     | app.main:event_stream:110 - Agent Activity — system: token — 
2026-05-18 07:44:19.001 | INFO     | app.main:event_stream:110 - Agent Activity — system: token — 
2026-05-18 07:44:19.003 | INFO     | app.main:event_stream:110 - Agent Activity — system: token — 
2026-05-18 07:44:19.004 | INFO     | app.main:event_stream:110 - Agent Activity — system: token — 
2026-05-18 07:44:19.005 | INFO     | app.main:event_stream:110 - Agent Activity — system: token — 
2026-05-18 07:44:19.007 | INFO     | app.main:event_stream:110 - Agent Activity — system: token — 
2026-05-18 07:44:19.011 | INFO     | app.main:event_stream:110 - Agent Activity — system: token — 
2026-05-18 07:44:19.013 | INFO     | app.main:event_stream:110 - Agent Activity — system: token — 
2026-05-18 07:44:19.014 | INFO     | app.main:event_stream:110 - Agent Activity — system: token — 
2026-05-18 07:44:19.016 | INFO     | app.main:event_stream:110 - Agent Activity — system: token — 
2026-05-18 07:44:19.017 | INFO     | app.main:event_stream:110 - Agent Activity — system: token — 
2026-05-18 07:44:19.019 | INFO     | app.main:event_stream:110 - Agent Activity — system: token — 
2026-05-18 07:44:19.022 | INFO     | app.main:event_stream:110 - Agent Activity — system: token — 
2026-05-18 07:44:19.024 | INFO     | app.main:event_stream:110 - Agent Activity — system: token — 
2026-05-18 07:44:19.027 | INFO     | app.main:event_stream:110 - Agent Activity — system: token — 
2026-05-18 07:44:19.029 | INFO     | app.main:event_stream:110 - Agent Activity — system: token — 
2026-05-18 07:44:19.031 | INFO     | app.main:event_stream:110 - Agent Activity — system: token — 
2026-05-18 07:44:19.032 | INFO     | app.main:event_stream:110 - Agent Activity — system: token — 
2026-05-18 07:44:19.033 | INFO     | app.main:event_stream:110 - Agent Activity — system: token — 
2026-05-18 07:44:19.035 | INFO     | app.main:event_stream:110 - Agent Activity — system: token — 
2026-05-18 07:44:19.036 | INFO     | app.main:event_stream:110 - Agent Activity — system: token — 
2026-05-18 07:44:19.037 | INFO     | app.main:event_stream:110 - Agent Activity — system: token — 
2026-05-18 07:44:19.039 | INFO     | app.main:event_stream:110 - Agent Activity — system: token — 
2026-05-18 07:44:19.041 | INFO     | app.main:event_stream:110 - Agent Activity — system: token — 
2026-05-18 07:44:19.044 | INFO     | app.main:event_stream:110 - Agent Activity — system: token — 
2026-05-18 07:44:19.046 | INFO     | app.main:event_stream:110 - Agent Activity — system: token — 
2026-05-18 07:44:19.047 | INFO     | app.main:event_stream:110 - Agent Activity — system: token — 
2026-05-18 07:44:19.049 | INFO     | app.main:event_stream:110 - Agent Activity — system: token — 
2026-05-18 07:44:19.051 | INFO     | app.main:event_stream:110 - Agent Activity — system: token — 
2026-05-18 07:44:19.053 | INFO     | app.main:event_stream:110 - Agent Activity — system: token — 
2026-05-18 07:44:19.055 | INFO     | app.main:event_stream:110 - Agent Activity — system: token — 
2026-05-18 07:44:19.058 | INFO     | app.main:event_stream:110 - Agent Activity — system: token — 
2026-05-18 07:44:19.060 | INFO     | app.main:event_stream:110 - Agent Activity — system: token — 
2026-05-18 07:44:19.061 | INFO     | app.main:event_stream:110 - Agent Activity — system: token — 
2026-05-18 07:44:19.062 | INFO     | app.main:event_stream:110 - Agent Activity — system: token — 
2026-05-18 07:44:19.063 | INFO     | app.main:event_stream:110 - Agent Activity — system: token — 
2026-05-18 07:44:19.065 | INFO     | app.main:event_stream:110 - Agent Activity — system: token — 
2026-05-18 07:44:19.068 | INFO     | app.main:event_stream:110 - Agent Activity — system: token — 
2026-05-18 07:44:19.070 | INFO     | app.main:event_stream:110 - Agent Activity — system: token — 
2026-05-18 07:44:19.072 | INFO     | app.main:event_stream:110 - Agent Activity — system: token — 
2026-05-18 07:44:19.073 | INFO     | app.main:event_stream:110 - Agent Activity — system: token — 
2026-05-18 07:44:19.076 | INFO     | app.main:event_stream:110 - Agent Activity — system: token — 
2026-05-18 07:44:19.077 | INFO     | app.main:event_stream:110 - Agent Activity — system: token — 
2026-05-18 07:44:19.079 | INFO     | app.main:event_stream:110 - Agent Activity — system: token — 
2026-05-18 07:44:19.080 | INFO     | app.main:event_stream:110 - Agent Activity — system: token — 
2026-05-18 07:44:19.081 | INFO     | app.main:event_stream:110 - Agent Activity — system: token — 
2026-05-18 07:44:19.082 | INFO     | app.main:event_stream:110 - Agent Activity — system: token — 
2026-05-18 07:44:19.083 | INFO     | app.main:event_stream:110 - Agent Activity — system: token — 
2026-05-18 07:44:19.085 | INFO     | app.main:event_stream:110 - Agent Activity — system: token — 
2026-05-18 07:44:19.088 | INFO     | app.main:event_stream:110 - Agent Activity — system: token — 
2026-05-18 07:44:19.089 | INFO     | app.main:event_stream:110 - Agent Activity — system: token — 
2026-05-18 07:44:19.091 | INFO     | app.main:event_stream:110 - Agent Activity — system: token — 
2026-05-18 07:44:19.092 | INFO     | app.main:event_stream:110 - Agent Activity — system: token — 
2026-05-18 07:44:19.094 | INFO     | app.main:event_stream:110 - Agent Activity — system: token — 
2026-05-18 07:44:19.095 | INFO     | app.main:event_stream:110 - Agent Activity — system: token — 
2026-05-18 07:44:19.096 | INFO     | app.main:event_stream:110 - Agent Activity — system: token — 
2026-05-18 07:44:19.096 | INFO     | app.main:event_stream:110 - Agent Activity — system: token — 
2026-05-18 07:44:19.097 | INFO     | app.main:event_stream:110 - Agent Activity — system: token — 
2026-05-18 07:44:19.098 | INFO     | app.main:event_stream:110 - Agent Activity — system: token — 
2026-05-18 07:44:19.099 | INFO     | app.main:event_stream:110 - Agent Activity — system: token — 
2026-05-18 07:44:19.101 | INFO     | app.main:event_stream:110 - Agent Activity — system: token — 
2026-05-18 07:44:19.102 | INFO     | app.main:event_stream:110 - Agent Activity — system: token — 
2026-05-18 07:44:19.103 | INFO     | app.main:event_stream:110 - Agent Activity — system: token — 
2026-05-18 07:44:19.104 | INFO     | app.main:event_stream:110 - Agent Activity — system: token — 
2026-05-18 07:44:19.107 | INFO     | app.main:event_stream:110 - Agent Activity — system: token — 
2026-05-18 07:44:19.110 | INFO     | app.main:event_stream:110 - Agent Activity — system: token — 
2026-05-18 07:44:19.112 | INFO     | app.main:event_stream:110 - Agent Activity — system: token — 
2026-05-18 07:44:19.113 | INFO     | app.main:event_stream:110 - Agent Activity — system: token — 
2026-05-18 07:44:19.114 | INFO     | app.main:event_stream:110 - Agent Activity — system: token — 
2026-05-18 07:44:19.116 | INFO     | app.main:event_stream:110 - Agent Activity — system: token — 
2026-05-18 07:44:19.117 | INFO     | app.main:event_stream:110 - Agent Activity — system: token — 
2026-05-18 07:44:19.121 | INFO     | app.main:event_stream:110 - Agent Activity — system: token — 
2026-05-18 07:44:19.122 | INFO     | app.main:event_stream:110 - Agent Activity — system: token — 
2026-05-18 07:44:19.124 | INFO     | app.main:event_stream:110 - Agent Activity — system: token — 
2026-05-18 07:44:19.126 | INFO     | app.main:event_stream:110 - Agent Activity — system: token — 
2026-05-18 07:44:19.129 | INFO     | app.main:event_stream:110 - Agent Activity — system: token — 
2026-05-18 07:44:19.130 | INFO     | app.main:event_stream:110 - Agent Activity — system: token — 
2026-05-18 07:44:19.131 | INFO     | app.main:event_stream:110 - Agent Activity — system: token — 
2026-05-18 07:44:19.131 | INFO     | app.main:event_stream:110 - Agent Activity — system: token — 
2026-05-18 07:44:19.132 | INFO     | app.main:event_stream:110 - Agent Activity — system: token — 
2026-05-18 07:44:19.133 | INFO     | app.main:event_stream:110 - Agent Activity — system: token — 
2026-05-18 07:44:19.135 | INFO     | app.main:event_stream:110 - Agent Activity — system: token — 
2026-05-18 07:44:19.135 | INFO     | app.main:event_stream:110 - Agent Activity — system: token — 
2026-05-18 07:44:19.136 | INFO     | app.main:event_stream:110 - Agent Activity — system: token — 
2026-05-18 07:44:19.137 | INFO     | app.main:event_stream:110 - Agent Activity — system: token — 
2026-05-18 07:44:19.138 | INFO     | app.main:event_stream:110 - Agent Activity — system: token — 
2026-05-18 07:44:19.142 | INFO     | app.main:event_stream:110 - Agent Activity — system: token — 
2026-05-18 07:44:19.144 | INFO     | app.main:event_stream:110 - Agent Activity — system: token — 
2026-05-18 07:44:19.145 | INFO     | app.main:event_stream:110 - Agent Activity — system: token — 
2026-05-18 07:44:19.146 | INFO     | app.main:event_stream:110 - Agent Activity — system: token — 
2026-05-18 07:44:19.147 | INFO     | app.main:event_stream:110 - Agent Activity — system: token — 
2026-05-18 07:44:19.148 | INFO     | app.main:event_stream:110 - Agent Activity — system: token — 
2026-05-18 07:44:19.148 | INFO     | app.main:event_stream:110 - Agent Activity — system: token — 
2026-05-18 07:44:19.150 | INFO     | app.main:event_stream:110 - Agent Activity — system: token — 
2026-05-18 07:44:19.153 | INFO     | app.main:event_stream:110 - Agent Activity — system: token — 
2026-05-18 07:44:19.157 | INFO     | app.main:event_stream:110 - Agent Activity — system: token — 
2026-05-18 07:44:19.162 | INFO     | app.main:event_stream:110 - Agent Activity — system: token — 
2026-05-18 07:44:19.168 | INFO     | app.main:event_stream:110 - Agent Activity — system: token — 
2026-05-18 07:44:19.171 | INFO     | app.main:event_stream:110 - Agent Activity — system: token — 
2026-05-18 07:44:19.177 | INFO     | app.main:event_stream:110 - Agent Activity — system: token — 
2026-05-18 07:44:19.181 | INFO     | app.main:event_stream:110 - Agent Activity — system: token — 
2026-05-18 07:44:19.183 | INFO     | app.main:event_stream:110 - Agent Activity — system: token — 
2026-05-18 07:44:19.186 | INFO     | app.main:event_stream:110 - Agent Activity — system: token — 
2026-05-18 07:44:19.190 | INFO     | app.main:event_stream:110 - Agent Activity — system: token — 
2026-05-18 07:44:19.192 | INFO     | app.main:event_stream:110 - Agent Activity — system: token — 
2026-05-18 07:44:19.194 | INFO     | app.main:event_stream:110 - Agent Activity — system: token — 
2026-05-18 07:44:19.198 | INFO     | app.main:event_stream:110 - Agent Activity — system: token — 
2026-05-18 07:44:19.204 | INFO     | app.main:event_stream:110 - Agent Activity — system: token — 
2026-05-18 07:44:19.208 | INFO     | app.main:event_stream:110 - Agent Activity — system: token — 
2026-05-18 07:44:19.212 | INFO     | app.main:event_stream:110 - Agent Activity — system: token — 
2026-05-18 07:44:19.215 | INFO     | app.main:event_stream:110 - Agent Activity — system: token — 
2026-05-18 07:44:19.216 | INFO     | app.main:event_stream:110 - Agent Activity — system: token — 
2026-05-18 07:44:19.221 | INFO     | app.main:event_stream:110 - Agent Activity — system: token — 
2026-05-18 07:44:19.223 | INFO     | app.main:event_stream:110 - Agent Activity — system: token — 
2026-05-18 07:44:19.225 | INFO     | app.main:event_stream:110 - Agent Activity — system: token — 
2026-05-18 07:44:19.229 | INFO     | app.main:event_stream:110 - Agent Activity — system: token — 
2026-05-18 07:44:19.230 | INFO     | app.main:event_stream:110 - Agent Activity — system: token — 
2026-05-18 07:44:19.232 | INFO     | app.main:event_stream:110 - Agent Activity — system: token — 
2026-05-18 07:44:19.235 | INFO     | app.main:event_stream:110 - Agent Activity — system: token — 
2026-05-18 07:44:19.236 | INFO     | app.main:event_stream:110 - Agent Activity — system: token — 
2026-05-18 07:44:19.238 | INFO     | app.main:event_stream:110 - Agent Activity — system: token — 
2026-05-18 07:44:19.239 | INFO     | app.main:event_stream:110 - Agent Activity — system: token — 
2026-05-18 07:44:19.240 | INFO     | app.main:event_stream:110 - Agent Activity — system: token — 
2026-05-18 07:44:19.241 | INFO     | app.main:event_stream:110 - Agent Activity — system: token — 
2026-05-18 07:44:19.244 | INFO     | app.main:event_stream:110 - Agent Activity — system: token — 
2026-05-18 07:44:19.247 | INFO     | app.main:event_stream:110 - Agent Activity — system: token — 
2026-05-18 07:44:19.249 | INFO     | app.main:event_stream:110 - Agent Activity — system: token — 
2026-05-18 07:44:19.251 | INFO     | app.main:event_stream:110 - Agent Activity — system: token — 
2026-05-18 07:44:19.253 | INFO     | app.main:event_stream:110 - Agent Activity — system: token — 
2026-05-18 07:44:19.254 | INFO     | app.main:event_stream:110 - Agent Activity — system: token — 
2026-05-18 07:44:19.256 | INFO     | app.main:event_stream:110 - Agent Activity — system: token — 
2026-05-18 07:44:19.259 | INFO     | app.main:event_stream:110 - Agent Activity — system: token — 
2026-05-18 07:44:19.261 | INFO     | app.main:event_stream:110 - Agent Activity — system: token — 
2026-05-18 07:44:19.262 | INFO     | app.main:event_stream:110 - Agent Activity — system: token — 
2026-05-18 07:44:19.263 | INFO     | app.main:event_stream:110 - Agent Activity — system: token — 
2026-05-18 07:44:19.264 | INFO     | app.main:event_stream:110 - Agent Activity — system: token — 
2026-05-18 07:44:19.265 | INFO     | app.main:event_stream:110 - Agent Activity — system: token — 
2026-05-18 07:44:19.266 | INFO     | app.main:event_stream:110 - Agent Activity — system: token — 
2026-05-18 07:44:19.267 | INFO     | app.main:event_stream:110 - Agent Activity — system: token — 
2026-05-18 07:44:19.268 | INFO     | app.main:event_stream:110 - Agent Activity — system: token — 
2026-05-18 07:44:19.270 | INFO     | app.main:event_stream:110 - Agent Activity — system: token — 
2026-05-18 07:44:19.271 | INFO     | app.main:event_stream:110 - Agent Activity — system: token — 
2026-05-18 07:44:19.272 | INFO     | app.main:event_stream:110 - Agent Activity — system: token — 
2026-05-18 07:44:19.273 | INFO     | app.main:event_stream:110 - Agent Activity — system: token — 
2026-05-18 07:44:19.275 | INFO     | app.main:event_stream:110 - Agent Activity — system: token — 
2026-05-18 07:44:19.278 | INFO     | app.main:event_stream:110 - Agent Activity — system: token — 
2026-05-18 07:44:19.281 | INFO     | app.main:event_stream:110 - Agent Activity — system: token — 
2026-05-18 07:44:19.284 | INFO     | app.main:event_stream:110 - Agent Activity — system: token — 
2026-05-18 07:44:19.286 | INFO     | app.main:event_stream:110 - Agent Activity — system: token — 
2026-05-18 07:44:19.287 | INFO     | app.main:event_stream:110 - Agent Activity — system: token — 
2026-05-18 07:44:19.289 | INFO     | app.main:event_stream:110 - Agent Activity — system: token — 
2026-05-18 07:44:19.291 | INFO     | app.main:event_stream:110 - Agent Activity — system: token — 
2026-05-18 07:44:19.292 | INFO     | app.main:event_stream:110 - Agent Activity — system: token — 
2026-05-18 07:44:19.293 | INFO     | app.main:event_stream:110 - Agent Activity — system: token — 
2026-05-18 07:44:19.294 | INFO     | app.main:event_stream:110 - Agent Activity — system: token — 
2026-05-18 07:44:19.295 | INFO     | app.main:event_stream:110 - Agent Activity — system: token — 
2026-05-18 07:44:19.296 | INFO     | app.main:event_stream:110 - Agent Activity — system: token — 
2026-05-18 07:44:19.297 | INFO     | app.main:event_stream:110 - Agent Activity — system: token — 
2026-05-18 07:44:19.298 | INFO     | app.main:event_stream:110 - Agent Activity — system: token — 
2026-05-18 07:44:19.299 | INFO     | app.main:event_stream:110 - Agent Activity — system: token — 
2026-05-18 07:44:19.300 | INFO     | app.main:event_stream:110 - Agent Activity — system: token — 
2026-05-18 07:44:19.301 | INFO     | app.main:event_stream:110 - Agent Activity — system: token — 
2026-05-18 07:44:19.302 | INFO     | app.main:event_stream:110 - Agent Activity — system: token — 
2026-05-18 07:44:19.303 | INFO     | app.main:event_stream:110 - Agent Activity — system: token — 
2026-05-18 07:44:19.305 | INFO     | app.main:event_stream:110 - Agent Activity — system: token — 
2026-05-18 07:44:19.307 | INFO     | app.main:event_stream:110 - Agent Activity — system: token — 
2026-05-18 07:44:19.309 | INFO     | app.main:event_stream:110 - Agent Activity — system: token — 
2026-05-18 07:44:19.310 | INFO     | app.main:event_stream:110 - Agent Activity — system: token — 
2026-05-18 07:44:19.311 | INFO     | app.main:event_stream:110 - Agent Activity — system: token — 
2026-05-18 07:44:19.312 | INFO     | app.main:event_stream:110 - Agent Activity — system: token — 
2026-05-18 07:44:19.313 | INFO     | app.main:event_stream:110 - Agent Activity — system: token — 
2026-05-18 07:44:19.315 | INFO     | app.main:event_stream:110 - Agent Activity — system: token — 
2026-05-18 07:44:19.316 | INFO     | app.main:event_stream:110 - Agent Activity — system: token — 
2026-05-18 07:44:19.318 | INFO     | app.main:event_stream:110 - Agent Activity — system: token — 
2026-05-18 07:44:19.319 | INFO     | app.main:event_stream:110 - Agent Activity — system: token — 
2026-05-18 07:44:19.321 | INFO     | app.main:event_stream:110 - Agent Activity — system: token — 
2026-05-18 07:44:19.323 | INFO     | app.main:event_stream:110 - Agent Activity — system: token — 
2026-05-18 07:44:19.325 | INFO     | app.main:event_stream:110 - Agent Activity — system: token — 
2026-05-18 07:44:19.326 | INFO     | app.main:event_stream:110 - Agent Activity — system: token — 
2026-05-18 07:44:19.327 | INFO     | app.main:event_stream:110 - Agent Activity — system: token — 
2026-05-18 07:44:19.328 | INFO     | app.main:event_stream:110 - Agent Activity — system: token — 
2026-05-18 07:44:19.329 | INFO     | app.main:event_stream:110 - Agent Activity — system: token — 
2026-05-18 07:44:19.329 | INFO     | app.main:event_stream:110 - Agent Activity — system: token — 
2026-05-18 07:44:19.330 | INFO     | app.main:event_stream:110 - Agent Activity — system: token — 
2026-05-18 07:44:19.331 | INFO     | app.main:event_stream:110 - Agent Activity — system: token — 
2026-05-18 07:44:19.331 | INFO     | app.main:event_stream:110 - Agent Activity — system: token — 
2026-05-18 07:44:19.332 | INFO     | app.main:event_stream:110 - Agent Activity — system: token — 
2026-05-18 07:44:19.333 | INFO     | app.main:event_stream:110 - Agent Activity — system: token — 
2026-05-18 07:44:19.334 | INFO     | app.main:event_stream:110 - Agent Activity — system: token — 
2026-05-18 07:44:19.335 | INFO     | app.main:event_stream:110 - Agent Activity — system: token — 
2026-05-18 07:44:19.336 | INFO     | app.main:event_stream:110 - Agent Activity — system: token — 
2026-05-18 07:44:19.336 | INFO     | app.main:event_stream:110 - Agent Activity — system: token — 
2026-05-18 07:44:19.337 | INFO     | app.main:event_stream:110 - Agent Activity — system: token — 
2026-05-18 07:44:19.338 | INFO     | app.main:event_stream:110 - Agent Activity — system: token — 
2026-05-18 07:44:19.339 | INFO     | app.main:event_stream:110 - Agent Activity — system: token — 
2026-05-18 07:44:19.340 | INFO     | app.main:event_stream:110 - Agent Activity — system: token — 
2026-05-18 07:44:19.341 | INFO     | app.main:event_stream:110 - Agent Activity — system: token — 
2026-05-18 07:44:19.343 | INFO     | app.main:event_stream:110 - Agent Activity — system: token — 
2026-05-18 07:44:19.346 | INFO     | app.main:event_stream:110 - Agent Activity — system: token — 
2026-05-18 07:44:19.347 | INFO     | app.main:event_stream:110 - Agent Activity — system: token — 
2026-05-18 07:44:19.348 | INFO     | app.main:event_stream:110 - Agent Activity — system: token — 
2026-05-18 07:44:19.349 | INFO     | app.main:event_stream:110 - Agent Activity — system: token — 
2026-05-18 07:44:19.351 | INFO     | app.main:event_stream:110 - Agent Activity — system: token — 
2026-05-18 07:44:19.352 | INFO     | app.main:event_stream:110 - Agent Activity — system: token — 
2026-05-18 07:44:19.353 | INFO     | app.main:event_stream:110 - Agent Activity — system: token — 
2026-05-18 07:44:19.354 | INFO     | app.main:event_stream:110 - Agent Activity — system: token — 
2026-05-18 07:44:19.356 | INFO     | app.main:event_stream:110 - Agent Activity — system: token — 
2026-05-18 07:44:19.359 | INFO     | app.main:event_stream:110 - Agent Activity — system: token — 
2026-05-18 07:44:19.361 | INFO     | app.main:event_stream:110 - Agent Activity — system: token — 
2026-05-18 07:44:19.362 | INFO     | app.main:event_stream:110 - Agent Activity — system: token — 
2026-05-18 07:44:19.364 | INFO     | app.main:event_stream:110 - Agent Activity — system: token — 
2026-05-18 07:44:19.366 | INFO     | app.main:event_stream:110 - Agent Activity — system: token — 
2026-05-18 07:44:19.367 | INFO     | app.main:event_stream:110 - Agent Activity — system: token — 
2026-05-18 07:44:19.368 | INFO     | app.main:event_stream:110 - Agent Activity — system: token — 
2026-05-18 07:44:19.369 | INFO     | app.main:event_stream:110 - Agent Activity — system: token — 
2026-05-18 07:44:19.370 | INFO     | app.main:event_stream:110 - Agent Activity — system: token — 
2026-05-18 07:44:19.371 | INFO     | app.main:event_stream:110 - Agent Activity — system: token — 
2026-05-18 07:44:19.371 | INFO     | app.main:event_stream:110 - Agent Activity — system: token — 
2026-05-18 07:44:19.372 | INFO     | app.main:event_stream:110 - Agent Activity — system: token — 
2026-05-18 07:44:19.374 | INFO     | app.main:event_stream:110 - Agent Activity — system: token — 
2026-05-18 07:44:19.376 | INFO     | app.main:event_stream:110 - Agent Activity — system: token — 
2026-05-18 07:44:19.378 | INFO     | app.main:event_stream:110 - Agent Activity — system: token — 
2026-05-18 07:44:19.380 | INFO     | app.main:event_stream:110 - Agent Activity — system: token — 
2026-05-18 07:44:19.381 | INFO     | app.main:event_stream:110 - Agent Activity — system: token — 
2026-05-18 07:44:19.383 | INFO     | app.main:event_stream:110 - Agent Activity — system: token — 
2026-05-18 07:44:19.384 | INFO     | app.main:event_stream:110 - Agent Activity — system: token — 
2026-05-18 07:44:19.386 | INFO     | app.main:event_stream:110 - Agent Activity — system: token — 
2026-05-18 07:44:19.389 | INFO     | app.main:event_stream:110 - Agent Activity — system: token — 
2026-05-18 07:44:19.392 | INFO     | app.main:event_stream:110 - Agent Activity — system: token — 
2026-05-18 07:44:19.394 | INFO     | app.main:event_stream:110 - Agent Activity — system: token — 
2026-05-18 07:44:19.395 | INFO     | app.main:event_stream:110 - Agent Activity — system: token — 
2026-05-18 07:44:19.397 | INFO     | app.main:event_stream:110 - Agent Activity — system: token — 
2026-05-18 07:44:19.399 | INFO     | app.main:event_stream:110 - Agent Activity — system: token — 
2026-05-18 07:44:19.401 | INFO     | app.main:event_stream:110 - Agent Activity — system: token — 
2026-05-18 07:44:19.402 | INFO     | app.main:event_stream:110 - Agent Activity — system: token — 
2026-05-18 07:44:19.403 | INFO     | app.main:event_stream:110 - Agent Activity — system: token — 
2026-05-18 07:44:19.404 | INFO     | app.main:event_stream:110 - Agent Activity — system: token — 
2026-05-18 07:44:19.405 | INFO     | app.main:event_stream:110 - Agent Activity — system: token — 
2026-05-18 07:44:19.407 | INFO     | app.main:event_stream:110 - Agent Activity — system: token — 
2026-05-18 07:44:19.409 | INFO     | app.main:event_stream:110 - Agent Activity — system: token — 
2026-05-18 07:44:19.410 | INFO     | app.main:event_stream:110 - Agent Activity — system: token — 
2026-05-18 07:44:19.411 | INFO     | app.main:event_stream:110 - Agent Activity — system: token — 
2026-05-18 07:44:19.412 | INFO     | app.main:event_stream:110 - Agent Activity — system: token — 
2026-05-18 07:44:19.413 | INFO     | app.main:event_stream:110 - Agent Activity — system: token — 
2026-05-18 07:44:19.414 | INFO     | app.main:event_stream:110 - Agent Activity — system: token — 
2026-05-18 07:44:19.415 | INFO     | app.main:event_stream:110 - Agent Activity — system: token — 
2026-05-18 07:44:19.416 | INFO     | app.main:event_stream:110 - Agent Activity — system: token — 
2026-05-18 07:44:19.417 | INFO     | app.main:event_stream:110 - Agent Activity — system: token — 
2026-05-18 07:44:19.419 | INFO     | app.main:event_stream:110 - Agent Activity — system: token — 
2026-05-18 07:44:19.422 | INFO     | app.main:event_stream:110 - Agent Activity — system: token — 
2026-05-18 07:44:19.423 | INFO     | app.main:event_stream:110 - Agent Activity — system: token — 
2026-05-18 07:44:19.426 | INFO     | app.main:event_stream:110 - Agent Activity — system: token — 
2026-05-18 07:44:19.428 | INFO     | app.main:event_stream:110 - Agent Activity — system: token — 
2026-05-18 07:44:19.429 | INFO     | app.main:event_stream:110 - Agent Activity — system: token — 
2026-05-18 07:44:19.430 | INFO     | app.main:event_stream:110 - Agent Activity — system: token — 
2026-05-18 07:44:19.430 | INFO     | app.main:event_stream:110 - Agent Activity — system: token — 
2026-05-18 07:44:19.431 | INFO     | app.main:event_stream:110 - Agent Activity — system: token — 
2026-05-18 07:44:19.431 | INFO     | app.main:event_stream:110 - Agent Activity — system: token — 
2026-05-18 07:44:19.432 | INFO     | app.main:event_stream:110 - Agent Activity — system: token — 
2026-05-18 07:44:19.433 | INFO     | app.main:event_stream:110 - Agent Activity — system: token — 
2026-05-18 07:44:19.434 | INFO     | app.main:event_stream:110 - Agent Activity — system: token — 
2026-05-18 07:44:19.435 | INFO     | app.main:event_stream:110 - Agent Activity — system: token — 
2026-05-18 07:44:19.436 | INFO     | app.main:event_stream:110 - Agent Activity — system: token — 
2026-05-18 07:44:19.438 | INFO     | app.main:event_stream:110 - Agent Activity — system: token — 
2026-05-18 07:44:19.441 | INFO     | app.main:event_stream:110 - Agent Activity — system: token — 
2026-05-18 07:44:19.443 | INFO     | app.main:event_stream:110 - Agent Activity — system: token — 
2026-05-18 07:44:19.445 | INFO     | app.main:event_stream:110 - Agent Activity — system: token — 
2026-05-18 07:44:19.445 | INFO     | app.main:event_stream:110 - Agent Activity — system: token — 
2026-05-18 07:44:19.446 | INFO     | app.main:event_stream:110 - Agent Activity — system: token — 
2026-05-18 07:44:19.447 | INFO     | app.main:event_stream:110 - Agent Activity — system: token — 
2026-05-18 07:44:19.448 | INFO     | app.main:event_stream:110 - Agent Activity — system: token — 
2026-05-18 07:44:19.449 | INFO     | app.main:event_stream:110 - Agent Activity — system: token — 
2026-05-18 07:44:19.451 | INFO     | app.main:event_stream:110 - Agent Activity — system: token — 
2026-05-18 07:44:19.454 | INFO     | app.main:event_stream:110 - Agent Activity — system: token — 
2026-05-18 07:44:19.456 | INFO     | app.main:event_stream:110 - Agent Activity — system: token — 
2026-05-18 07:44:19.458 | INFO     | app.main:event_stream:110 - Agent Activity — system: token — 
2026-05-18 07:44:19.459 | INFO     | app.main:event_stream:110 - Agent Activity — system: token — 
2026-05-18 07:44:19.460 | INFO     | app.main:event_stream:110 - Agent Activity — system: token — 
2026-05-18 07:44:19.461 | INFO     | app.main:event_stream:110 - Agent Activity — system: token — 
2026-05-18 07:44:19.462 | INFO     | app.main:event_stream:110 - Agent Activity — system: token — 
2026-05-18 07:44:19.463 | INFO     | app.main:event_stream:110 - Agent Activity — system: token — 
2026-05-18 07:44:19.464 | INFO     | app.main:event_stream:110 - Agent Activity — system: token — 
2026-05-18 07:44:19.464 | INFO     | app.main:event_stream:110 - Agent Activity — system: token — 
2026-05-18 07:44:19.465 | INFO     | app.main:event_stream:110 - Agent Activity — system: token — 
2026-05-18 07:44:19.466 | INFO     | app.main:event_stream:110 - Agent Activity — system: token — 
2026-05-18 07:44:19.468 | INFO     | app.main:event_stream:110 - Agent Activity — system: token — 
2026-05-18 07:44:19.469 | INFO     | app.main:event_stream:110 - Agent Activity — system: token — 
2026-05-18 07:44:19.470 | INFO     | app.main:event_stream:110 - Agent Activity — system: token — 
2026-05-18 07:44:19.474 | INFO     | app.main:event_stream:110 - Agent Activity — system: token — 
2026-05-18 07:44:19.476 | INFO     | app.main:event_stream:110 - Agent Activity — system: token — 
2026-05-18 07:44:19.478 | INFO     | app.main:event_stream:110 - Agent Activity — system: token — 
2026-05-18 07:44:19.480 | INFO     | app.main:event_stream:110 - Agent Activity — system: token — 
2026-05-18 07:44:19.481 | INFO     | app.main:event_stream:110 - Agent Activity — system: token — 
2026-05-18 07:44:19.482 | INFO     | app.main:event_stream:110 - Agent Activity — system: token — 
2026-05-18 07:44:19.483 | INFO     | app.main:event_stream:110 - Agent Activity — system: token — 
2026-05-18 07:44:19.484 | INFO     | app.main:event_stream:110 - Agent Activity — system: token — 
2026-05-18 07:44:19.485 | INFO     | app.main:event_stream:110 - Agent Activity — system: token — 
2026-05-18 07:44:19.487 | INFO     | app.main:event_stream:110 - Agent Activity — system: token — 
2026-05-18 07:44:19.493 | INFO     | app.main:event_stream:110 - Agent Activity — system: token — 
2026-05-18 07:44:19.496 | INFO     | app.main:event_stream:110 - Agent Activity — system: token — 
2026-05-18 07:44:19.498 | INFO     | app.main:event_stream:110 - Agent Activity — system: token — 
2026-05-18 07:44:19.500 | INFO     | app.main:event_stream:110 - Agent Activity — system: token — 
2026-05-18 07:44:19.501 | INFO     | app.main:event_stream:110 - Agent Activity — system: token — 
2026-05-18 07:44:19.502 | INFO     | app.main:event_stream:110 - Agent Activity — system: token — 
2026-05-18 07:44:19.504 | INFO     | app.main:event_stream:110 - Agent Activity — system: token — 
2026-05-18 07:44:19.505 | INFO     | app.main:event_stream:110 - Agent Activity — system: token — 
2026-05-18 07:44:19.506 | INFO     | app.main:event_stream:110 - Agent Activity — system: token — 
2026-05-18 07:44:19.508 | INFO     | app.main:event_stream:110 - Agent Activity — system: token — 
2026-05-18 07:44:19.509 | INFO     | app.main:event_stream:110 - Agent Activity — system: token — 
2026-05-18 07:44:19.510 | INFO     | app.main:event_stream:110 - Agent Activity — system: token — 
2026-05-18 07:44:19.511 | INFO     | app.main:event_stream:110 - Agent Activity — system: token — 
2026-05-18 07:44:19.511 | INFO     | app.main:event_stream:110 - Agent Activity — system: token — 
2026-05-18 07:44:19.512 | INFO     | app.main:event_stream:110 - Agent Activity — system: token — 
2026-05-18 07:44:19.513 | INFO     | app.main:event_stream:110 - Agent Activity — system: token — 
2026-05-18 07:44:19.514 | INFO     | app.main:event_stream:110 - Agent Activity — system: token — 
2026-05-18 07:44:19.515 | INFO     | app.main:event_stream:110 - Agent Activity — system: token — 
2026-05-18 07:44:19.517 | INFO     | app.main:event_stream:110 - Agent Activity — system: token — 
2026-05-18 07:44:19.520 | INFO     | app.main:event_stream:110 - Agent Activity — system: token — 
2026-05-18 07:44:19.523 | INFO     | app.main:event_stream:110 - Agent Activity — system: token — 
2026-05-18 07:44:19.526 | INFO     | app.main:event_stream:110 - Agent Activity — system: token — 
2026-05-18 07:44:19.528 | INFO     | app.main:event_stream:110 - Agent Activity — system: token — 
2026-05-18 07:44:19.530 | INFO     | app.main:event_stream:110 - Agent Activity — system: token — 
2026-05-18 07:44:19.531 | INFO     | app.main:event_stream:110 - Agent Activity — system: token — 
2026-05-18 07:44:19.532 | INFO     | app.main:event_stream:110 - Agent Activity — system: token — 
2026-05-18 07:44:19.532 | INFO     | app.main:event_stream:110 - Agent Activity — system: token — 
2026-05-18 07:44:19.533 | INFO     | app.main:event_stream:110 - Agent Activity — system: token — 
2026-05-18 07:44:19.534 | INFO     | app.main:event_stream:110 - Agent Activity — system: token — 
2026-05-18 07:44:19.535 | INFO     | app.main:event_stream:110 - Agent Activity — system: token — 
2026-05-18 07:44:19.536 | INFO     | app.main:event_stream:110 - Agent Activity — system: token — 
2026-05-18 07:44:19.537 | INFO     | app.main:event_stream:110 - Agent Activity — system: token — 
2026-05-18 07:44:19.539 | INFO     | app.main:event_stream:110 - Agent Activity — system: token — 
2026-05-18 07:44:19.544 | INFO     | app.main:event_stream:110 - Agent Activity — system: token — 
2026-05-18 07:44:19.545 | INFO     | app.main:event_stream:110 - Agent Activity — system: token — 
2026-05-18 07:44:19.546 | INFO     | app.main:event_stream:110 - Agent Activity — system: token — 
2026-05-18 07:44:19.547 | INFO     | app.main:event_stream:110 - Agent Activity — system: token — 
2026-05-18 07:44:19.547 | INFO     | app.main:event_stream:110 - Agent Activity — system: token — 
2026-05-18 07:44:19.548 | INFO     | app.main:event_stream:110 - Agent Activity — system: token — 
2026-05-18 07:44:19.549 | INFO     | app.main:event_stream:110 - Agent Activity — system: token — 
2026-05-18 07:44:19.549 | INFO     | app.main:event_stream:110 - Agent Activity — system: token — 
2026-05-18 07:44:19.551 | INFO     | app.main:event_stream:110 - Agent Activity — system: token — 
2026-05-18 07:44:19.552 | INFO     | app.main:event_stream:110 - Agent Activity — system: token — 
2026-05-18 07:44:19.554 | INFO     | app.main:event_stream:110 - Agent Activity — system: token — 
2026-05-18 07:44:19.558 | INFO     | app.main:event_stream:110 - Agent Activity — system: token — 
2026-05-18 07:44:19.562 | INFO     | app.main:event_stream:110 - Agent Activity — system: token — 
2026-05-18 07:44:19.563 | INFO     | app.main:event_stream:110 - Agent Activity — system: token — 
2026-05-18 07:44:19.564 | INFO     | app.main:event_stream:110 - Agent Activity — system: token — 
2026-05-18 07:44:19.564 | INFO     | app.main:event_stream:110 - Agent Activity — system: token — 
2026-05-18 07:44:19.565 | INFO     | app.main:event_stream:110 - Agent Activity — system: token — 
2026-05-18 07:44:19.566 | INFO     | app.main:event_stream:110 - Agent Activity — system: token — 
2026-05-18 07:44:19.567 | INFO     | app.main:event_stream:110 - Agent Activity — system: token — 
2026-05-18 07:44:19.569 | INFO     | app.main:event_stream:110 - Agent Activity — system: token — 
2026-05-18 07:44:19.570 | INFO     | app.main:event_stream:110 - Agent Activity — system: token — 
2026-05-18 07:44:19.575 | INFO     | app.main:event_stream:110 - Agent Activity — system: token — 
2026-05-18 07:44:19.577 | INFO     | app.main:event_stream:110 - Agent Activity — system: token — 
2026-05-18 07:44:19.579 | INFO     | app.main:event_stream:110 - Agent Activity — system: token — 
2026-05-18 07:44:19.581 | INFO     | app.main:event_stream:110 - Agent Activity — system: token — 
2026-05-18 07:44:19.583 | INFO     | app.main:event_stream:110 - Agent Activity — system: token — 
2026-05-18 07:44:19.586 | INFO     | app.main:event_stream:110 - Agent Activity — system: token — 
2026-05-18 07:44:19.588 | INFO     | app.main:event_stream:110 - Agent Activity — system: token — 
2026-05-18 07:44:19.589 | INFO     | app.main:event_stream:110 - Agent Activity — system: token — 
2026-05-18 07:44:19.591 | INFO     | app.main:event_stream:110 - Agent Activity — system: token — 
2026-05-18 07:44:19.594 | INFO     | app.main:event_stream:110 - Agent Activity — system: token — 
2026-05-18 07:44:19.596 | INFO     | app.main:event_stream:110 - Agent Activity — system: token — 
2026-05-18 07:44:19.599 | INFO     | app.main:event_stream:110 - Agent Activity — system: token — 
2026-05-18 07:44:19.603 | INFO     | app.main:event_stream:110 - Agent Activity — system: token — 
2026-05-18 07:44:19.606 | INFO     | app.main:event_stream:110 - Agent Activity — system: token — 
2026-05-18 07:44:19.610 | INFO     | app.main:event_stream:110 - Agent Activity — system: token — 
2026-05-18 07:44:19.612 | INFO     | app.main:event_stream:110 - Agent Activity — system: token — 
2026-05-18 07:44:19.614 | INFO     | app.main:event_stream:110 - Agent Activity — system: token — 
2026-05-18 07:44:19.616 | INFO     | app.main:event_stream:110 - Agent Activity — system: token — 
2026-05-18 07:44:19.621 | INFO     | app.main:event_stream:110 - Agent Activity — system: token — 
2026-05-18 07:44:19.626 | INFO     | app.main:event_stream:110 - Agent Activity — system: token — 
2026-05-18 07:44:19.628 | INFO     | app.main:event_stream:110 - Agent Activity — system: token — 
2026-05-18 07:44:19.629 | INFO     | app.main:event_stream:110 - Agent Activity — system: token — 
2026-05-18 07:44:19.630 | INFO     | app.main:event_stream:110 - Agent Activity — system: token — 
2026-05-18 07:44:19.631 | INFO     | app.main:event_stream:110 - Agent Activity — system: token — 
2026-05-18 07:44:19.632 | INFO     | app.main:event_stream:110 - Agent Activity — system: token — 
2026-05-18 07:44:19.632 | INFO     | app.main:event_stream:110 - Agent Activity — system: token — 
2026-05-18 07:44:19.633 | INFO     | app.main:event_stream:110 - Agent Activity — system: token — 
2026-05-18 07:44:19.635 | INFO     | app.main:event_stream:110 - Agent Activity — system: token — 
2026-05-18 07:44:19.636 | INFO     | app.main:event_stream:110 - Agent Activity — system: token — 
2026-05-18 07:44:19.638 | INFO     | app.main:event_stream:110 - Agent Activity — system: token — 
2026-05-18 07:44:19.641 | INFO     | app.main:event_stream:110 - Agent Activity — system: token — 
2026-05-18 07:44:19.642 | INFO     | app.main:event_stream:110 - Agent Activity — system: token — 
2026-05-18 07:44:19.643 | INFO     | app.main:event_stream:110 - Agent Activity — system: token — 
2026-05-18 07:44:19.644 | INFO     | app.main:event_stream:110 - Agent Activity — system: token — 
2026-05-18 07:44:19.644 | INFO     | app.main:event_stream:110 - Agent Activity — system: token — 
2026-05-18 07:44:19.645 | INFO     | app.main:event_stream:110 - Agent Activity — system: token — 
2026-05-18 07:44:19.646 | INFO     | app.main:event_stream:110 - Agent Activity — system: token — 
2026-05-18 07:44:19.647 | INFO     | app.main:event_stream:110 - Agent Activity — system: token — 
2026-05-18 07:44:19.648 | INFO     | app.main:event_stream:110 - Agent Activity — system: token — 
2026-05-18 07:44:19.651 | INFO     | app.main:event_stream:110 - Agent Activity — system: token — 
2026-05-18 07:44:19.655 | INFO     | app.main:event_stream:110 - Agent Activity — system: token — 
2026-05-18 07:44:19.657 | INFO     | app.main:event_stream:110 - Agent Activity — system: token — 
2026-05-18 07:44:19.659 | INFO     | app.main:event_stream:110 - Agent Activity — system: token — 
2026-05-18 07:44:19.660 | INFO     | app.main:event_stream:110 - Agent Activity — system: token — 
2026-05-18 07:44:19.660 | INFO     | app.main:event_stream:110 - Agent Activity — system: token — 
2026-05-18 07:44:19.661 | INFO     | app.main:event_stream:110 - Agent Activity — system: token — 
2026-05-18 07:44:19.662 | INFO     | app.main:event_stream:110 - Agent Activity — system: token — 
2026-05-18 07:44:19.663 | INFO     | app.main:event_stream:110 - Agent Activity — system: token — 
2026-05-18 07:44:19.664 | INFO     | app.main:event_stream:110 - Agent Activity — system: token — 
2026-05-18 07:44:19.665 | INFO     | app.main:event_stream:110 - Agent Activity — system: token — 
2026-05-18 07:44:19.666 | INFO     | app.main:event_stream:110 - Agent Activity — system: token — 
2026-05-18 07:44:19.667 | INFO     | app.main:event_stream:110 - Agent Activity — system: token — 
2026-05-18 07:44:19.669 | INFO     | app.main:event_stream:110 - Agent Activity — system: token — 
2026-05-18 07:44:19.670 | INFO     | app.main:event_stream:110 - Agent Activity — system: token — 
2026-05-18 07:44:19.672 | INFO     | app.main:event_stream:110 - Agent Activity — system: token — 
2026-05-18 07:44:19.673 | INFO     | app.main:event_stream:110 - Agent Activity — system: token — 
2026-05-18 07:44:19.674 | INFO     | app.main:event_stream:110 - Agent Activity — system: token — 
2026-05-18 07:44:19.675 | INFO     | app.main:event_stream:110 - Agent Activity — system: token — 
2026-05-18 07:44:19.676 | INFO     | app.main:event_stream:110 - Agent Activity — system: token — 
2026-05-18 07:44:19.677 | INFO     | app.main:event_stream:110 - Agent Activity — system: token — 
2026-05-18 07:44:19.678 | INFO     | app.main:event_stream:110 - Agent Activity — system: token — 
2026-05-18 07:44:19.679 | INFO     | app.main:event_stream:110 - Agent Activity — system: token — 
2026-05-18 07:44:19.680 | INFO     | app.main:event_stream:110 - Agent Activity — system: token — 
2026-05-18 07:44:19.682 | INFO     | app.main:event_stream:110 - Agent Activity — system: token — 
2026-05-18 07:44:19.683 | INFO     | app.main:event_stream:110 - Agent Activity — system: token — 
2026-05-18 07:44:19.686 | INFO     | app.main:event_stream:110 - Agent Activity — system: token — 
2026-05-18 07:44:19.690 | INFO     | app.main:event_stream:110 - Agent Activity — system: token — 
2026-05-18 07:44:19.692 | INFO     | app.main:event_stream:110 - Agent Activity — system: token — 
2026-05-18 07:44:19.695 | INFO     | app.main:event_stream:110 - Agent Activity — system: token — 
2026-05-18 07:44:19.697 | INFO     | app.main:event_stream:110 - Agent Activity — system: token — 
2026-05-18 07:44:19.698 | INFO     | app.main:event_stream:110 - Agent Activity — system: token — 
2026-05-18 07:44:19.699 | INFO     | app.main:event_stream:110 - Agent Activity — system: token — 
2026-05-18 07:44:19.701 | INFO     | app.main:event_stream:110 - Agent Activity — system: token — 
2026-05-18 07:44:19.702 | INFO     | app.main:event_stream:110 - Agent Activity — system: token — 
2026-05-18 07:44:19.703 | INFO     | app.main:event_stream:110 - Agent Activity — system: token — 
2026-05-18 07:44:19.704 | INFO     | app.main:event_stream:110 - Agent Activity — system: token — 
2026-05-18 07:44:19.705 | INFO     | app.main:event_stream:110 - Agent Activity — system: token — 
2026-05-18 07:44:19.707 | INFO     | app.main:event_stream:110 - Agent Activity — system: token — 
2026-05-18 07:44:19.708 | INFO     | app.main:event_stream:110 - Agent Activity — system: token — 
2026-05-18 07:44:19.709 | INFO     | app.main:event_stream:110 - Agent Activity — system: token — 
2026-05-18 07:44:19.710 | INFO     | app.main:event_stream:110 - Agent Activity — system: token — 
2026-05-18 07:44:19.711 | INFO     | app.main:event_stream:110 - Agent Activity — system: token — 
2026-05-18 07:44:19.712 | INFO     | app.main:event_stream:110 - Agent Activity — system: token — 
2026-05-18 07:44:19.714 | INFO     | app.main:event_stream:110 - Agent Activity — system: token — 
2026-05-18 07:44:19.716 | INFO     | app.main:event_stream:110 - Agent Activity — system: token — 
2026-05-18 07:44:19.718 | INFO     | app.main:event_stream:110 - Agent Activity — system: token — 
2026-05-18 07:44:19.721 | INFO     | app.main:event_stream:110 - Agent Activity — system: token — 
2026-05-18 07:44:19.723 | INFO     | app.main:event_stream:110 - Agent Activity — system: token — 
2026-05-18 07:44:19.725 | INFO     | app.main:event_stream:110 - Agent Activity — system: token — 
2026-05-18 07:44:19.727 | INFO     | app.main:event_stream:110 - Agent Activity — system: token — 
2026-05-18 07:44:19.728 | INFO     | app.main:event_stream:110 - Agent Activity — system: token — 
2026-05-18 07:44:19.729 | INFO     | app.main:event_stream:110 - Agent Activity — system: token — 
2026-05-18 07:44:19.730 | INFO     | app.main:event_stream:110 - Agent Activity — system: token — 
2026-05-18 07:44:19.731 | INFO     | app.main:event_stream:110 - Agent Activity — system: token — 
2026-05-18 07:44:19.732 | INFO     | app.main:event_stream:110 - Agent Activity — system: token — 
2026-05-18 07:44:19.732 | INFO     | app.main:event_stream:110 - Agent Activity — system: token — 
2026-05-18 07:44:19.733 | INFO     | app.main:event_stream:110 - Agent Activity — system: token — 
2026-05-18 07:44:19.735 | INFO     | app.main:event_stream:110 - Agent Activity — system: token — 
2026-05-18 07:44:19.736 | INFO     | app.main:event_stream:110 - Agent Activity — system: token — 
2026-05-18 07:44:19.737 | INFO     | app.main:event_stream:110 - Agent Activity — system: token — 
2026-05-18 07:44:19.739 | INFO     | app.main:event_stream:110 - Agent Activity — system: token — 
2026-05-18 07:44:19.741 | INFO     | app.main:event_stream:110 - Agent Activity — system: token — 
2026-05-18 07:44:19.742 | INFO     | app.main:event_stream:110 - Agent Activity — system: token — 
2026-05-18 07:44:19.743 | INFO     | app.main:event_stream:110 - Agent Activity — system: token — 
2026-05-18 07:44:19.744 | INFO     | app.main:event_stream:110 - Agent Activity — system: token — 
2026-05-18 07:44:19.745 | INFO     | app.main:event_stream:110 - Agent Activity — system: token — 
2026-05-18 07:44:19.746 | INFO     | app.main:event_stream:110 - Agent Activity — system: token — 
2026-05-18 07:44:19.747 | INFO     | app.main:event_stream:110 - Agent Activity — system: token — 
2026-05-18 07:44:19.748 | INFO     | app.main:event_stream:110 - Agent Activity — system: token — 
2026-05-18 07:44:19.749 | INFO     | app.main:event_stream:110 - Agent Activity — system: token — 
2026-05-18 07:44:19.752 | INFO     | app.main:event_stream:110 - Agent Activity — system: token — 
2026-05-18 07:44:19.756 | INFO     | app.main:event_stream:110 - Agent Activity — system: token — 
2026-05-18 07:44:19.760 | INFO     | app.main:event_stream:110 - Agent Activity — system: token — 
2026-05-18 07:44:19.766 | INFO     | app.main:event_stream:110 - Agent Activity — system: token — 
2026-05-18 07:44:19.769 | INFO     | app.main:event_stream:110 - Agent Activity — system: token — 
2026-05-18 07:44:19.772 | INFO     | app.main:event_stream:110 - Agent Activity — system: token — 
2026-05-18 07:44:19.773 | INFO     | app.main:event_stream:110 - Agent Activity — system: token — 
2026-05-18 07:44:19.775 | INFO     | app.main:event_stream:110 - Agent Activity — system: token — 
2026-05-18 07:44:19.777 | INFO     | app.main:event_stream:110 - Agent Activity — system: token — 
2026-05-18 07:44:19.778 | INFO     | app.main:event_stream:110 - Agent Activity — system: token — 
2026-05-18 07:44:19.779 | INFO     | app.main:event_stream:110 - Agent Activity — system: token — 
2026-05-18 07:44:19.780 | INFO     | app.main:event_stream:110 - Agent Activity — system: token — 
2026-05-18 07:44:19.780 | INFO     | app.main:event_stream:110 - Agent Activity — system: token — 
2026-05-18 07:44:19.781 | INFO     | app.main:event_stream:110 - Agent Activity — system: token — 
2026-05-18 07:44:19.782 | INFO     | app.main:event_stream:110 - Agent Activity — system: token — 
2026-05-18 07:44:19.784 | INFO     | app.main:event_stream:110 - Agent Activity — system: token — 
2026-05-18 07:44:19.787 | INFO     | app.main:event_stream:110 - Agent Activity — system: token — 
2026-05-18 07:44:19.791 | INFO     | app.main:event_stream:110 - Agent Activity — system: token — 
2026-05-18 07:44:19.794 | INFO     | app.main:event_stream:110 - Agent Activity — system: token — 
2026-05-18 07:44:19.796 | INFO     | app.main:event_stream:110 - Agent Activity — system: token — 
2026-05-18 07:44:19.797 | INFO     | app.main:event_stream:110 - Agent Activity — system: token — 
2026-05-18 07:44:19.798 | INFO     | app.main:event_stream:110 - Agent Activity — system: token — 
2026-05-18 07:44:19.799 | INFO     | app.main:event_stream:110 - Agent Activity — system: token — 
2026-05-18 07:44:19.800 | INFO     | app.main:event_stream:110 - Agent Activity — system: token — 
2026-05-18 07:44:19.802 | INFO     | app.main:event_stream:110 - Agent Activity — market: agent_start — Finding cross-platform deals for ASTRIDE Ergofit Ergonomic Offi...
2026-05-18 07:44:19.803 | INFO     | app.agents.market_agent:find_best_deals:258 - Finding best deals for: ASTRIDE Ergofit Ergonomic Office Chair
2026-05-18 07:44:22.454 | INFO     | app.services.search_service:search_deals_for_product:243 - Deal search returned 8 results for 'ASTRIDE Ergofit Ergonomic Office Chair'
2026-05-18 07:44:27.840 | INFO     | app.main:event_stream:110 - Agent Activity — market: agent_complete — Found 4 cross-platform deals
2026-05-18 07:44:27.843 | INFO     | app.main:event_stream:110 - Agent Activity — system: final_result — Research complete! See the dashboard for details.
2026-05-18 07:44:27.847 | INFO     | app.main:event_stream:110 - Agent Activity — system: done — 
2026-05-18 08:11:56.640 | INFO     | app.main:lifespan:42 - 👋 VeriBuy Backend shutting down
2026-05-18 09:04:22.189 | INFO     | app.main:lifespan:32 - 🚀 VeriBuy Backend starting...
2026-05-18 09:04:22.189 | INFO     | app.main:lifespan:37 - ✅ HuggingFace API connected — model: qwen3:0.6b
2026-05-18 09:05:26.622 | INFO     | app.main:lifespan:32 - 🚀 VeriBuy Backend starting...
2026-05-18 09:05:26.622 | INFO     | app.main:lifespan:37 - ✅ HuggingFace API connected — model: qwen3:0.6b
2026-05-18 09:05:48.766 | INFO     | app.main:lifespan:42 - 👋 VeriBuy Backend shutting down
